{
 "type": "FeatureCollection",
 "name": "yamanote-near-landmarks",
 "properties": {
  "layer": "DATA_STATIC",
  "source": "OpenStreetMap",
  "sourceId": "osm",
  "license": "ODbL 1.0",
  "attribution": "© les contributeurs OpenStreetMap",
  "sourceUrl": "https://www.openstreetmap.org/copyright",
  "datasetDate": "2026-08-05",
  "verifiedAt": "2026-08-06",
  "measured": true,
  "note": "Objets réels à moins de 2000 m de l’axe relevé des voies, choisis par CATÉGORIE (musée, lieu de culte, parc, site historique) et non par nom. La notoriété est lue dans l’étiquette wikidata. src/data/nearLandmarks.ts n’en garde qu’un par gare et par famille ; celui-ci les porte tous.",
  "generatedBy": "scripts/geo/fetch-near.mjs",
  "reach": 2000
 },
 "features": [
  {
   "type": "Feature",
   "properties": {
    "id": "osm-node-250668618",
    "osmType": "node",
    "osmId": 250668618,
    "name": "アーティゾン美術館",
    "nameEn": "Artizon Museum",
    "family": "museum",
    "kind": "museumFacade",
    "wikidata": "Q913808",
    "lon": 139.772129,
    "lat": 35.678749,
    "x": 504.6,
    "z": 276.8,
    "distance": 560,
    "station": 0,
    "stationName": "Tokyo",
    "fromStation": 576,
    "picked": false
   },
   "geometry": {
    "type": "Point",
    "coordinates": [
     139.772129,
     35.678749
    ]
   }
  },
  {
   "type": "Feature",
   "properties": {
    "id": "osm-node-250668627",
    "osmType": "node",
    "osmId": 250668627,
    "name": "東京都写真美術館",
    "nameEn": "Tokyo Photographic Art Museum",
    "family": "museum",
    "kind": "museumFacade",
    "wikidata": "Q862884",
    "lon": 139.713396,
    "lat": 35.641543,
    "x": -4802.8,
    "z": 4417.6,
    "distance": 39,
    "station": 20,
    "stationName": "Ebisu",
    "fromStation": 616,
    "picked": true
   },
   "geometry": {
    "type": "Point",
    "coordinates": [
     139.713396,
     35.641543
    ]
   }
  },
  {
   "type": "Feature",
   "properties": {
    "id": "osm-node-260408025",
    "osmType": "node",
    "osmId": 260408025,
    "name": "烏森神社",
    "nameEn": "Karasumori Shrine",
    "family": "worship",
    "kind": "templeRoof",
    "wikidata": "Q11567255",
    "lon": 139.756818,
    "lat": 35.666795,
    "x": -877.8,
    "z": 1606.7,
    "distance": 107,
    "station": 28,
    "stationName": "Shimbashi",
    "fromStation": 135,
    "picked": true
   },
   "geometry": {
    "type": "Point",
    "coordinates": [
     139.756818,
     35.666795
    ]
   }
  },
  {
   "type": "Feature",
   "properties": {
    "id": "osm-node-340381542",
    "osmType": "node",
    "osmId": 340381542,
    "name": "恵比寿神社",
    "nameEn": "Ebisu Shrine",
    "family": "worship",
    "kind": "templeRoof",
    "wikidata": "Q11492406",
    "lon": 139.707785,
    "lat": 35.647223,
    "x": -5312.3,
    "z": 3788.5,
    "distance": 166,
    "station": 20,
    "stationName": "Ebisu",
    "fromStation": 235,
    "picked": true
   },
   "geometry": {
    "type": "Point",
    "coordinates": [
     139.707785,
     35.647223
    ]
   }
  },
  {
   "type": "Feature",
   "properties": {
    "id": "osm-node-410166105",
    "osmType": "node",
    "osmId": 410166105,
    "name": "日本サッカーミュージアム",
    "nameEn": "Japan Football Museum",
    "family": "museum",
    "kind": "museumFacade",
    "wikidata": "Q11506477",
    "lon": 139.763943,
    "lat": 35.704255,
    "x": -243.9,
    "z": -2550.9,
    "distance": 906,
    "station": 3,
    "stationName": "Okachimachi",
    "fromStation": 1011,
    "picked": false
   },
   "geometry": {
    "type": "Point",
    "coordinates": [
     139.763943,
     35.704255
    ]
   }
  },
  {
   "type": "Feature",
   "properties": {
    "id": "osm-node-427893000",
    "osmType": "node",
    "osmId": 427893000,
    "name": "芝東照宮",
    "nameEn": "Shiba Toshogu",
    "family": "worship",
    "kind": "templeRoof",
    "wikidata": "Q11614668",
    "lon": 139.748626,
    "lat": 35.655096,
    "x": -1616.1,
    "z": 2906.5,
    "distance": 744,
    "station": 27,
    "stationName": "Hamamatsucho",
    "fromStation": 761,
    "picked": false
   },
   "geometry": {
    "type": "Point",
    "coordinates": [
     139.748626,
     35.655096
    ]
   }
  },
  {
   "type": "Feature",
   "properties": {
    "id": "osm-node-441655802",
    "osmType": "node",
    "osmId": 441655802,
    "name": "上野の森美術館",
    "nameEn": "The Ueno Royal Museum",
    "family": "museum",
    "kind": "museumFacade",
    "wikidata": "Q11360245",
    "lon": 139.774766,
    "lat": 35.712852,
    "x": 732.8,
    "z": -3507.4,
    "distance": 65,
    "station": 4,
    "stationName": "Ueno",
    "fromStation": 145,
    "picked": true
   },
   "geometry": {
    "type": "Point",
    "coordinates": [
     139.774766,
     35.712852
    ]
   }
  },
  {
   "type": "Feature",
   "properties": {
    "id": "osm-node-506125531",
    "osmType": "node",
    "osmId": 506125531,
    "name": "願行寺",
    "nameEn": "Gangyo-ji",
    "family": "worship",
    "kind": "templeRoof",
    "wikidata": "Q106836737",
    "lon": 139.758819,
    "lat": 35.718177,
    "x": -711.7,
    "z": -4094.2,
    "distance": 1507,
    "station": 6,
    "stationName": "Nippori",
    "fromStation": 1510,
    "picked": false
   },
   "geometry": {
    "type": "Point",
    "coordinates": [
     139.758819,
     35.718177
    ]
   }
  },
  {
   "type": "Feature",
   "properties": {
    "id": "osm-node-506176366",
    "osmType": "node",
    "osmId": 506176366,
    "name": "西教寺",
    "nameEn": "Saikyo-ji",
    "family": "worship",
    "kind": "templeRoof",
    "wikidata": "Q11628290",
    "lon": 139.759003,
    "lat": 35.717212,
    "x": -694.7,
    "z": -3987.3,
    "distance": 1560,
    "station": 6,
    "stationName": "Nippori",
    "fromStation": 1577,
    "picked": false
   },
   "geometry": {
    "type": "Point",
    "coordinates": [
     139.759003,
     35.717212
    ]
   }
  },
  {
   "type": "Feature",
   "properties": {
    "id": "osm-node-506214950",
    "osmType": "node",
    "osmId": 506214950,
    "name": "真島稲荷神社",
    "nameEn": "Maijima Inari Shrine",
    "family": "worship",
    "kind": "templeRoof",
    "wikidata": "Q111548907",
    "lon": 139.765924,
    "lat": 35.721049,
    "x": -69.7,
    "z": -4414.6,
    "distance": 831,
    "station": 6,
    "stationName": "Nippori",
    "fromStation": 868,
    "picked": false
   },
   "geometry": {
    "type": "Point",
    "coordinates": [
     139.765924,
     35.721049
    ]
   }
  },
  {
   "type": "Feature",
   "properties": {
    "id": "osm-node-508446313",
    "osmType": "node",
    "osmId": 508446313,
    "name": "二・二六事件慰霊像",
    "nameEn": "Memorial Monument of the 2.26 Incident",
    "family": "historic",
    "kind": "museumFacade",
    "wikidata": "Q117312077",
    "lon": 139.696958,
    "lat": 35.664323,
    "x": -6296.5,
    "z": 1893.5,
    "distance": 423,
    "station": 19,
    "stationName": "Shibuya",
    "fromStation": 818,
    "picked": true
   },
   "geometry": {
    "type": "Point",
    "coordinates": [
     139.696958,
     35.664323
    ]
   }
  },
  {
   "type": "Feature",
   "properties": {
    "id": "osm-node-625542881",
    "osmType": "node",
    "osmId": 625542881,
    "name": "東京バプテスト教会",
    "nameEn": "Tokyo Baptist Church",
    "family": "worship",
    "kind": "templeRoof",
    "wikidata": "Q7813834",
    "lon": 139.697555,
    "lat": 35.650424,
    "x": -6239.4,
    "z": 3435.3,
    "distance": 775,
    "station": 19,
    "stationName": "Shibuya",
    "fromStation": 930,
    "picked": false
   },
   "geometry": {
    "type": "Point",
    "coordinates": [
     139.697555,
     35.650424
    ]
   }
  },
  {
   "type": "Feature",
   "properties": {
    "id": "osm-node-703040018",
    "osmType": "node",
    "osmId": 703040018,
    "name": "伏見三宝稲荷神社",
    "nameEn": "Fushimi Sambo Inari-jinja Shrine",
    "family": "worship",
    "kind": "templeRoof",
    "wikidata": "Q1442645",
    "lon": 139.745392,
    "lat": 35.654234,
    "x": -1908.8,
    "z": 3002.8,
    "distance": 914,
    "station": 26,
    "stationName": "Tamachi",
    "fromStation": 963,
    "picked": false
   },
   "geometry": {
    "type": "Point",
    "coordinates": [
     139.745392,
     35.654234
    ]
   }
  },
  {
   "type": "Feature",
   "properties": {
    "id": "osm-node-703042172",
    "osmType": "node",
    "osmId": 703042172,
    "name": "妙定院",
    "nameEn": "Myojo-in Temple",
    "family": "worship",
    "kind": "templeRoof",
    "wikidata": "Q113385407",
    "lon": 139.746163,
    "lat": 35.654502,
    "x": -1839,
    "z": 2972.9,
    "distance": 904,
    "station": 26,
    "stationName": "Tamachi",
    "fromStation": 980,
    "picked": false
   },
   "geometry": {
    "type": "Point",
    "coordinates": [
     139.746163,
     35.654502
    ]
   }
  },
  {
   "type": "Feature",
   "properties": {
    "id": "osm-node-779020664",
    "osmType": "node",
    "osmId": 779020664,
    "name": "興安寺",
    "nameEn": null,
    "family": "worship",
    "kind": "templeRoof",
    "wikidata": "Q106836732",
    "lon": 139.757987,
    "lat": 35.703775,
    "x": -782.7,
    "z": -2496.2,
    "distance": 1421,
    "station": 2,
    "stationName": "Akihabara",
    "fromStation": 1486,
    "picked": false
   },
   "geometry": {
    "type": "Point",
    "coordinates": [
     139.757987,
     35.703775
    ]
   }
  },
  {
   "type": "Feature",
   "properties": {
    "id": "osm-node-820360466",
    "osmType": "node",
    "osmId": 820360466,
    "name": "大松寺",
    "nameEn": "Daishoji",
    "family": "worship",
    "kind": "templeRoof",
    "wikidata": "Q111905671",
    "lon": 139.741132,
    "lat": 35.647525,
    "x": -2292.7,
    "z": 3748.2,
    "distance": 494,
    "station": 26,
    "stationName": "Tamachi",
    "fromStation": 624,
    "picked": false
   },
   "geometry": {
    "type": "Point",
    "coordinates": [
     139.741132,
     35.647525
    ]
   }
  },
  {
   "type": "Feature",
   "properties": {
    "id": "osm-node-820360469",
    "osmType": "node",
    "osmId": 820360469,
    "name": "宝生院",
    "nameEn": "Hoshoin",
    "family": "worship",
    "kind": "templeRoof",
    "wikidata": "Q111905504",
    "lon": 139.740577,
    "lat": 35.64671,
    "x": -2342.7,
    "z": 3838.7,
    "distance": 464,
    "station": 26,
    "stationName": "Tamachi",
    "fromStation": 651,
    "picked": false
   },
   "geometry": {
    "type": "Point",
    "coordinates": [
     139.740577,
     35.64671
    ]
   }
  },
  {
   "type": "Feature",
   "properties": {
    "id": "osm-node-820360478",
    "osmType": "node",
    "osmId": 820360478,
    "name": "西藏院",
    "nameEn": "Saizoin",
    "family": "worship",
    "kind": "templeRoof",
    "wikidata": "Q111905624",
    "lon": 139.740909,
    "lat": 35.647234,
    "x": -2312.8,
    "z": 3780.5,
    "distance": 483,
    "station": 26,
    "stationName": "Tamachi",
    "fromStation": 634,
    "picked": false
   },
   "geometry": {
    "type": "Point",
    "coordinates": [
     139.740909,
     35.647234
    ]
   }
  },
  {
   "type": "Feature",
   "properties": {
    "id": "osm-node-820849494",
    "osmType": "node",
    "osmId": 820849494,
    "name": "旧新橋停車場鉄道歴史展示室",
    "nameEn": "Old Shimbashi Station Railway History Exhibition Hall",
    "family": "museum",
    "kind": "museumFacade",
    "wikidata": "Q104698226",
    "lon": 139.76162,
    "lat": 35.665946,
    "x": -442.8,
    "z": 1699.7,
    "distance": 312,
    "station": 28,
    "stationName": "Shimbashi",
    "fromStation": 321,
    "picked": true
   },
   "geometry": {
    "type": "Point",
    "coordinates": [
     139.76162,
     35.665946
    ]
   }
  },
  {
   "type": "Feature",
   "properties": {
    "id": "osm-node-843098167",
    "osmType": "node",
    "osmId": 843098167,
    "name": "居木神社",
    "nameEn": "Irugi Jinja",
    "family": "worship",
    "kind": "templeRoof",
    "wikidata": "Q11465598",
    "lon": 139.725258,
    "lat": 35.619853,
    "x": -3723.1,
    "z": 6821.5,
    "distance": 247,
    "station": 23,
    "stationName": "Osaki",
    "fromStation": 322,
    "picked": true
   },
   "geometry": {
    "type": "Point",
    "coordinates": [
     139.725258,
     35.619853
    ]
   }
  },
  {
   "type": "Feature",
   "properties": {
    "id": "osm-node-860337530",
    "osmType": "node",
    "osmId": 860337530,
    "name": "大安楽寺",
    "nameEn": null,
    "family": "worship",
    "kind": "templeRoof",
    "wikidata": "Q11434330",
    "lon": 139.778033,
    "lat": 35.690853,
    "x": 1035.3,
    "z": -1067.6,
    "distance": 638,
    "station": 1,
    "stationName": "Kanda",
    "fromStation": 648,
    "picked": false
   },
   "geometry": {
    "type": "Point",
    "coordinates": [
     139.778033,
     35.690853
    ]
   }
  },
  {
   "type": "Feature",
   "properties": {
    "id": "osm-node-988763541",
    "osmType": "node",
    "osmId": 988763541,
    "name": "昭和館",
    "nameEn": "National Showa Memorial Museum",
    "family": "museum",
    "kind": "museumFacade",
    "wikidata": "Q3788883",
    "lon": 139.750907,
    "lat": 35.695111,
    "x": -1421,
    "z": -1533.4,
    "distance": 1838,
    "station": 1,
    "stationName": "Kanda",
    "fromStation": 1853,
    "picked": false
   },
   "geometry": {
    "type": "Point",
    "coordinates": [
     139.750907,
     35.695111
    ]
   }
  },
  {
   "type": "Feature",
   "properties": {
    "id": "osm-node-994266787",
    "osmType": "node",
    "osmId": 994266787,
    "name": "延命院",
    "nameEn": null,
    "family": "worship",
    "kind": "templeRoof",
    "wikidata": "Q116856818",
    "lon": 139.732876,
    "lat": 35.648306,
    "x": -3040.5,
    "z": 3663.3,
    "distance": 1134,
    "station": 26,
    "stationName": "Tamachi",
    "fromStation": 1369,
    "picked": false
   },
   "geometry": {
    "type": "Point",
    "coordinates": [
     139.732876,
     35.648306
    ]
   }
  },
  {
   "type": "Feature",
   "properties": {
    "id": "osm-node-994274642",
    "osmType": "node",
    "osmId": 994274642,
    "name": "若松寺",
    "nameEn": null,
    "family": "worship",
    "kind": "templeRoof",
    "wikidata": "Q122200945",
    "lon": 139.732487,
    "lat": 35.649137,
    "x": -3075.9,
    "z": 3571.2,
    "distance": 1212,
    "station": 26,
    "stationName": "Tamachi",
    "fromStation": 1425,
    "picked": false
   },
   "geometry": {
    "type": "Point",
    "coordinates": [
     139.732487,
     35.649137
    ]
   }
  },
  {
   "type": "Feature",
   "properties": {
    "id": "osm-node-1015382333",
    "osmType": "node",
    "osmId": 1015382333,
    "name": "宝珠院",
    "nameEn": "Hoshuin Temple",
    "family": "worship",
    "kind": "templeRoof",
    "wikidata": "Q97196000",
    "lon": 139.74633,
    "lat": 35.656536,
    "x": -1824.5,
    "z": 2747.3,
    "distance": 981,
    "station": 27,
    "stationName": "Hamamatsucho",
    "fromStation": 982,
    "picked": false
   },
   "geometry": {
    "type": "Point",
    "coordinates": [
     139.74633,
     35.656536
    ]
   }
  },
  {
   "type": "Feature",
   "properties": {
    "id": "osm-node-1025845868",
    "osmType": "node",
    "osmId": 1025845868,
    "name": "日比谷神社",
    "nameEn": "Hibiya-jinja Shrine",
    "family": "worship",
    "kind": "templeRoof",
    "wikidata": "Q11509587",
    "lon": 139.758296,
    "lat": 35.663399,
    "x": -743,
    "z": 1983.1,
    "distance": 20,
    "station": 28,
    "stationName": "Shimbashi",
    "fromStation": 307,
    "picked": false
   },
   "geometry": {
    "type": "Point",
    "coordinates": [
     139.758296,
     35.663399
    ]
   }
  },
  {
   "type": "Feature",
   "properties": {
    "id": "osm-node-1033221825",
    "osmType": "node",
    "osmId": 1033221825,
    "name": "榧寺",
    "nameEn": "Kayadera",
    "family": "worship",
    "kind": "templeRoof",
    "wikidata": "Q106674412",
    "lon": 139.792268,
    "lat": 35.705258,
    "x": 2318.9,
    "z": -2669.5,
    "distance": 1609,
    "station": 3,
    "stationName": "Okachimachi",
    "fromStation": 1609,
    "picked": false
   },
   "geometry": {
    "type": "Point",
    "coordinates": [
     139.792268,
     35.705258
    ]
   }
  },
  {
   "type": "Feature",
   "properties": {
    "id": "osm-node-1138559743",
    "osmType": "node",
    "osmId": 1138559743,
    "name": "光明寺",
    "nameEn": null,
    "family": "worship",
    "kind": "templeRoof",
    "wikidata": "Q111974576",
    "lon": 139.785614,
    "lat": 35.710347,
    "x": 1715.1,
    "z": -3232.3,
    "distance": 923,
    "station": 4,
    "stationName": "Ueno",
    "fromStation": 935,
    "picked": false
   },
   "geometry": {
    "type": "Point",
    "coordinates": [
     139.785614,
     35.710347
    ]
   }
  },
  {
   "type": "Feature",
   "properties": {
    "id": "osm-node-1138559752",
    "osmType": "node",
    "osmId": 1138559752,
    "name": "真照寺",
    "nameEn": null,
    "family": "worship",
    "kind": "templeRoof",
    "wikidata": "Q111693797",
    "lon": 139.784999,
    "lat": 35.712153,
    "x": 1658.9,
    "z": -3432.5,
    "distance": 763,
    "station": 4,
    "stationName": "Ueno",
    "fromStation": 822,
    "picked": false
   },
   "geometry": {
    "type": "Point",
    "coordinates": [
     139.784999,
     35.712153
    ]
   }
  },
  {
   "type": "Feature",
   "properties": {
    "id": "osm-node-1138559753",
    "osmType": "node",
    "osmId": 1138559753,
    "name": "誓教寺",
    "nameEn": "Seikyōji",
    "family": "worship",
    "kind": "templeRoof",
    "wikidata": "Q111974829",
    "lon": 139.785326,
    "lat": 35.70979,
    "x": 1689.3,
    "z": -3170.4,
    "distance": 935,
    "station": 4,
    "stationName": "Ueno",
    "fromStation": 937,
    "picked": false
   },
   "geometry": {
    "type": "Point",
    "coordinates": [
     139.785326,
     35.70979
    ]
   }
  },
  {
   "type": "Feature",
   "properties": {
    "id": "osm-node-1138559755",
    "osmType": "node",
    "osmId": 1138559755,
    "name": "真宗 浄正寺",
    "nameEn": null,
    "family": "worship",
    "kind": "templeRoof",
    "wikidata": "Q111693777",
    "lon": 139.784795,
    "lat": 35.712256,
    "x": 1640.4,
    "z": -3443.8,
    "distance": 741,
    "station": 4,
    "stationName": "Ueno",
    "fromStation": 802,
    "picked": false
   },
   "geometry": {
    "type": "Point",
    "coordinates": [
     139.784795,
     35.712256
    ]
   }
  },
  {
   "type": "Feature",
   "properties": {
    "id": "osm-node-1138633157",
    "osmType": "node",
    "osmId": 1138633157,
    "name": "曹洞宗 曹源寺",
    "nameEn": "Sōgenji",
    "family": "worship",
    "kind": "templeRoof",
    "wikidata": "Q22119178",
    "lon": 139.786431,
    "lat": 35.7154,
    "x": 1787.5,
    "z": -3793.1,
    "distance": 683,
    "station": 4,
    "stationName": "Ueno",
    "fromStation": 957,
    "picked": false
   },
   "geometry": {
    "type": "Point",
    "coordinates": [
     139.786431,
     35.7154
    ]
   }
  },
  {
   "type": "Feature",
   "properties": {
    "id": "osm-node-1139070646",
    "osmType": "node",
    "osmId": 1139070646,
    "name": "東本願寺",
    "nameEn": "Higashi Honganji",
    "family": "worship",
    "kind": "templeRoof",
    "wikidata": "Q11527273",
    "lon": 139.789523,
    "lat": 35.711723,
    "x": 2068.4,
    "z": -3386,
    "distance": 1124,
    "station": 4,
    "stationName": "Ueno",
    "fromStation": 1234,
    "picked": false
   },
   "geometry": {
    "type": "Point",
    "coordinates": [
     139.789523,
     35.711723
    ]
   }
  },
  {
   "type": "Feature",
   "properties": {
    "id": "osm-node-1140870596",
    "osmType": "node",
    "osmId": 1140870596,
    "name": "宗清寺",
    "nameEn": null,
    "family": "worship",
    "kind": "templeRoof",
    "wikidata": "Q115100457",
    "lon": 139.722467,
    "lat": 35.706253,
    "x": -3997.6,
    "z": -2763.3,
    "distance": 1831,
    "station": 14,
    "stationName": "Takadanobaba",
    "fromStation": 1843,
    "picked": false
   },
   "geometry": {
    "type": "Point",
    "coordinates": [
     139.722467,
     35.706253
    ]
   }
  },
  {
   "type": "Feature",
   "properties": {
    "id": "osm-node-1140870605",
    "osmType": "node",
    "osmId": 1140870605,
    "name": "亀鶴山 易行院 誓閑寺",
    "nameEn": null,
    "family": "worship",
    "kind": "templeRoof",
    "wikidata": "Q97279450",
    "lon": 139.719355,
    "lat": 35.704896,
    "x": -4278.8,
    "z": -2612.1,
    "distance": 1602,
    "station": 14,
    "stationName": "Takadanobaba",
    "fromStation": 1660,
    "picked": false
   },
   "geometry": {
    "type": "Point",
    "coordinates": [
     139.719355,
     35.704896
    ]
   }
  },
  {
   "type": "Feature",
   "properties": {
    "id": "osm-node-1145077203",
    "osmType": "node",
    "osmId": 1145077203,
    "name": "浄土宗 龍原寺",
    "nameEn": "Ryugenji Temple",
    "family": "worship",
    "kind": "templeRoof",
    "wikidata": "Q122006350",
    "lon": 139.73979,
    "lat": 35.652541,
    "x": -2415.5,
    "z": 3192,
    "distance": 1015,
    "station": 26,
    "stationName": "Tamachi",
    "fromStation": 1037,
    "picked": false
   },
   "geometry": {
    "type": "Point",
    "coordinates": [
     139.73979,
     35.652541
    ]
   }
  },
  {
   "type": "Feature",
   "properties": {
    "id": "osm-node-1145077215",
    "osmType": "node",
    "osmId": 1145077215,
    "name": "綱生山 当光寺",
    "nameEn": "Tokoji Temple",
    "family": "worship",
    "kind": "templeRoof",
    "wikidata": "Q116830648",
    "lon": 139.739072,
    "lat": 35.652602,
    "x": -2480.6,
    "z": 3185.4,
    "distance": 1058,
    "station": 26,
    "stationName": "Tamachi",
    "fromStation": 1088,
    "picked": false
   },
   "geometry": {
    "type": "Point",
    "coordinates": [
     139.739072,
     35.652602
    ]
   }
  },
  {
   "type": "Feature",
   "properties": {
    "id": "osm-node-1145077234",
    "osmType": "node",
    "osmId": 1145077234,
    "name": "常祐山 圓徳寺",
    "nameEn": "Entokuji Temple",
    "family": "worship",
    "kind": "templeRoof",
    "wikidata": "Q122069189",
    "lon": 139.73742,
    "lat": 35.652885,
    "x": -2630.3,
    "z": 3154.3,
    "distance": 1169,
    "station": 26,
    "stationName": "Tamachi",
    "fromStation": 1220,
    "picked": false
   },
   "geometry": {
    "type": "Point",
    "coordinates": [
     139.73742,
     35.652885
    ]
   }
  },
  {
   "type": "Feature",
   "properties": {
    "id": "osm-node-1177043013",
    "osmType": "node",
    "osmId": 1177043013,
    "name": "龍善寺",
    "nameEn": null,
    "family": "worship",
    "kind": "templeRoof",
    "wikidata": "Q107922282",
    "lon": 139.723401,
    "lat": 35.705753,
    "x": -3913,
    "z": -2708,
    "distance": 1927,
    "station": 14,
    "stationName": "Takadanobaba",
    "fromStation": 1942,
    "picked": false
   },
   "geometry": {
    "type": "Point",
    "coordinates": [
     139.723401,
     35.705753
    ]
   }
  },
  {
   "type": "Feature",
   "properties": {
    "id": "osm-node-1177182569",
    "osmType": "node",
    "osmId": 1177182569,
    "name": "天祖神社",
    "nameEn": "Tenso-jinja Shrine",
    "family": "worship",
    "kind": "templeRoof",
    "wikidata": "Q21019294",
    "lon": 139.713575,
    "lat": 35.712742,
    "x": -4803.8,
    "z": -3481.5,
    "distance": 859,
    "station": 14,
    "stationName": "Takadanobaba",
    "fromStation": 895,
    "picked": false
   },
   "geometry": {
    "type": "Point",
    "coordinates": [
     139.713575,
     35.712742
    ]
   }
  },
  {
   "type": "Feature",
   "properties": {
    "id": "osm-node-1248297444",
    "osmType": "node",
    "osmId": 1248297444,
    "name": "Zemaitis Museum",
    "nameEn": null,
    "family": "museum",
    "kind": "museumFacade",
    "wikidata": null,
    "lon": 139.771633,
    "lat": 35.693757,
    "x": 455.1,
    "z": -1388.2,
    "distance": 14,
    "station": 1,
    "stationName": "Kanda",
    "fromStation": 227,
    "picked": false
   },
   "geometry": {
    "type": "Point",
    "coordinates": [
     139.771633,
     35.693757
    ]
   }
  },
  {
   "type": "Feature",
   "properties": {
    "id": "osm-node-1350269516",
    "osmType": "node",
    "osmId": 1350269516,
    "name": "日本銀行金融研究所貨幣博物館",
    "nameEn": "Bank of Japan Currency Museum",
    "family": "museum",
    "kind": "museumFacade",
    "wikidata": "Q865607",
    "lon": 139.771603,
    "lat": 35.68544,
    "x": 455,
    "z": -465.4,
    "distance": 277,
    "station": 0,
    "stationName": "Tokyo",
    "fromStation": 651,
    "picked": false
   },
   "geometry": {
    "type": "Point",
    "coordinates": [
     139.771603,
     35.68544
    ]
   }
  },
  {
   "type": "Feature",
   "properties": {
    "id": "osm-node-1376774653",
    "osmType": "node",
    "osmId": 1376774653,
    "name": "カトリック神田教会",
    "nameEn": "Catholic Church of St. Francis Xavier",
    "family": "worship",
    "kind": "templeRoof",
    "wikidata": "Q11590603",
    "lon": 139.75757,
    "lat": 35.699421,
    "x": -819.2,
    "z": -2013.1,
    "distance": 1402,
    "station": 2,
    "stationName": "Akihabara",
    "fromStation": 1402,
    "picked": false
   },
   "geometry": {
    "type": "Point",
    "coordinates": [
     139.75757,
     35.699421
    ]
   }
  },
  {
   "type": "Feature",
   "properties": {
    "id": "osm-node-1385629844",
    "osmType": "node",
    "osmId": 1385629844,
    "name": "小寳稲荷",
    "nameEn": null,
    "family": "worship",
    "kind": "templeRoof",
    "wikidata": "Q111903401",
    "lon": 139.752049,
    "lat": 35.668933,
    "x": -1310.2,
    "z": 1370.6,
    "distance": 550,
    "station": 28,
    "stationName": "Shimbashi",
    "fromStation": 627,
    "picked": false
   },
   "geometry": {
    "type": "Point",
    "coordinates": [
     139.752049,
     35.668933
    ]
   }
  },
  {
   "type": "Feature",
   "properties": {
    "id": "osm-node-1420765070",
    "osmType": "node",
    "osmId": 1420765070,
    "name": "エース世界のカバン博物館",
    "nameEn": "World Bags & Luggage Museum",
    "family": "museum",
    "kind": "museumFacade",
    "wikidata": "Q104698116",
    "lon": 139.795315,
    "lat": 35.708056,
    "x": 2593.7,
    "z": -2980.7,
    "distance": 1786,
    "station": 4,
    "stationName": "Ueno",
    "fromStation": 1846,
    "picked": false
   },
   "geometry": {
    "type": "Point",
    "coordinates": [
     139.795315,
     35.708056
    ]
   }
  },
  {
   "type": "Feature",
   "properties": {
    "id": "osm-node-1420765213",
    "osmType": "node",
    "osmId": 1420765213,
    "name": "センチュリーミュージアム",
    "nameEn": "Century Museum",
    "family": "museum",
    "kind": "museumFacade",
    "wikidata": null,
    "lon": 139.75976,
    "lat": 35.702532,
    "x": -622,
    "z": -2358.8,
    "distance": 1243,
    "station": 2,
    "stationName": "Akihabara",
    "fromStation": 1285,
    "picked": false
   },
   "geometry": {
    "type": "Point",
    "coordinates": [
     139.75976,
     35.702532
    ]
   }
  },
  {
   "type": "Feature",
   "properties": {
    "id": "osm-node-1420765471",
    "osmType": "node",
    "osmId": 1420765471,
    "name": "三井記念美術館",
    "nameEn": "Mitsui Memorial Museum",
    "family": "museum",
    "kind": "museumFacade",
    "wikidata": "Q864700",
    "lon": 139.773074,
    "lat": 35.686836,
    "x": 587.7,
    "z": -620.6,
    "distance": 356,
    "station": 1,
    "stationName": "Kanda",
    "fromStation": 581,
    "picked": false
   },
   "geometry": {
    "type": "Point",
    "coordinates": [
     139.773074,
     35.686836
    ]
   }
  },
  {
   "type": "Feature",
   "properties": {
    "id": "osm-node-1420766180",
    "osmType": "node",
    "osmId": 1420766180,
    "name": "中央区立築地社会教育会館・郷土資料館",
    "nameEn": "Tsukiji Local Museum",
    "family": "museum",
    "kind": "museumFacade",
    "wikidata": null,
    "lon": 139.768084,
    "lat": 35.666491,
    "x": 142.2,
    "z": 1637.7,
    "distance": 899,
    "station": 28,
    "stationName": "Shimbashi",
    "fromStation": 906,
    "picked": false
   },
   "geometry": {
    "type": "Point",
    "coordinates": [
     139.768084,
     35.666491
    ]
   }
  },
  {
   "type": "Feature",
   "properties": {
    "id": "osm-node-1420766554",
    "osmType": "node",
    "osmId": 1420766554,
    "name": "久米美術館",
    "nameEn": "Kume Museum of Art",
    "family": "museum",
    "kind": "museumFacade",
    "wikidata": "Q11369635",
    "lon": 139.714759,
    "lat": 35.634545,
    "x": -4677.7,
    "z": 5193.7,
    "distance": 80,
    "station": 21,
    "stationName": "Meguro",
    "fromStation": 108,
    "picked": true
   },
   "geometry": {
    "type": "Point",
    "coordinates": [
     139.714759,
     35.634545
    ]
   }
  },
  {
   "type": "Feature",
   "properties": {
    "id": "osm-node-1420766948",
    "osmType": "node",
    "osmId": 1420766948,
    "name": "佐藤美術館",
    "nameEn": "Sato Museum of Art",
    "family": "museum",
    "kind": "museumFacade",
    "wikidata": "Q11384365",
    "lon": 139.714976,
    "lat": 35.681682,
    "x": -4669.5,
    "z": -35.8,
    "distance": 1065,
    "station": 17,
    "stationName": "Yoyogi",
    "fromStation": 1198,
    "picked": false
   },
   "geometry": {
    "type": "Point",
    "coordinates": [
     139.714976,
     35.681682
    ]
   }
  },
  {
   "type": "Feature",
   "properties": {
    "id": "osm-node-1420767886",
    "osmType": "node",
    "osmId": 1420767886,
    "name": "凧の博物館",
    "nameEn": "Kite Museum",
    "family": "museum",
    "kind": "museumFacade",
    "wikidata": null,
    "lon": 139.775158,
    "lat": 35.684427,
    "x": 777.1,
    "z": -354,
    "distance": 617,
    "station": 0,
    "stationName": "Tokyo",
    "fromStation": 854,
    "picked": false
   },
   "geometry": {
    "type": "Point",
    "coordinates": [
     139.775158,
     35.684427
    ]
   }
  },
  {
   "type": "Feature",
   "properties": {
    "id": "osm-node-1420767888",
    "osmType": "node",
    "osmId": 1420767888,
    "name": "刀剣博物館",
    "nameEn": "The Japanese Sword Museum",
    "family": "museum",
    "kind": "museumFacade",
    "wikidata": null,
    "lon": 139.690675,
    "lat": 35.681489,
    "x": -6869.1,
    "z": -9.8,
    "distance": 1063,
    "station": 17,
    "stationName": "Yoyogi",
    "fromStation": 1064,
    "picked": false
   },
   "geometry": {
    "type": "Point",
    "coordinates": [
     139.690675,
     35.681489
    ]
   }
  },
  {
   "type": "Feature",
   "properties": {
    "id": "osm-node-1420767889",
    "osmType": "node",
    "osmId": 1420767889,
    "name": "切手の博物館",
    "nameEn": "Stamp Museum",
    "family": "museum",
    "kind": "museumFacade",
    "wikidata": "Q11396206",
    "lon": 139.70578,
    "lat": 35.718268,
    "x": -5510.4,
    "z": -4092.9,
    "distance": 24,
    "station": 13,
    "stationName": "Mejiro",
    "fromStation": 330,
    "picked": false
   },
   "geometry": {
    "type": "Point",
    "coordinates": [
     139.70578,
     35.718268
    ]
   }
  },
  {
   "type": "Feature",
   "properties": {
    "id": "osm-node-1420771074",
    "osmType": "node",
    "osmId": 1420771074,
    "name": "古代オリエント博物館",
    "nameEn": "Ancient Orient Museum",
    "family": "museum",
    "kind": "museumFacade",
    "wikidata": "Q1048740",
    "lon": 139.720968,
    "lat": 35.728732,
    "x": -4138.8,
    "z": -5256.9,
    "distance": 519,
    "station": 11,
    "stationName": "Otsuka",
    "fromStation": 761,
    "picked": true
   },
   "geometry": {
    "type": "Point",
    "coordinates": [
     139.720968,
     35.728732
    ]
   }
  },
  {
   "type": "Feature",
   "properties": {
    "id": "osm-node-1420771079",
    "osmType": "node",
    "osmId": 1420771079,
    "name": "古賀政男音楽博物館",
    "nameEn": "Masao Koga Music Museum",
    "family": "museum",
    "kind": "museumFacade",
    "wikidata": null,
    "lon": 139.680093,
    "lat": 35.667771,
    "x": -7824.1,
    "z": 1513.9,
    "distance": 1983,
    "station": 18,
    "stationName": "Harajuku",
    "fromStation": 2044,
    "picked": false
   },
   "geometry": {
    "type": "Point",
    "coordinates": [
     139.680093,
     35.667771
    ]
   }
  },
  {
   "type": "Feature",
   "properties": {
    "id": "osm-node-1420771103",
    "osmType": "node",
    "osmId": 1420771103,
    "name": "台東区立書道博物館",
    "nameEn": "Calligraphy Museum",
    "family": "museum",
    "kind": "museumFacade",
    "wikidata": "Q11411955",
    "lon": 139.776453,
    "lat": 35.724715,
    "x": 881.7,
    "z": -4824,
    "distance": 129,
    "station": 5,
    "stationName": "Uguisudani",
    "fromStation": 360,
    "picked": false
   },
   "geometry": {
    "type": "Point",
    "coordinates": [
     139.776453,
     35.724715
    ]
   }
  },
  {
   "type": "Feature",
   "properties": {
    "id": "osm-node-1420771165",
    "osmType": "node",
    "osmId": 1420771165,
    "name": "吉田苞竹記念会館",
    "nameEn": "Yoshida Hochiku Memorial Hall",
    "family": "museum",
    "kind": "museumFacade",
    "wikidata": null,
    "lon": 139.741706,
    "lat": 35.663653,
    "x": -2245,
    "z": 1958.7,
    "distance": 1508,
    "station": 28,
    "stationName": "Shimbashi",
    "fromStation": 1509,
    "picked": false
   },
   "geometry": {
    "type": "Point",
    "coordinates": [
     139.741706,
     35.663653
    ]
   }
  },
  {
   "type": "Feature",
   "properties": {
    "id": "osm-node-1420771752",
    "osmType": "node",
    "osmId": 1420771752,
    "name": "國學院大學博物館",
    "nameEn": "Kokugakuin University Museum",
    "family": "museum",
    "kind": "museumFacade",
    "wikidata": "Q81916990",
    "lon": 139.7112,
    "lat": 35.656217,
    "x": -5005.1,
    "z": 2790,
    "distance": 591,
    "station": 19,
    "stationName": "Shibuya",
    "fromStation": 880,
    "picked": false
   },
   "geometry": {
    "type": "Point",
    "coordinates": [
     139.7112,
     35.656217
    ]
   }
  },
  {
   "type": "Feature",
   "properties": {
    "id": "osm-node-1420772919",
    "osmType": "node",
    "osmId": 1420772919,
    "name": "大倉集古館",
    "nameEn": "Okura Museum of Art",
    "family": "museum",
    "kind": "museumFacade",
    "wikidata": "Q3329598",
    "lon": 139.743219,
    "lat": 35.666923,
    "x": -2109,
    "z": 1595.6,
    "distance": 1336,
    "station": 28,
    "stationName": "Shimbashi",
    "fromStation": 1349,
    "picked": false
   },
   "geometry": {
    "type": "Point",
    "coordinates": [
     139.743219,
     35.666923
    ]
   }
  },
  {
   "type": "Feature",
   "properties": {
    "id": "osm-node-1420772944",
    "osmType": "node",
    "osmId": 1420772944,
    "name": "大名時計博物館",
    "nameEn": "Daimyo Clock Museum",
    "family": "museum",
    "kind": "museumFacade",
    "wikidata": "Q10856362",
    "lon": 139.766182,
    "lat": 35.721289,
    "x": -46.4,
    "z": -4441.3,
    "distance": 795,
    "station": 6,
    "stationName": "Nippori",
    "fromStation": 834,
    "picked": false
   },
   "geometry": {
    "type": "Point",
    "coordinates": [
     139.766182,
     35.721289
    ]
   }
  },
  {
   "type": "Feature",
   "properties": {
    "id": "osm-node-1420774587",
    "osmType": "node",
    "osmId": 1420774587,
    "name": "大谷美術館",
    "nameEn": "Otani Memorial Museum of Art",
    "family": "museum",
    "kind": "museumFacade",
    "wikidata": null,
    "lon": 139.745781,
    "lat": 35.743105,
    "x": -1898.2,
    "z": -6856.8,
    "distance": 703,
    "station": 9,
    "stationName": "Komagome",
    "fromStation": 739,
    "picked": false
   },
   "geometry": {
    "type": "Point",
    "coordinates": [
     139.745781,
     35.743105
    ]
   }
  },
  {
   "type": "Feature",
   "properties": {
    "id": "osm-node-1420774624",
    "osmType": "node",
    "osmId": 1420774624,
    "name": "天理ギャラリー",
    "nameEn": "Tenri Gallery",
    "family": "museum",
    "kind": "museumFacade",
    "wikidata": null,
    "lon": 139.764418,
    "lat": 35.691776,
    "x": -197.2,
    "z": -1166.6,
    "distance": 561,
    "station": 1,
    "stationName": "Kanda",
    "fromStation": 593,
    "picked": false
   },
   "geometry": {
    "type": "Point",
    "coordinates": [
     139.764418,
     35.691776
    ]
   }
  },
  {
   "type": "Feature",
   "properties": {
    "id": "osm-node-1420774661",
    "osmType": "node",
    "osmId": 1420774661,
    "name": "太皷館",
    "nameEn": "Taikokan Drum Museum",
    "family": "museum",
    "kind": "museumFacade",
    "wikidata": "Q104698257",
    "lon": 139.791779,
    "lat": 35.711815,
    "x": 2272.5,
    "z": -3396.8,
    "distance": 1293,
    "station": 4,
    "stationName": "Ueno",
    "fromStation": 1434,
    "picked": false
   },
   "geometry": {
    "type": "Point",
    "coordinates": [
     139.791779,
     35.711815
    ]
   }
  },
  {
   "type": "Feature",
   "properties": {
    "id": "osm-node-1420779754",
    "osmType": "node",
    "osmId": 1420779754,
    "name": "平和祈念展示資料館",
    "nameEn": "Memorial Museum for Soldiers, Detainees in Siberia, and Postwar Repatriates",
    "family": "museum",
    "kind": "museumFacade",
    "wikidata": "Q56025796",
    "lon": 139.692512,
    "lat": 35.691262,
    "x": -6704.9,
    "z": -1094.4,
    "distance": 680,
    "station": 16,
    "stationName": "Shinjuku",
    "fromStation": 752,
    "picked": false
   },
   "geometry": {
    "type": "Point",
    "coordinates": [
     139.692512,
     35.691262
    ]
   }
  },
  {
   "type": "Feature",
   "properties": {
    "id": "osm-node-1420780101",
    "osmType": "node",
    "osmId": 1420780101,
    "name": "弥生美術館・竹久夢二美術館",
    "nameEn": "Yayoi Museum,Takeshisa Yumeji Museum",
    "family": "museum",
    "kind": "museumFacade",
    "wikidata": null,
    "lon": 139.763478,
    "lat": 35.714903,
    "x": -289.1,
    "z": -3732.1,
    "distance": 1089,
    "station": 4,
    "stationName": "Ueno",
    "fromStation": 1150,
    "picked": false
   },
   "geometry": {
    "type": "Point",
    "coordinates": [
     139.763478,
     35.714903
    ]
   }
  },
  {
   "type": "Feature",
   "properties": {
    "id": "osm-node-1420780290",
    "osmType": "node",
    "osmId": 1420780290,
    "name": "YEBISU BREWERY TOKYO",
    "nameEn": null,
    "family": "museum",
    "kind": "museumFacade",
    "wikidata": null,
    "lon": 139.714541,
    "lat": 35.643088,
    "x": -4699.5,
    "z": 4246,
    "distance": 203,
    "station": 20,
    "stationName": "Ebisu",
    "fromStation": 541,
    "picked": false
   },
   "geometry": {
    "type": "Point",
    "coordinates": [
     139.714541,
     35.643088
    ]
   }
  },
  {
   "type": "Feature",
   "properties": {
    "id": "osm-node-1420780494",
    "osmType": "node",
    "osmId": 1420780494,
    "name": "戸栗美術館",
    "nameEn": "Toguri Museum of Art",
    "family": "museum",
    "kind": "museumFacade",
    "wikidata": "Q11496415",
    "lon": 139.6928,
    "lat": 35.66144,
    "x": -6672.4,
    "z": 2214.1,
    "distance": 773,
    "station": 19,
    "stationName": "Shibuya",
    "fromStation": 892,
    "picked": false
   },
   "geometry": {
    "type": "Point",
    "coordinates": [
     139.6928,
     35.66144
    ]
   }
  },
  {
   "type": "Feature",
   "properties": {
    "id": "osm-node-1420780641",
    "osmType": "node",
    "osmId": 1420780641,
    "name": "文京ふるさと歴史館",
    "nameEn": "Bunkyo Hometown History Museum",
    "family": "museum",
    "kind": "museumFacade",
    "wikidata": "Q11499743",
    "lon": 139.756582,
    "lat": 35.707984,
    "x": -911.1,
    "z": -2962.9,
    "distance": 1632,
    "station": 3,
    "stationName": "Okachimachi",
    "fromStation": 1635,
    "picked": false
   },
   "geometry": {
    "type": "Point",
    "coordinates": [
     139.756582,
     35.707984
    ]
   }
  },
  {
   "type": "Feature",
   "properties": {
    "id": "osm-node-1420780738",
    "osmType": "node",
    "osmId": 1420780738,
    "name": "文化学園服飾博物館",
    "nameEn": "Bunka Gakuen Costume Museum",
    "family": "museum",
    "kind": "museumFacade",
    "wikidata": null,
    "lon": 139.69501,
    "lat": 35.686322,
    "x": -6477.7,
    "z": -546.8,
    "distance": 539,
    "station": 16,
    "stationName": "Shinjuku",
    "fromStation": 564,
    "picked": false
   },
   "geometry": {
    "type": "Point",
    "coordinates": [
     139.69501,
     35.686322
    ]
   }
  },
  {
   "type": "Feature",
   "properties": {
    "id": "osm-node-1420780833",
    "osmType": "node",
    "osmId": 1420780833,
    "name": "新宿美術館",
    "nameEn": null,
    "family": "museum",
    "kind": "museumFacade",
    "wikidata": null,
    "lon": 139.710742,
    "lat": 35.6911,
    "x": -5055,
    "z": -1079.8,
    "distance": 969,
    "station": 16,
    "stationName": "Shinjuku",
    "fromStation": 971,
    "picked": false
   },
   "geometry": {
    "type": "Point",
    "coordinates": [
     139.710742,
     35.6911
    ]
   }
  },
  {
   "type": "Feature",
   "properties": {
    "id": "osm-node-1420781050",
    "osmType": "node",
    "osmId": 1420781050,
    "name": "日本女子大学成瀬記念館",
    "nameEn": "Naruse Memorial Hall",
    "family": "museum",
    "kind": "museumFacade",
    "wikidata": null,
    "lon": 139.71988,
    "lat": 35.716316,
    "x": -4234.2,
    "z": -3879.2,
    "distance": 1311,
    "station": 13,
    "stationName": "Mejiro",
    "fromStation": 1324,
    "picked": false
   },
   "geometry": {
    "type": "Point",
    "coordinates": [
     139.71988,
     35.716316
    ]
   }
  },
  {
   "type": "Feature",
   "properties": {
    "id": "osm-node-1420781298",
    "osmType": "node",
    "osmId": 1420781298,
    "name": "学會津八一記念博物館",
    "nameEn": "Aizu Museum",
    "family": "museum",
    "kind": "museumFacade",
    "wikidata": "Q30938116",
    "lon": 139.72036,
    "lat": 35.708554,
    "x": -4188.8,
    "z": -3018.1,
    "distance": 1576,
    "station": 14,
    "stationName": "Takadanobaba",
    "fromStation": 1577,
    "picked": false
   },
   "geometry": {
    "type": "Point",
    "coordinates": [
     139.72036,
     35.708554
    ]
   }
  },
  {
   "type": "Feature",
   "properties": {
    "id": "osm-node-1420781347",
    "osmType": "node",
    "osmId": 1420781347,
    "name": "明治大学博物館",
    "nameEn": "Meiji University Museum",
    "family": "museum",
    "kind": "museumFacade",
    "wikidata": "Q85880847",
    "lon": 139.762152,
    "lat": 35.698699,
    "x": -404.4,
    "z": -1934.1,
    "distance": 981,
    "station": 2,
    "stationName": "Akihabara",
    "fromStation": 983,
    "picked": true
   },
   "geometry": {
    "type": "Point",
    "coordinates": [
     139.762152,
     35.698699
    ]
   }
  },
  {
   "type": "Feature",
   "properties": {
    "id": "osm-node-1420782231",
    "osmType": "node",
    "osmId": 1420782231,
    "name": "杉野学園衣裳博物館",
    "nameEn": "Sugino Costume Museum",
    "family": "museum",
    "kind": "museumFacade",
    "wikidata": null,
    "lon": 139.715856,
    "lat": 35.630742,
    "x": -4577.4,
    "z": 5615.4,
    "distance": 81,
    "station": 21,
    "stationName": "Meguro",
    "fromStation": 369,
    "picked": false
   },
   "geometry": {
    "type": "Point",
    "coordinates": [
     139.715856,
     35.630742
    ]
   }
  },
  {
   "type": "Feature",
   "properties": {
    "id": "osm-node-1420782618",
    "osmType": "node",
    "osmId": 1420782618,
    "name": "東京オペラシティアートギャラリー",
    "nameEn": "Tokyo Opera City Art Gallery",
    "family": "museum",
    "kind": "museumFacade",
    "wikidata": "Q11524090",
    "lon": 139.686756,
    "lat": 35.683003,
    "x": -7224.1,
    "z": -177.1,
    "distance": 1358,
    "station": 17,
    "stationName": "Yoyogi",
    "fromStation": 1387,
    "picked": false
   },
   "geometry": {
    "type": "Point",
    "coordinates": [
     139.686756,
     35.683003
    ]
   }
  },
  {
   "type": "Feature",
   "properties": {
    "id": "osm-node-1420783718",
    "osmType": "node",
    "osmId": 1420783718,
    "name": "東京女子医科大学史料室・吉岡彌生記念室",
    "nameEn": "Tokyo Women's Medical University Archives and Yayoi Yoshioka Memorial Room",
    "family": "museum",
    "kind": "museumFacade",
    "wikidata": "Q104698247",
    "lon": 139.72029,
    "lat": 35.697188,
    "x": -4192.3,
    "z": -1757.2,
    "distance": 1840,
    "station": 15,
    "stationName": "Shin-Okubo",
    "fromStation": 1866,
    "picked": false
   },
   "geometry": {
    "type": "Point",
    "coordinates": [
     139.72029,
     35.697188
    ]
   }
  },
  {
   "type": "Feature",
   "properties": {
    "id": "osm-node-1420784622",
    "osmType": "node",
    "osmId": 1420784622,
    "name": "東京海洋大学海洋科学部附属水産資料館",
    "nameEn": "Tokyo University of Marine Science and Technology, Faculty of Marine Science, Attached Fisheries Museum",
    "family": "museum",
    "kind": "museumFacade",
    "wikidata": null,
    "lon": 139.747243,
    "lat": 35.626891,
    "x": -1733.5,
    "z": 6035.9,
    "distance": 780,
    "station": 24,
    "stationName": "Shinagawa",
    "fromStation": 829,
    "picked": false
   },
   "geometry": {
    "type": "Point",
    "coordinates": [
     139.747243,
     35.626891
    ]
   }
  },
  {
   "type": "Feature",
   "properties": {
    "id": "osm-node-1420784678",
    "osmType": "node",
    "osmId": 1420784678,
    "name": "東京消防庁消防防災資料センター消防博物館",
    "nameEn": "Fire Museum",
    "family": "museum",
    "kind": "museumFacade",
    "wikidata": "Q11559505",
    "lon": 139.719939,
    "lat": 35.688137,
    "x": -4221.8,
    "z": -753,
    "distance": 1682,
    "station": 17,
    "stationName": "Yoyogi",
    "fromStation": 1686,
    "picked": false
   },
   "geometry": {
    "type": "Point",
    "coordinates": [
     139.719939,
     35.688137
    ]
   }
  },
  {
   "type": "Feature",
   "properties": {
    "id": "osm-node-1420785063",
    "osmType": "node",
    "osmId": 1420785063,
    "name": "東京藝術大学大学美術館",
    "nameEn": "The University Art Museum",
    "family": "museum",
    "kind": "museumFacade",
    "wikidata": "Q11525123",
    "lon": 139.771932,
    "lat": 35.719192,
    "x": 474.5,
    "z": -4210.1,
    "distance": 583,
    "station": 5,
    "stationName": "Uguisudani",
    "fromStation": 607,
    "picked": false
   },
   "geometry": {
    "type": "Point",
    "coordinates": [
     139.771932,
     35.719192
    ]
   }
  },
  {
   "type": "Feature",
   "properties": {
    "id": "osm-node-1420785386",
    "osmType": "node",
    "osmId": 1420785386,
    "name": "東京都水道歴史館",
    "nameEn": "Tokyo Waterworks Historical Museum",
    "family": "museum",
    "kind": "museumFacade",
    "wikidata": "Q11525339",
    "lon": 139.760498,
    "lat": 35.703314,
    "x": -555.3,
    "z": -2445.7,
    "distance": 1188,
    "station": 2,
    "stationName": "Akihabara",
    "fromStation": 1259,
    "picked": false
   },
   "geometry": {
    "type": "Point",
    "coordinates": [
     139.760498,
     35.703314
    ]
   }
  },
  {
   "type": "Feature",
   "properties": {
    "id": "osm-node-1420785523",
    "osmType": "node",
    "osmId": 1420785523,
    "name": "東京都立芸術高等学校美術館",
    "nameEn": "High School Art Museum",
    "family": "museum",
    "kind": "museumFacade",
    "wikidata": null,
    "lon": 139.684615,
    "lat": 35.654509,
    "x": -7412,
    "z": 2984.4,
    "distance": 1594,
    "station": 19,
    "stationName": "Shibuya",
    "fromStation": 1601,
    "picked": false
   },
   "geometry": {
    "type": "Point",
    "coordinates": [
     139.684615,
     35.654509
    ]
   }
  },
  {
   "type": "Feature",
   "properties": {
    "id": "osm-node-1420786016",
    "osmType": "node",
    "osmId": 1420786016,
    "name": "パナソニック汐留美術館",
    "nameEn": "Panasonic Shiodome Museum of Art",
    "family": "museum",
    "kind": "museumFacade",
    "wikidata": "Q11550512",
    "lon": 139.761882,
    "lat": 35.665828,
    "x": -419.1,
    "z": 1712.8,
    "distance": 333,
    "station": 28,
    "stationName": "Shimbashi",
    "fromStation": 346,
    "picked": false
   },
   "geometry": {
    "type": "Point",
    "coordinates": [
     139.761882,
     35.665828
    ]
   }
  },
  {
   "type": "Feature",
   "properties": {
    "id": "osm-node-1420786033",
    "osmType": "node",
    "osmId": 1420786033,
    "name": "松岡美術館",
    "nameEn": "Matsuoka Museum of Art",
    "family": "museum",
    "kind": "museumFacade",
    "wikidata": "Q11530056",
    "lon": 139.721806,
    "lat": 35.640021,
    "x": -4040.8,
    "z": 4584.8,
    "distance": 672,
    "station": 21,
    "stationName": "Meguro",
    "fromStation": 856,
    "picked": false
   },
   "geometry": {
    "type": "Point",
    "coordinates": [
     139.721806,
     35.640021
    ]
   }
  },
  {
   "type": "Feature",
   "properties": {
    "id": "osm-node-1420787066",
    "osmType": "node",
    "osmId": 1420787066,
    "name": "民音音楽博物館",
    "nameEn": "Min-On Music Museum",
    "family": "museum",
    "kind": "museumFacade",
    "wikidata": "Q65272034",
    "lon": 139.719383,
    "lat": 35.682326,
    "x": -4270.7,
    "z": -108.2,
    "distance": 1470,
    "station": 17,
    "stationName": "Yoyogi",
    "fromStation": 1580,
    "picked": false
   },
   "geometry": {
    "type": "Point",
    "coordinates": [
     139.719383,
     35.682326
    ]
   }
  },
  {
   "type": "Feature",
   "properties": {
    "id": "osm-node-1420787831",
    "osmType": "node",
    "osmId": 1420787831,
    "name": "泉屋博古館東京",
    "nameEn": "Sen-Oku Hakukokan Museum Tokyo",
    "family": "museum",
    "kind": "museumFacade",
    "wikidata": null,
    "lon": 139.741068,
    "lat": 35.665033,
    "x": -2303.2,
    "z": 1805.8,
    "distance": 1546,
    "station": 28,
    "stationName": "Shimbashi",
    "fromStation": 1546,
    "picked": false
   },
   "geometry": {
    "type": "Point",
    "coordinates": [
     139.741068,
     35.665033
    ]
   }
  },
  {
   "type": "Feature",
   "properties": {
    "id": "osm-node-1420789248",
    "osmType": "node",
    "osmId": 1420789248,
    "name": "港区立港郷土資料館",
    "nameEn": "Minato Local Museum",
    "family": "museum",
    "kind": "museumFacade",
    "wikidata": null,
    "lon": 139.745208,
    "lat": 35.647072,
    "x": -1923.4,
    "z": 3797.5,
    "distance": 240,
    "station": 26,
    "stationName": "Tamachi",
    "fromStation": 267,
    "picked": false
   },
   "geometry": {
    "type": "Point",
    "coordinates": [
     139.745208,
     35.647072
    ]
   }
  },
  {
   "type": "Feature",
   "properties": {
    "id": "osm-node-1420789338",
    "osmType": "node",
    "osmId": 1420789338,
    "name": "熊谷守一美術館",
    "nameEn": "Morikazu Kumagai Art Museum",
    "family": "museum",
    "kind": "museumFacade",
    "wikidata": null,
    "lon": 139.69087,
    "lat": 35.733742,
    "x": -6862.7,
    "z": -5807,
    "distance": 1843,
    "station": 12,
    "stationName": "Ikebukuro",
    "fromStation": 1861,
    "picked": false
   },
   "geometry": {
    "type": "Point",
    "coordinates": [
     139.69087,
     35.733742
    ]
   }
  },
  {
   "type": "Feature",
   "properties": {
    "id": "osm-node-1420789431",
    "osmType": "node",
    "osmId": 1420789431,
    "name": "物流博物館",
    "nameEn": "Logistics Museum",
    "family": "museum",
    "kind": "museumFacade",
    "wikidata": "Q104698234",
    "lon": 139.732315,
    "lat": 35.629097,
    "x": -3086.2,
    "z": 5794.5,
    "distance": 546,
    "station": 24,
    "stationName": "Shinagawa",
    "fromStation": 549,
    "picked": true
   },
   "geometry": {
    "type": "Point",
    "coordinates": [
     139.732315,
     35.629097
    ]
   }
  },
  {
   "type": "Feature",
   "properties": {
    "id": "osm-node-1420789601",
    "osmType": "node",
    "osmId": 1420789601,
    "name": "国立映画アーカイブ",
    "nameEn": "National Film Archive of Japan",
    "family": "museum",
    "kind": "museumFacade",
    "wikidata": "Q51371009",
    "lon": 139.770659,
    "lat": 35.675574,
    "x": 372.6,
    "z": 629.4,
    "distance": 527,
    "station": 29,
    "stationName": "Yurakucho",
    "fromStation": 694,
    "picked": false
   },
   "geometry": {
    "type": "Point",
    "coordinates": [
     139.770659,
     35.675574
    ]
   }
  },
  {
   "type": "Feature",
   "properties": {
    "id": "osm-node-1420790123",
    "osmType": "node",
    "osmId": 1420790123,
    "name": "田端文士村記念館",
    "nameEn": "TABATA Memorial Museum of Writers and Artists",
    "family": "museum",
    "kind": "museumFacade",
    "wikidata": "Q11577225",
    "lon": 139.759259,
    "lat": 35.738472,
    "x": -677.8,
    "z": -6345.9,
    "distance": 72,
    "station": 8,
    "stationName": "Tabata",
    "fromStation": 252,
    "picked": true
   },
   "geometry": {
    "type": "Point",
    "coordinates": [
     139.759259,
     35.738472
    ]
   }
  },
  {
   "type": "Feature",
   "properties": {
    "id": "osm-node-1420790339",
    "osmType": "node",
    "osmId": 1420790339,
    "name": "畠山記念館",
    "nameEn": "Ebara Hatakeyama Museum of Art",
    "family": "museum",
    "kind": "museumFacade",
    "wikidata": "Q3330210",
    "lon": 139.726938,
    "lat": 35.632242,
    "x": -3574.1,
    "z": 5446.7,
    "distance": 662,
    "station": 22,
    "stationName": "Gotanda",
    "fromStation": 723,
    "picked": true
   },
   "geometry": {
    "type": "Point",
    "coordinates": [
     139.726938,
     35.632242
    ]
   }
  },
  {
   "type": "Feature",
   "properties": {
    "id": "osm-node-1420790484",
    "osmType": "node",
    "osmId": 1420790484,
    "name": "目黒寄生虫館",
    "nameEn": "Meguro Parasitological Museum",
    "family": "museum",
    "kind": "museumFacade",
    "wikidata": "Q11581651",
    "lon": 139.706666,
    "lat": 35.6317,
    "x": -5410,
    "z": 5510.9,
    "distance": 863,
    "station": 21,
    "stationName": "Meguro",
    "fromStation": 868,
    "picked": false
   },
   "geometry": {
    "type": "Point",
    "coordinates": [
     139.706666,
     35.6317
    ]
   }
  },
  {
   "type": "Feature",
   "properties": {
    "id": "osm-node-1420790652",
    "osmType": "node",
    "osmId": 1420790652,
    "name": "相撲博物館",
    "nameEn": "Sumo Museum",
    "family": "museum",
    "kind": "museumFacade",
    "wikidata": "Q11582043",
    "lon": 139.793237,
    "lat": 35.697271,
    "x": 2409.2,
    "z": -1783.6,
    "distance": 1833,
    "station": 2,
    "stationName": "Akihabara",
    "fromStation": 1835,
    "picked": false
   },
   "geometry": {
    "type": "Point",
    "coordinates": [
     139.793237,
     35.697271
    ]
   }
  },
  {
   "type": "Feature",
   "properties": {
    "id": "osm-node-1420797074",
    "osmType": "node",
    "osmId": 1420797074,
    "name": "菊池寛実記念智美術館",
    "nameEn": "Kikuchi Kanjitsu Memorial Tomo Museum",
    "family": "museum",
    "kind": "museumFacade",
    "wikidata": "Q19340630",
    "lon": 139.744605,
    "lat": 35.666041,
    "x": -1983.3,
    "z": 1693.2,
    "distance": 1216,
    "station": 28,
    "stationName": "Shimbashi",
    "fromStation": 1221,
    "picked": false
   },
   "geometry": {
    "type": "Point",
    "coordinates": [
     139.744605,
     35.666041
    ]
   }
  },
  {
   "type": "Feature",
   "properties": {
    "id": "osm-node-1420798047",
    "osmType": "node",
    "osmId": 1420798047,
    "name": "講談社野間記念館",
    "nameEn": "Kodansha Noma Memorial Museum",
    "family": "museum",
    "kind": "museumFacade",
    "wikidata": "Q3788846",
    "lon": 139.725033,
    "lat": 35.714018,
    "x": -3767.4,
    "z": -3625.3,
    "distance": 1828,
    "station": 13,
    "stationName": "Mejiro",
    "fromStation": 1854,
    "picked": false
   },
   "geometry": {
    "type": "Point",
    "coordinates": [
     139.725033,
     35.714018
    ]
   }
  },
  {
   "type": "Feature",
   "properties": {
    "id": "osm-node-1420798090",
    "osmType": "node",
    "osmId": 1420798090,
    "name": "豊島区立郷土資料館",
    "nameEn": "Toshima City Local Museum",
    "family": "museum",
    "kind": "museumFacade",
    "wikidata": "Q104698258",
    "lon": 139.706721,
    "lat": 35.727675,
    "x": -5427.4,
    "z": -5136.8,
    "distance": 264,
    "station": 12,
    "stationName": "Ikebukuro",
    "fromStation": 480,
    "picked": true
   },
   "geometry": {
    "type": "Point",
    "coordinates": [
     139.706721,
     35.727675
    ]
   }
  },
  {
   "type": "Feature",
   "properties": {
    "id": "osm-node-1420799298",
    "osmType": "node",
    "osmId": 1420799298,
    "name": "野口英世記念会館展示室",
    "nameEn": "Hideyo Noguchi Memorial Hall Exhibition Room",
    "family": "museum",
    "kind": "museumFacade",
    "wikidata": null,
    "lon": 139.716289,
    "lat": 35.683753,
    "x": -4551.1,
    "z": -265.8,
    "distance": 1231,
    "station": 17,
    "stationName": "Yoyogi",
    "fromStation": 1290,
    "picked": false
   },
   "geometry": {
    "type": "Point",
    "coordinates": [
     139.716289,
     35.683753
    ]
   }
  },
  {
   "type": "Feature",
   "properties": {
    "id": "osm-node-1420799336",
    "osmType": "node",
    "osmId": 1420799336,
    "name": "野球殿堂博物館",
    "nameEn": "The Baseball Hall of Fame and Museum",
    "family": "museum",
    "kind": "museumFacade",
    "wikidata": "Q1134380",
    "lon": 139.752898,
    "lat": 35.705579,
    "x": -1243.8,
    "z": -2695.2,
    "distance": 1911,
    "station": 3,
    "stationName": "Okachimachi",
    "fromStation": 1971,
    "picked": false
   },
   "geometry": {
    "type": "Point",
    "coordinates": [
     139.752898,
     35.705579
    ]
   }
  },
  {
   "type": "Feature",
   "properties": {
    "id": "osm-node-1420799355",
    "osmType": "node",
    "osmId": 1420799355,
    "name": "釣り文化資料館",
    "nameEn": "Fishing Culture Museum",
    "family": "museum",
    "kind": "museumFacade",
    "wikidata": "Q104698254",
    "lon": 139.71952,
    "lat": 35.690868,
    "x": -4260.5,
    "z": -1055.8,
    "distance": 1731,
    "station": 16,
    "stationName": "Shinjuku",
    "fromStation": 1749,
    "picked": false
   },
   "geometry": {
    "type": "Point",
    "coordinates": [
     139.71952,
     35.690868
    ]
   }
  },
  {
   "type": "Feature",
   "properties": {
    "id": "osm-node-1420800487",
    "osmType": "node",
    "osmId": 1420800487,
    "name": "高麗博物館",
    "nameEn": "Korea Museum",
    "family": "museum",
    "kind": "museumFacade",
    "wikidata": null,
    "lon": 139.703642,
    "lat": 35.69845,
    "x": -5699.3,
    "z": -1893.9,
    "distance": 327,
    "station": 15,
    "stationName": "Shin-Okubo",
    "fromStation": 438,
    "picked": false
   },
   "geometry": {
    "type": "Point",
    "coordinates": [
     139.703642,
     35.69845
    ]
   }
  },
  {
   "type": "Feature",
   "properties": {
    "id": "osm-node-1420800659",
    "osmType": "node",
    "osmId": 1420800659,
    "name": "Ｏ美術館",
    "nameEn": "O Art Museum",
    "family": "museum",
    "kind": "museumFacade",
    "wikidata": null,
    "lon": 139.729299,
    "lat": 35.620735,
    "x": -3357.2,
    "z": 6722.8,
    "distance": 109,
    "station": 23,
    "stationName": "Osaki",
    "fromStation": 141,
    "picked": false
   },
   "geometry": {
    "type": "Point",
    "coordinates": [
     139.729299,
     35.620735
    ]
   }
  },
  {
   "type": "Feature",
   "properties": {
    "id": "osm-node-1467901033",
    "osmType": "node",
    "osmId": 1467901033,
    "name": "志ほあみ地蔵尊",
    "nameEn": "Jizo",
    "family": "historic",
    "kind": "museumFacade",
    "wikidata": "Q121962787",
    "lon": 139.739954,
    "lat": 35.652377,
    "x": -2400.6,
    "z": 3210.1,
    "distance": 991,
    "station": 26,
    "stationName": "Tamachi",
    "fromStation": 1014,
    "picked": false
   },
   "geometry": {
    "type": "Point",
    "coordinates": [
     139.739954,
     35.652377
    ]
   }
  },
  {
   "type": "Feature",
   "properties": {
    "id": "osm-node-1484933111",
    "osmType": "node",
    "osmId": 1484933111,
    "name": "かちどき 橋の資料館",
    "nameEn": "Kachidoki Bridge Museum",
    "family": "museum",
    "kind": "museumFacade",
    "wikidata": "Q109160363",
    "lon": 139.773659,
    "lat": 35.663049,
    "x": 648,
    "z": 2018.2,
    "distance": 1366,
    "station": 28,
    "stationName": "Shimbashi",
    "fromStation": 1452,
    "picked": false
   },
   "geometry": {
    "type": "Point",
    "coordinates": [
     139.773659,
     35.663049
    ]
   }
  },
  {
   "type": "Feature",
   "properties": {
    "id": "osm-node-1549902438",
    "osmType": "node",
    "osmId": 1549902438,
    "name": "七倉稲荷神社",
    "nameEn": "Nanakura-inari-jinja Shrine",
    "family": "worship",
    "kind": "templeRoof",
    "wikidata": "Q112389921",
    "lon": 139.766136,
    "lat": 35.715043,
    "x": -48.7,
    "z": -3748.3,
    "distance": 871,
    "station": 4,
    "stationName": "Ueno",
    "fromStation": 914,
    "picked": false
   },
   "geometry": {
    "type": "Point",
    "coordinates": [
     139.766136,
     35.715043
    ]
   }
  },
  {
   "type": "Feature",
   "properties": {
    "id": "osm-node-1587597689",
    "osmType": "node",
    "osmId": 1587597689,
    "name": "小松宮彰仁親王銅像",
    "nameEn": "Statue of Prince Komatsunomiya",
    "family": "historic",
    "kind": "museumFacade",
    "wikidata": "Q712627",
    "lon": 139.773475,
    "lat": 35.715385,
    "x": 615.2,
    "z": -3788.1,
    "distance": 304,
    "station": 4,
    "stationName": "Ueno",
    "fromStation": 308,
    "picked": false
   },
   "geometry": {
    "type": "Point",
    "coordinates": [
     139.773475,
     35.715385
    ]
   }
  },
  {
   "type": "Feature",
   "properties": {
    "id": "osm-node-1628530481",
    "osmType": "node",
    "osmId": 1628530481,
    "name": "高徳寺",
    "nameEn": "Kotokuji",
    "family": "worship",
    "kind": "templeRoof",
    "wikidata": "Q119928677",
    "lon": 139.715271,
    "lat": 35.672317,
    "x": -4640.5,
    "z": 1003.1,
    "distance": 1071,
    "station": 18,
    "stationName": "Harajuku",
    "fromStation": 1182,
    "picked": false
   },
   "geometry": {
    "type": "Point",
    "coordinates": [
     139.715271,
     35.672317
    ]
   }
  },
  {
   "type": "Feature",
   "properties": {
    "id": "osm-node-1633971756",
    "osmType": "node",
    "osmId": 1633971756,
    "name": "江戸開城西郷南洲勝海舟会見之地",
    "nameEn": "Historic Place Where Saigo Takamori and Katsu Kaishu Met for the Negotiation for the Opening of Edo Castle",
    "family": "historic",
    "kind": "museumFacade",
    "wikidata": "Q133362241",
    "lon": 139.748689,
    "lat": 35.647269,
    "x": -1608.2,
    "z": 3774.9,
    "distance": 97,
    "station": 26,
    "stationName": "Tamachi",
    "fromStation": 192,
    "picked": true
   },
   "geometry": {
    "type": "Point",
    "coordinates": [
     139.748689,
     35.647269
    ]
   }
  },
  {
   "type": "Feature",
   "properties": {
    "id": "osm-node-1646657354",
    "osmType": "node",
    "osmId": 1646657354,
    "name": "智明寺 繁成寺",
    "nameEn": "Hanjoji Temple",
    "family": "worship",
    "kind": "templeRoof",
    "wikidata": "Q119928675",
    "lon": 139.722758,
    "lat": 35.658787,
    "x": -3959.3,
    "z": 2502.6,
    "distance": 1614,
    "station": 20,
    "stationName": "Ebisu",
    "fromStation": 1781,
    "picked": false
   },
   "geometry": {
    "type": "Point",
    "coordinates": [
     139.722758,
     35.658787
    ]
   }
  },
  {
   "type": "Feature",
   "properties": {
    "id": "osm-node-1666008101",
    "osmType": "node",
    "osmId": 1666008101,
    "name": "ボードワン博士像",
    "nameEn": "Statue of Dr. Anthonius Franciscus Bauduin",
    "family": "historic",
    "kind": "museumFacade",
    "wikidata": "Q1856211",
    "lon": 139.774107,
    "lat": 35.716668,
    "x": 672,
    "z": -3930.6,
    "distance": 333,
    "station": 4,
    "stationName": "Ueno",
    "fromStation": 385,
    "picked": false
   },
   "geometry": {
    "type": "Point",
    "coordinates": [
     139.774107,
     35.716668
    ]
   }
  },
  {
   "type": "Feature",
   "properties": {
    "id": "osm-node-1727248053",
    "osmType": "node",
    "osmId": 1727248053,
    "name": "浄運院",
    "nameEn": null,
    "family": "worship",
    "kind": "templeRoof",
    "wikidata": "Q131925704",
    "lon": 139.752496,
    "lat": 35.65684,
    "x": -1266.2,
    "z": 2712.1,
    "distance": 442,
    "station": 27,
    "stationName": "Hamamatsucho",
    "fromStation": 453,
    "picked": false
   },
   "geometry": {
    "type": "Point",
    "coordinates": [
     139.752496,
     35.65684
    ]
   }
  },
  {
   "type": "Feature",
   "properties": {
    "id": "osm-node-1733357504",
    "osmType": "node",
    "osmId": 1733357504,
    "name": "目黒区美術館",
    "nameEn": "Meguro Museum of Art",
    "family": "museum",
    "kind": "museumFacade",
    "wikidata": "Q3815450",
    "lon": 139.707676,
    "lat": 35.634925,
    "x": -5319.3,
    "z": 5152.9,
    "distance": 691,
    "station": 21,
    "stationName": "Meguro",
    "fromStation": 742,
    "picked": false
   },
   "geometry": {
    "type": "Point",
    "coordinates": [
     139.707676,
     35.634925
    ]
   }
  },
  {
   "type": "Feature",
   "properties": {
    "id": "osm-node-1754776529",
    "osmType": "node",
    "osmId": 1754776529,
    "name": "厳流稲荷社 茶之木稲荷神社",
    "nameEn": null,
    "family": "historic",
    "kind": "museumFacade",
    "wikidata": "Q113385887",
    "lon": 139.746389,
    "lat": 35.647758,
    "x": -1816.6,
    "z": 3721.1,
    "distance": 250,
    "station": 26,
    "stationName": "Tamachi",
    "fromStation": 251,
    "picked": false
   },
   "geometry": {
    "type": "Point",
    "coordinates": [
     139.746389,
     35.647758
    ]
   }
  },
  {
   "type": "Feature",
   "properties": {
    "id": "osm-node-1755267516",
    "osmType": "node",
    "osmId": 1755267516,
    "name": "慈眼禅寺",
    "nameEn": "Jigan-zenji",
    "family": "worship",
    "kind": "templeRoof",
    "wikidata": "Q11495032",
    "lon": 139.739504,
    "lat": 35.645392,
    "x": -2439.5,
    "z": 3985.1,
    "distance": 453,
    "station": 26,
    "stationName": "Tamachi",
    "fromStation": 741,
    "picked": false
   },
   "geometry": {
    "type": "Point",
    "coordinates": [
     139.739504,
     35.645392
    ]
   }
  },
  {
   "type": "Feature",
   "properties": {
    "id": "osm-node-1755267526",
    "osmType": "node",
    "osmId": 1755267526,
    "name": "願海寺",
    "nameEn": "Gankai-ji",
    "family": "worship",
    "kind": "templeRoof",
    "wikidata": "Q111905191",
    "lon": 139.740038,
    "lat": 35.64549,
    "x": -2391.1,
    "z": 3974.1,
    "distance": 419,
    "station": 26,
    "stationName": "Tamachi",
    "fromStation": 692,
    "picked": false
   },
   "geometry": {
    "type": "Point",
    "coordinates": [
     139.740038,
     35.64549
    ]
   }
  },
  {
   "type": "Feature",
   "properties": {
    "id": "osm-node-1755355289",
    "osmType": "node",
    "osmId": 1755355289,
    "name": "荻生徂徠墓",
    "nameEn": "Ogyu Sorai's Tomb",
    "family": "historic",
    "kind": "museumFacade",
    "wikidata": "Q11618994",
    "lon": 139.737375,
    "lat": 35.644388,
    "x": -2632,
    "z": 4097,
    "distance": 576,
    "station": 26,
    "stationName": "Tamachi",
    "fromStation": 945,
    "picked": false
   },
   "geometry": {
    "type": "Point",
    "coordinates": [
     139.737375,
     35.644388
    ]
   }
  },
  {
   "type": "Feature",
   "properties": {
    "id": "osm-node-1755998791",
    "osmType": "node",
    "osmId": 1755998791,
    "name": "樹谷山 正満寺",
    "nameEn": "Masamanji Temple, Mt. Kitani",
    "family": "worship",
    "kind": "templeRoof",
    "wikidata": "Q20983126",
    "lon": 139.731808,
    "lat": 35.637126,
    "x": -3134.3,
    "z": 4903.8,
    "distance": 807,
    "station": 25,
    "stationName": "Takanawa Gateway",
    "fromStation": 812,
    "picked": false
   },
   "geometry": {
    "type": "Point",
    "coordinates": [
     139.731808,
     35.637126
    ]
   }
  },
  {
   "type": "Feature",
   "properties": {
    "id": "osm-node-1771943324",
    "osmType": "node",
    "osmId": 1771943324,
    "name": "常林寺",
    "nameEn": "Jorin-ji",
    "family": "worship",
    "kind": "templeRoof",
    "wikidata": "Q107391083",
    "lon": 139.739385,
    "lat": 35.644303,
    "x": -2450,
    "z": 4105.9,
    "distance": 406,
    "station": 26,
    "stationName": "Tamachi",
    "fromStation": 768,
    "picked": false
   },
   "geometry": {
    "type": "Point",
    "coordinates": [
     139.739385,
     35.644303
    ]
   }
  },
  {
   "type": "Feature",
   "properties": {
    "id": "osm-node-1771943327",
    "osmType": "node",
    "osmId": 1771943327,
    "name": "明福寺",
    "nameEn": "Myofuku-ji",
    "family": "worship",
    "kind": "templeRoof",
    "wikidata": "Q111904915",
    "lon": 139.739825,
    "lat": 35.644817,
    "x": -2410.3,
    "z": 4048.9,
    "distance": 396,
    "station": 26,
    "stationName": "Tamachi",
    "fromStation": 718,
    "picked": false
   },
   "geometry": {
    "type": "Point",
    "coordinates": [
     139.739825,
     35.644817
    ]
   }
  },
  {
   "type": "Feature",
   "properties": {
    "id": "osm-node-1772555185",
    "osmType": "node",
    "osmId": 1772555185,
    "name": "王鳳寺",
    "nameEn": null,
    "family": "worship",
    "kind": "templeRoof",
    "wikidata": "Q11572864",
    "lon": 139.738428,
    "lat": 35.643912,
    "x": -2536.5,
    "z": 4149.6,
    "distance": 468,
    "station": 26,
    "stationName": "Tamachi",
    "fromStation": 862,
    "picked": false
   },
   "geometry": {
    "type": "Point",
    "coordinates": [
     139.738428,
     35.643912
    ]
   }
  },
  {
   "type": "Feature",
   "properties": {
    "id": "osm-node-1772594481",
    "osmType": "node",
    "osmId": 1772594481,
    "name": "寶徳寺",
    "nameEn": "Jittoku-ji",
    "family": "worship",
    "kind": "templeRoof",
    "wikidata": "Q11452554",
    "lon": 139.737168,
    "lat": 35.643102,
    "x": -2650.4,
    "z": 4239.7,
    "distance": 551,
    "station": 25,
    "stationName": "Takanawa Gateway",
    "fromStation": 903,
    "picked": false
   },
   "geometry": {
    "type": "Point",
    "coordinates": [
     139.737168,
     35.643102
    ]
   }
  },
  {
   "type": "Feature",
   "properties": {
    "id": "osm-node-1772594482",
    "osmType": "node",
    "osmId": 1772594482,
    "name": "徳玄寺",
    "nameEn": "Tokugen-ji",
    "family": "worship",
    "kind": "templeRoof",
    "wikidata": "Q111904233",
    "lon": 139.737035,
    "lat": 35.642738,
    "x": -2662.4,
    "z": 4280.2,
    "distance": 553,
    "station": 25,
    "stationName": "Takanawa Gateway",
    "fromStation": 869,
    "picked": false
   },
   "geometry": {
    "type": "Point",
    "coordinates": [
     139.737035,
     35.642738
    ]
   }
  },
  {
   "type": "Feature",
   "properties": {
    "id": "osm-node-1772594485",
    "osmType": "node",
    "osmId": 1772594485,
    "name": "魚藍寺",
    "nameEn": "Gyoran-ji",
    "family": "worship",
    "kind": "templeRoof",
    "wikidata": "Q3122707",
    "lon": 139.737424,
    "lat": 35.642652,
    "x": -2627.2,
    "z": 4289.6,
    "distance": 516,
    "station": 25,
    "stationName": "Takanawa Gateway",
    "fromStation": 848,
    "picked": false
   },
   "geometry": {
    "type": "Point",
    "coordinates": [
     139.737424,
     35.642652
    ]
   }
  },
  {
   "type": "Feature",
   "properties": {
    "id": "osm-node-1773068459",
    "osmType": "node",
    "osmId": 1773068459,
    "name": "長祐山 承教寺",
    "nameEn": "Jokyo-ji",
    "family": "worship",
    "kind": "templeRoof",
    "wikidata": "Q11497328",
    "lon": 139.734691,
    "lat": 35.636661,
    "x": -2873.1,
    "z": 4954.8,
    "distance": 544,
    "station": 25,
    "stationName": "Takanawa Gateway",
    "fromStation": 546,
    "picked": false
   },
   "geometry": {
    "type": "Point",
    "coordinates": [
     139.734691,
     35.636661
    ]
   }
  },
  {
   "type": "Feature",
   "properties": {
    "id": "osm-node-1891105936",
    "osmType": "node",
    "osmId": 1891105936,
    "name": "善心寺",
    "nameEn": "Zenshinji Temple",
    "family": "worship",
    "kind": "templeRoof",
    "wikidata": "Q24870253",
    "lon": 139.730818,
    "lat": 35.722402,
    "x": -3246.1,
    "z": -4556.7,
    "distance": 949,
    "station": 11,
    "stationName": "Otsuka",
    "fromStation": 1044,
    "picked": false
   },
   "geometry": {
    "type": "Point",
    "coordinates": [
     139.730818,
     35.722402
    ]
   }
  },
  {
   "type": "Feature",
   "properties": {
    "id": "osm-node-1891117441",
    "osmType": "node",
    "osmId": 1891117441,
    "name": "智香寺",
    "nameEn": null,
    "family": "worship",
    "kind": "templeRoof",
    "wikidata": "Q106836605",
    "lon": 139.736873,
    "lat": 35.722255,
    "x": -2698.3,
    "z": -4541.6,
    "distance": 1017,
    "station": 10,
    "stationName": "Sugamo",
    "fromStation": 1254,
    "picked": false
   },
   "geometry": {
    "type": "Point",
    "coordinates": [
     139.736873,
     35.722255
    ]
   }
  },
  {
   "type": "Feature",
   "properties": {
    "id": "osm-node-1891135988",
    "osmType": "node",
    "osmId": 1891135988,
    "name": "心光寺",
    "nameEn": "Shinko-ji",
    "family": "worship",
    "kind": "templeRoof",
    "wikidata": "Q106836766",
    "lon": 139.751447,
    "lat": 35.721282,
    "x": -1379.6,
    "z": -4436.9,
    "distance": 1684,
    "station": 10,
    "stationName": "Sugamo",
    "fromStation": 1724,
    "picked": false
   },
   "geometry": {
    "type": "Point",
    "coordinates": [
     139.751447,
     35.721282
    ]
   }
  },
  {
   "type": "Feature",
   "properties": {
    "id": "osm-node-1894070052",
    "osmType": "node",
    "osmId": 1894070052,
    "name": "桜田神社",
    "nameEn": "Sakurada-jinja Shrine",
    "family": "worship",
    "kind": "templeRoof",
    "wikidata": "Q97376109",
    "lon": 139.727161,
    "lat": 35.659276,
    "x": -3560.8,
    "z": 2447.5,
    "distance": 1987,
    "station": 20,
    "stationName": "Ebisu",
    "fromStation": 2095,
    "picked": false
   },
   "geometry": {
    "type": "Point",
    "coordinates": [
     139.727161,
     35.659276
    ]
   }
  },
  {
   "type": "Feature",
   "properties": {
    "id": "osm-node-1897801904",
    "osmType": "node",
    "osmId": 1897801904,
    "name": "朗惺寺",
    "nameEn": null,
    "family": "worship",
    "kind": "templeRoof",
    "wikidata": "Q97341881",
    "lon": 139.705641,
    "lat": 35.619897,
    "x": -5500.1,
    "z": 6820.6,
    "distance": 1560,
    "station": 22,
    "stationName": "Gotanda",
    "fromStation": 1782,
    "picked": false
   },
   "geometry": {
    "type": "Point",
    "coordinates": [
     139.705641,
     35.619897
    ]
   }
  },
  {
   "type": "Feature",
   "properties": {
    "id": "osm-node-1899250187",
    "osmType": "node",
    "osmId": 1899250187,
    "name": "天現寺",
    "nameEn": "Tengenji Temple",
    "family": "worship",
    "kind": "templeRoof",
    "wikidata": "Q60986187",
    "lon": 139.723601,
    "lat": 35.648001,
    "x": -3880.2,
    "z": 3699.1,
    "distance": 1175,
    "station": 20,
    "stationName": "Ebisu",
    "fromStation": 1227,
    "picked": false
   },
   "geometry": {
    "type": "Point",
    "coordinates": [
     139.723601,
     35.648001
    ]
   }
  },
  {
   "type": "Feature",
   "properties": {
    "id": "osm-node-1899258676",
    "osmType": "node",
    "osmId": 1899258676,
    "name": "東北寺",
    "nameEn": null,
    "family": "worship",
    "kind": "templeRoof",
    "wikidata": "Q17220793",
    "lon": 139.713913,
    "lat": 35.651932,
    "x": -4758.5,
    "z": 3264.9,
    "distance": 551,
    "station": 20,
    "stationName": "Ebisu",
    "fromStation": 697,
    "picked": false
   },
   "geometry": {
    "type": "Point",
    "coordinates": [
     139.713913,
     35.651932
    ]
   }
  },
  {
   "type": "Feature",
   "properties": {
    "id": "osm-node-1899389295",
    "osmType": "node",
    "osmId": 1899389295,
    "name": "室泉寺",
    "nameEn": "Shitsusenji Temple",
    "family": "worship",
    "kind": "templeRoof",
    "wikidata": "Q106836592",
    "lon": 139.711672,
    "lat": 35.650834,
    "x": -4961.2,
    "z": 3387.2,
    "distance": 316,
    "station": 20,
    "stationName": "Ebisu",
    "fromStation": 506,
    "picked": false
   },
   "geometry": {
    "type": "Point",
    "coordinates": [
     139.711672,
     35.650834
    ]
   }
  },
  {
   "type": "Feature",
   "properties": {
    "id": "osm-node-1899397114",
    "osmType": "node",
    "osmId": 1899397114,
    "name": "法雲寺",
    "nameEn": "Hounji Temple",
    "family": "worship",
    "kind": "templeRoof",
    "wikidata": "Q29408243",
    "lon": 139.713626,
    "lat": 35.649739,
    "x": -4784,
    "z": 3508.2,
    "distance": 428,
    "station": 20,
    "stationName": "Ebisu",
    "fromStation": 481,
    "picked": false
   },
   "geometry": {
    "type": "Point",
    "coordinates": [
     139.713626,
     35.649739
    ]
   }
  },
  {
   "type": "Feature",
   "properties": {
    "id": "osm-node-1909437670",
    "osmType": "node",
    "osmId": 1909437670,
    "name": "平塚神社",
    "nameEn": "Hiratsuka-jinja Shrine",
    "family": "worship",
    "kind": "templeRoof",
    "wikidata": "Q11482357",
    "lon": 139.74608,
    "lat": 35.746196,
    "x": -1872,
    "z": -7199.8,
    "distance": 981,
    "station": 9,
    "stationName": "Komagome",
    "fromStation": 1075,
    "picked": false
   },
   "geometry": {
    "type": "Point",
    "coordinates": [
     139.74608,
     35.746196
    ]
   }
  },
  {
   "type": "Feature",
   "properties": {
    "id": "osm-node-1916524834",
    "osmType": "node",
    "osmId": 1916524834,
    "name": "神田寺",
    "nameEn": "Kandadera Temple",
    "family": "worship",
    "kind": "templeRoof",
    "wikidata": "Q106020484",
    "lon": 139.770348,
    "lat": 35.701357,
    "x": 336.5,
    "z": -2231,
    "distance": 276,
    "station": 2,
    "stationName": "Akihabara",
    "fromStation": 411,
    "picked": false
   },
   "geometry": {
    "type": "Point",
    "coordinates": [
     139.770348,
     35.701357
    ]
   }
  },
  {
   "type": "Feature",
   "properties": {
    "id": "osm-node-1925754272",
    "osmType": "node",
    "osmId": 1925754272,
    "name": "正福院",
    "nameEn": "Shōfukuin",
    "family": "worship",
    "kind": "templeRoof",
    "wikidata": "Q111974639",
    "lon": 139.785953,
    "lat": 35.710335,
    "x": 1745.8,
    "z": -3231.1,
    "distance": 949,
    "station": 4,
    "stationName": "Ueno",
    "fromStation": 964,
    "picked": false
   },
   "geometry": {
    "type": "Point",
    "coordinates": [
     139.785953,
     35.710335
    ]
   }
  },
  {
   "type": "Feature",
   "properties": {
    "id": "osm-node-1927476976",
    "osmType": "node",
    "osmId": 1927476976,
    "name": "回向院",
    "nameEn": "Ekoin Temple",
    "family": "worship",
    "kind": "templeRoof",
    "wikidata": "Q3049659",
    "lon": 139.79204,
    "lat": 35.693339,
    "x": 2302.2,
    "z": -1347,
    "distance": 1778,
    "station": 2,
    "stationName": "Akihabara",
    "fromStation": 1810,
    "picked": false
   },
   "geometry": {
    "type": "Point",
    "coordinates": [
     139.79204,
     35.693339
    ]
   }
  },
  {
   "type": "Feature",
   "properties": {
    "id": "osm-node-1928014784",
    "osmType": "node",
    "osmId": 1928014784,
    "name": "瑞聖寺",
    "nameEn": "Zuishoji Temple",
    "family": "worship",
    "kind": "templeRoof",
    "wikidata": "Q11573963",
    "lon": 139.726995,
    "lat": 35.637258,
    "x": -3570.1,
    "z": 4890.3,
    "distance": 1068,
    "station": 21,
    "stationName": "Meguro",
    "fromStation": 1074,
    "picked": false
   },
   "geometry": {
    "type": "Point",
    "coordinates": [
     139.726995,
     35.637258
    ]
   }
  },
  {
   "type": "Feature",
   "properties": {
    "id": "osm-node-1934920328",
    "osmType": "node",
    "osmId": 1934920328,
    "name": "正春寺",
    "nameEn": null,
    "family": "worship",
    "kind": "templeRoof",
    "wikidata": "Q106836591",
    "lon": 139.691591,
    "lat": 35.684148,
    "x": -6786.7,
    "z": -305,
    "distance": 902,
    "station": 17,
    "stationName": "Yoyogi",
    "fromStation": 946,
    "picked": true
   },
   "geometry": {
    "type": "Point",
    "coordinates": [
     139.691591,
     35.684148
    ]
   }
  },
  {
   "type": "Feature",
   "properties": {
    "id": "osm-node-1957928049",
    "osmType": "node",
    "osmId": 1957928049,
    "name": "常照院",
    "nameEn": null,
    "family": "worship",
    "kind": "templeRoof",
    "wikidata": "Q54152985",
    "lon": 139.751922,
    "lat": 35.657548,
    "x": -1318.4,
    "z": 2633.7,
    "distance": 510,
    "station": 27,
    "stationName": "Hamamatsucho",
    "fromStation": 536,
    "picked": false
   },
   "geometry": {
    "type": "Point",
    "coordinates": [
     139.751922,
     35.657548
    ]
   }
  },
  {
   "type": "Feature",
   "properties": {
    "id": "osm-node-1964113582",
    "osmType": "node",
    "osmId": 1964113582,
    "name": "伊勢半本店 紅ミュージアム",
    "nameEn": "Kurenai Museum",
    "family": "museum",
    "kind": "museumFacade",
    "wikidata": "Q11378949",
    "lon": 139.717979,
    "lat": 35.659913,
    "x": -4392.3,
    "z": 2378.7,
    "distance": 1329,
    "station": 19,
    "stationName": "Shibuya",
    "fromStation": 1483,
    "picked": false
   },
   "geometry": {
    "type": "Point",
    "coordinates": [
     139.717979,
     35.659913
    ]
   }
  },
  {
   "type": "Feature",
   "properties": {
    "id": "osm-node-1966249089",
    "osmType": "node",
    "osmId": 1966249089,
    "name": "岡本太郎記念館",
    "nameEn": "Taro Okamoto Memorial Museum",
    "family": "museum",
    "kind": "museumFacade",
    "wikidata": "Q11473108",
    "lon": 139.71553,
    "lat": 35.661272,
    "x": -4614.4,
    "z": 2228.4,
    "distance": 1247,
    "station": 19,
    "stationName": "Shibuya",
    "fromStation": 1297,
    "picked": false
   },
   "geometry": {
    "type": "Point",
    "coordinates": [
     139.71553,
     35.661272
    ]
   }
  },
  {
   "type": "Feature",
   "properties": {
    "id": "osm-node-1975522149",
    "osmType": "node",
    "osmId": 1975522149,
    "name": "中目黒八幡神社",
    "nameEn": null,
    "family": "worship",
    "kind": "templeRoof",
    "wikidata": "Q11366822",
    "lon": 139.700317,
    "lat": 35.639501,
    "x": -5986.8,
    "z": 4646.6,
    "distance": 1134,
    "station": 20,
    "stationName": "Ebisu",
    "fromStation": 1179,
    "picked": false
   },
   "geometry": {
    "type": "Point",
    "coordinates": [
     139.700317,
     35.639501
    ]
   }
  },
  {
   "type": "Feature",
   "properties": {
    "id": "osm-node-1975522153",
    "osmType": "node",
    "osmId": 1975522153,
    "name": "東京都目黒区立 川の資料館",
    "nameEn": null,
    "family": "museum",
    "kind": "museumFacade",
    "wikidata": null,
    "lon": 139.702263,
    "lat": 35.641317,
    "x": -5811,
    "z": 4444.8,
    "distance": 889,
    "station": 20,
    "stationName": "Ebisu",
    "fromStation": 915,
    "picked": false
   },
   "geometry": {
    "type": "Point",
    "coordinates": [
     139.702263,
     35.641317
    ]
   }
  },
  {
   "type": "Feature",
   "properties": {
    "id": "osm-node-1975522155",
    "osmType": "node",
    "osmId": 1975522155,
    "name": "正覚寺",
    "nameEn": null,
    "family": "worship",
    "kind": "templeRoof",
    "wikidata": "Q29408061",
    "lon": 139.700407,
    "lat": 35.641294,
    "x": -5979,
    "z": 4447.6,
    "distance": 1042,
    "station": 20,
    "stationName": "Ebisu",
    "fromStation": 1054,
    "picked": false
   },
   "geometry": {
    "type": "Point",
    "coordinates": [
     139.700407,
     35.641294
    ]
   }
  },
  {
   "type": "Feature",
   "properties": {
    "id": "osm-node-1988275174",
    "osmType": "node",
    "osmId": 1988275174,
    "name": "玉窓寺",
    "nameEn": null,
    "family": "worship",
    "kind": "templeRoof",
    "wikidata": "Q110645338",
    "lon": 139.723034,
    "lat": 35.670098,
    "x": -3937.2,
    "z": 1247.7,
    "distance": 1813,
    "station": 18,
    "stationName": "Harajuku",
    "fromStation": 1862,
    "picked": false
   },
   "geometry": {
    "type": "Point",
    "coordinates": [
     139.723034,
     35.670098
    ]
   }
  },
  {
   "type": "Feature",
   "properties": {
    "id": "osm-node-1997154678",
    "osmType": "node",
    "osmId": 1997154678,
    "name": "正光院",
    "nameEn": "Shokoin Temple",
    "family": "worship",
    "kind": "templeRoof",
    "wikidata": "Q116838109",
    "lon": 139.727701,
    "lat": 35.657423,
    "x": -3511.4,
    "z": 2652.9,
    "distance": 1939,
    "station": 20,
    "stationName": "Ebisu",
    "fromStation": 2000,
    "picked": false
   },
   "geometry": {
    "type": "Point",
    "coordinates": [
     139.727701,
     35.657423
    ]
   }
  },
  {
   "type": "Feature",
   "properties": {
    "id": "osm-node-2155516780",
    "osmType": "node",
    "osmId": 2155516780,
    "name": "三谷八幡神社",
    "nameEn": null,
    "family": "worship",
    "kind": "templeRoof",
    "wikidata": "Q11357253",
    "lon": 139.702699,
    "lat": 35.617075,
    "x": -5765.9,
    "z": 7134.2,
    "distance": 1970,
    "station": 22,
    "stationName": "Gotanda",
    "fromStation": 2159,
    "picked": false
   },
   "geometry": {
    "type": "Point",
    "coordinates": [
     139.702699,
     35.617075
    ]
   }
  },
  {
   "type": "Feature",
   "properties": {
    "id": "osm-node-2159433920",
    "osmType": "node",
    "osmId": 2159433920,
    "name": "善福寺",
    "nameEn": "Zenpuku-ji Temple",
    "family": "worship",
    "kind": "templeRoof",
    "wikidata": "Q3575225",
    "lon": 139.732872,
    "lat": 35.653564,
    "x": -3042.2,
    "z": 3079.9,
    "distance": 1494,
    "station": 26,
    "stationName": "Tamachi",
    "fromStation": 1596,
    "picked": false
   },
   "geometry": {
    "type": "Point",
    "coordinates": [
     139.732872,
     35.653564
    ]
   }
  },
  {
   "type": "Feature",
   "properties": {
    "id": "osm-node-2179766912",
    "osmType": "node",
    "osmId": 2179766912,
    "name": "林芙美子記念館",
    "nameEn": "Hayashi Fumiko Memorial Hall",
    "family": "museum",
    "kind": "museumFacade",
    "wikidata": "Q11533289",
    "lon": 139.684266,
    "lat": 35.715847,
    "x": -7456.3,
    "z": -3820.5,
    "distance": 1786,
    "station": 14,
    "stationName": "Takadanobaba",
    "fromStation": 1792,
    "picked": false
   },
   "geometry": {
    "type": "Point",
    "coordinates": [
     139.684266,
     35.715847
    ]
   }
  },
  {
   "type": "Feature",
   "properties": {
    "id": "osm-node-2244671842",
    "osmType": "node",
    "osmId": 2244671842,
    "name": "代々木八幡宮",
    "nameEn": "Yoyogi Hachiman",
    "family": "worship",
    "kind": "templeRoof",
    "wikidata": "Q11378221",
    "lon": 139.688974,
    "lat": 35.67199,
    "x": -7021,
    "z": 1044.3,
    "distance": 1237,
    "station": 18,
    "stationName": "Harajuku",
    "fromStation": 1237,
    "picked": false
   },
   "geometry": {
    "type": "Point",
    "coordinates": [
     139.688974,
     35.67199
    ]
   }
  },
  {
   "type": "Feature",
   "properties": {
    "id": "osm-node-2258202675",
    "osmType": "node",
    "osmId": 2258202675,
    "name": "小網神社",
    "nameEn": "Koami Shrine",
    "family": "worship",
    "kind": "templeRoof",
    "wikidata": "Q106852453",
    "lon": 139.780448,
    "lat": 35.684167,
    "x": 1255.9,
    "z": -326.5,
    "distance": 1082,
    "station": 1,
    "stationName": "Kanda",
    "fromStation": 1204,
    "picked": false
   },
   "geometry": {
    "type": "Point",
    "coordinates": [
     139.780448,
     35.684167
    ]
   }
  },
  {
   "type": "Feature",
   "properties": {
    "id": "osm-node-2279256797",
    "osmType": "node",
    "osmId": 2279256797,
    "name": "江島杉山神社",
    "nameEn": "Ejima Sugiyama Shrine",
    "family": "worship",
    "kind": "templeRoof",
    "wikidata": "Q97280595",
    "lon": 139.792613,
    "lat": 35.691337,
    "x": 2354.7,
    "z": -1125.2,
    "distance": 1877,
    "station": 2,
    "stationName": "Akihabara",
    "fromStation": 1938,
    "picked": false
   },
   "geometry": {
    "type": "Point",
    "coordinates": [
     139.792613,
     35.691337
    ]
   }
  },
  {
   "type": "Feature",
   "properties": {
    "id": "osm-node-2283667893",
    "osmType": "node",
    "osmId": 2283667893,
    "name": "都旧跡 元和キリシタン遺跡",
    "nameEn": "The Place Where 50 Christians Were Executed in 1623",
    "family": "historic",
    "kind": "museumFacade",
    "wikidata": "Q11387803",
    "lon": 139.742143,
    "lat": 35.64474,
    "x": -2200.3,
    "z": 4056.8,
    "distance": 215,
    "station": 26,
    "stationName": "Tamachi",
    "fromStation": 513,
    "picked": false
   },
   "geometry": {
    "type": "Point",
    "coordinates": [
     139.742143,
     35.64474
    ]
   }
  },
  {
   "type": "Feature",
   "properties": {
    "id": "osm-node-2283943982",
    "osmType": "node",
    "osmId": 2283943982,
    "name": "Button Museum",
    "nameEn": "Button Museum",
    "family": "museum",
    "kind": "museumFacade",
    "wikidata": null,
    "lon": 139.787872,
    "lat": 35.691191,
    "x": 1925.7,
    "z": -1107.6,
    "distance": 1469,
    "station": 1,
    "stationName": "Kanda",
    "fromStation": 1532,
    "picked": false
   },
   "geometry": {
    "type": "Point",
    "coordinates": [
     139.787872,
     35.691191
    ]
   }
  },
  {
   "type": "Feature",
   "properties": {
    "id": "osm-node-2333009719",
    "osmType": "node",
    "osmId": 2333009719,
    "name": "東京大学大学院総合文化研究科教養学部美術博物館",
    "nameEn": "Komaba Museum",
    "family": "museum",
    "kind": "museumFacade",
    "wikidata": null,
    "lon": 139.685711,
    "lat": 35.659355,
    "x": -7313.7,
    "z": 2446.6,
    "distance": 1407,
    "station": 19,
    "stationName": "Shibuya",
    "fromStation": 1459,
    "picked": false
   },
   "geometry": {
    "type": "Point",
    "coordinates": [
     139.685711,
     35.659355
    ]
   }
  },
  {
   "type": "Feature",
   "properties": {
    "id": "osm-node-2356795249",
    "osmType": "node",
    "osmId": 2356795249,
    "name": "乗泉寺",
    "nameEn": "Josenji Temple",
    "family": "worship",
    "kind": "templeRoof",
    "wikidata": "Q43593983",
    "lon": 139.701847,
    "lat": 35.653231,
    "x": -5851.4,
    "z": 3123.1,
    "distance": 278,
    "station": 19,
    "stationName": "Shibuya",
    "fromStation": 537,
    "picked": false
   },
   "geometry": {
    "type": "Point",
    "coordinates": [
     139.701847,
     35.653231
    ]
   }
  },
  {
   "type": "Feature",
   "properties": {
    "id": "osm-node-2360061576",
    "osmType": "node",
    "osmId": 2360061576,
    "name": "氷川神社",
    "nameEn": "Hikawa-jinja Shrine",
    "family": "worship",
    "kind": "templeRoof",
    "wikidata": "Q11552243",
    "lon": 139.711209,
    "lat": 35.743704,
    "x": -5025.3,
    "z": -6916,
    "distance": 1089,
    "station": 12,
    "stationName": "Ikebukuro",
    "fromStation": 1493,
    "picked": false
   },
   "geometry": {
    "type": "Point",
    "coordinates": [
     139.711209,
     35.743704
    ]
   }
  },
  {
   "type": "Feature",
   "properties": {
    "id": "osm-node-2366680454",
    "osmType": "node",
    "osmId": 2366680454,
    "name": "大廣神社",
    "nameEn": null,
    "family": "worship",
    "kind": "templeRoof",
    "wikidata": "Q111840261",
    "lon": 139.790091,
    "lat": 35.685566,
    "x": 2128.3,
    "z": -484.2,
    "distance": 1861,
    "station": 1,
    "stationName": "Kanda",
    "fromStation": 1863,
    "picked": false
   },
   "geometry": {
    "type": "Point",
    "coordinates": [
     139.790091,
     35.685566
    ]
   }
  },
  {
   "type": "Feature",
   "properties": {
    "id": "osm-node-2367019739",
    "osmType": "node",
    "osmId": 2367019739,
    "name": "春日神社",
    "nameEn": "Kasuga Shrine",
    "family": "worship",
    "kind": "templeRoof",
    "wikidata": "Q65247901",
    "lon": 139.744362,
    "lat": 35.649573,
    "x": -2000.7,
    "z": 3520.2,
    "distance": 517,
    "station": 26,
    "stationName": "Tamachi",
    "fromStation": 519,
    "picked": false
   },
   "geometry": {
    "type": "Point",
    "coordinates": [
     139.744362,
     35.649573
    ]
   }
  },
  {
   "type": "Feature",
   "properties": {
    "id": "osm-node-2385950544",
    "osmType": "node",
    "osmId": 2385950544,
    "name": "多武峯内藤神社",
    "nameEn": null,
    "family": "worship",
    "kind": "templeRoof",
    "wikidata": "Q106852421",
    "lon": 139.715293,
    "lat": 35.685009,
    "x": -4641.6,
    "z": -405,
    "distance": 1178,
    "station": 17,
    "stationName": "Yoyogi",
    "fromStation": 1206,
    "picked": false
   },
   "geometry": {
    "type": "Point",
    "coordinates": [
     139.715293,
     35.685009
    ]
   }
  },
  {
   "type": "Feature",
   "properties": {
    "id": "osm-node-2429693513",
    "osmType": "node",
    "osmId": 2429693513,
    "name": "銀座教会",
    "nameEn": "Ginza Church",
    "family": "worship",
    "kind": "templeRoof",
    "wikidata": "Q11650005",
    "lon": 139.764333,
    "lat": 35.672999,
    "x": -199.3,
    "z": 916.6,
    "distance": 240,
    "station": 29,
    "stationName": "Yurakucho",
    "fromStation": 249,
    "picked": true
   },
   "geometry": {
    "type": "Point",
    "coordinates": [
     139.764333,
     35.672999
    ]
   }
  },
  {
   "type": "Feature",
   "properties": {
    "id": "osm-node-2457988864",
    "osmType": "node",
    "osmId": 2457988864,
    "name": "森鴎外記念館",
    "nameEn": "Mori Ogai Memorial Museum",
    "family": "museum",
    "kind": "museumFacade",
    "wikidata": "Q84836242",
    "lon": 139.760649,
    "lat": 35.724845,
    "x": -548.1,
    "z": -4834.5,
    "distance": 902,
    "station": 6,
    "stationName": "Nippori",
    "fromStation": 948,
    "picked": false
   },
   "geometry": {
    "type": "Point",
    "coordinates": [
     139.760649,
     35.724845
    ]
   }
  },
  {
   "type": "Feature",
   "properties": {
    "id": "osm-node-2508263515",
    "osmType": "node",
    "osmId": 2508263515,
    "name": "蟠竜寺",
    "nameEn": null,
    "family": "worship",
    "kind": "templeRoof",
    "wikidata": "Q97182849",
    "lon": 139.708433,
    "lat": 35.630403,
    "x": -5249.6,
    "z": 5654.5,
    "distance": 731,
    "station": 21,
    "stationName": "Meguro",
    "fromStation": 781,
    "picked": false
   },
   "geometry": {
    "type": "Point",
    "coordinates": [
     139.708433,
     35.630403
    ]
   }
  },
  {
   "type": "Feature",
   "properties": {
    "id": "osm-node-2508347598",
    "osmType": "node",
    "osmId": 2508347598,
    "name": "法善寺",
    "nameEn": "Hozenji Temple",
    "family": "worship",
    "kind": "templeRoof",
    "wikidata": "Q106836794",
    "lon": 139.712619,
    "lat": 35.696617,
    "x": -4886.4,
    "z": -1692.3,
    "distance": 1159,
    "station": 15,
    "stationName": "Shin-Okubo",
    "fromStation": 1230,
    "picked": false
   },
   "geometry": {
    "type": "Point",
    "coordinates": [
     139.712619,
     35.696617
    ]
   }
  },
  {
   "type": "Feature",
   "properties": {
    "id": "osm-node-2508404794",
    "osmType": "node",
    "osmId": 2508404794,
    "name": "英信寺",
    "nameEn": "Eishin-ji Temple",
    "family": "worship",
    "kind": "templeRoof",
    "wikidata": "Q106588783",
    "lon": 139.782831,
    "lat": 35.721211,
    "x": 1459.8,
    "z": -4436.9,
    "distance": 335,
    "station": 5,
    "stationName": "Uguisudani",
    "fromStation": 449,
    "picked": false
   },
   "geometry": {
    "type": "Point",
    "coordinates": [
     139.782831,
     35.721211
    ]
   }
  },
  {
   "type": "Feature",
   "properties": {
    "id": "osm-node-2508972709",
    "osmType": "node",
    "osmId": 2508972709,
    "name": "養願寺",
    "nameEn": "Yogan-ji",
    "family": "worship",
    "kind": "templeRoof",
    "wikidata": "Q97166817",
    "lon": 139.742304,
    "lat": 35.618962,
    "x": -2178.7,
    "z": 6916.7,
    "distance": 466,
    "station": 24,
    "stationName": "Shinagawa",
    "fromStation": 1133,
    "picked": false
   },
   "geometry": {
    "type": "Point",
    "coordinates": [
     139.742304,
     35.618962
    ]
   }
  },
  {
   "type": "Feature",
   "properties": {
    "id": "osm-node-2508974880",
    "osmType": "node",
    "osmId": 2508974880,
    "name": "一心寺",
    "nameEn": null,
    "family": "worship",
    "kind": "templeRoof",
    "wikidata": "Q97164206",
    "lon": 139.743054,
    "lat": 35.619328,
    "x": -2110.9,
    "z": 6875.9,
    "distance": 523,
    "station": 24,
    "stationName": "Shinagawa",
    "fromStation": 1118,
    "picked": false
   },
   "geometry": {
    "type": "Point",
    "coordinates": [
     139.743054,
     35.619328
    ]
   }
  },
  {
   "type": "Feature",
   "properties": {
    "id": "osm-node-2509338673",
    "osmType": "node",
    "osmId": 2509338673,
    "name": "東光寺",
    "nameEn": null,
    "family": "worship",
    "kind": "templeRoof",
    "wikidata": "Q41692684",
    "lon": 139.726739,
    "lat": 35.60551,
    "x": -3585.2,
    "z": 8412.4,
    "distance": 1353,
    "station": 23,
    "stationName": "Osaki",
    "fromStation": 1567,
    "picked": false
   },
   "geometry": {
    "type": "Point",
    "coordinates": [
     139.726739,
     35.60551
    ]
   }
  },
  {
   "type": "Feature",
   "properties": {
    "id": "osm-node-2512414734",
    "osmType": "node",
    "osmId": 2512414734,
    "name": "山種美術館",
    "nameEn": "Yamatane Museum of Art",
    "family": "museum",
    "kind": "museumFacade",
    "wikidata": "Q3329572",
    "lon": 139.713641,
    "lat": 35.653174,
    "x": -4783.5,
    "z": 3127.1,
    "distance": 588,
    "station": 20,
    "stationName": "Ebisu",
    "fromStation": 810,
    "picked": false
   },
   "geometry": {
    "type": "Point",
    "coordinates": [
     139.713641,
     35.653174
    ]
   }
  },
  {
   "type": "Feature",
   "properties": {
    "id": "osm-node-2523231460",
    "osmType": "node",
    "osmId": 2523231460,
    "name": "鐡砲洲稲荷神社",
    "nameEn": "Teppozu Inari Shrine",
    "family": "worship",
    "kind": "templeRoof",
    "wikidata": "Q11651343",
    "lon": 139.779764,
    "lat": 35.67249,
    "x": 1197.7,
    "z": 969.2,
    "distance": 1418,
    "station": 29,
    "stationName": "Yurakucho",
    "fromStation": 1539,
    "picked": false
   },
   "geometry": {
    "type": "Point",
    "coordinates": [
     139.779764,
     35.67249
    ]
   }
  },
  {
   "type": "Feature",
   "properties": {
    "id": "osm-node-2749724507",
    "osmType": "node",
    "osmId": 2749724507,
    "name": "梅窓院",
    "nameEn": "Baiso-in",
    "family": "worship",
    "kind": "templeRoof",
    "wikidata": "Q48521463",
    "lon": 139.717852,
    "lat": 35.668988,
    "x": -4406,
    "z": 1371.9,
    "distance": 1395,
    "station": 18,
    "stationName": "Harajuku",
    "fromStation": 1399,
    "picked": false
   },
   "geometry": {
    "type": "Point",
    "coordinates": [
     139.717852,
     35.668988
    ]
   }
  },
  {
   "type": "Feature",
   "properties": {
    "id": "osm-node-2806173915",
    "osmType": "node",
    "osmId": 2806173915,
    "name": "千代田稲荷神社",
    "nameEn": null,
    "family": "worship",
    "kind": "templeRoof",
    "wikidata": "Q117808981",
    "lon": 139.695993,
    "lat": 35.659608,
    "x": -6382.9,
    "z": 2416.7,
    "distance": 476,
    "station": 19,
    "stationName": "Shibuya",
    "fromStation": 548,
    "picked": false
   },
   "geometry": {
    "type": "Point",
    "coordinates": [
     139.695993,
     35.659608
    ]
   }
  },
  {
   "type": "Feature",
   "properties": {
    "id": "osm-node-2876217554",
    "osmType": "node",
    "osmId": 2876217554,
    "name": "立泉寺",
    "nameEn": "Ryusen-ji",
    "family": "worship",
    "kind": "templeRoof",
    "wikidata": "Q119927216",
    "lon": 139.714959,
    "lat": 35.66997,
    "x": -4668.1,
    "z": 1263.6,
    "distance": 1114,
    "station": 18,
    "stationName": "Harajuku",
    "fromStation": 1131,
    "picked": false
   },
   "geometry": {
    "type": "Point",
    "coordinates": [
     139.714959,
     35.66997
    ]
   }
  },
  {
   "type": "Feature",
   "properties": {
    "id": "osm-node-2876217569",
    "osmType": "node",
    "osmId": 2876217569,
    "name": "海蔵寺",
    "nameEn": "Kaizo-ji",
    "family": "worship",
    "kind": "templeRoof",
    "wikidata": "Q117022659",
    "lon": 139.715229,
    "lat": 35.6701,
    "x": -4643.8,
    "z": 1249.1,
    "distance": 1133,
    "station": 18,
    "stationName": "Harajuku",
    "fromStation": 1155,
    "picked": false
   },
   "geometry": {
    "type": "Point",
    "coordinates": [
     139.715229,
     35.6701
    ]
   }
  },
  {
   "type": "Feature",
   "properties": {
    "id": "osm-node-2999882990",
    "osmType": "node",
    "osmId": 2999882990,
    "name": "秋山庄太郎写真美術館",
    "nameEn": "Shotaro Akiyama Photo Art Museum",
    "family": "museum",
    "kind": "museumFacade",
    "wikidata": null,
    "lon": 139.717608,
    "lat": 35.663399,
    "x": -4426.7,
    "z": 1992,
    "distance": 1446,
    "station": 19,
    "stationName": "Shibuya",
    "fromStation": 1552,
    "picked": false
   },
   "geometry": {
    "type": "Point",
    "coordinates": [
     139.717608,
     35.663399
    ]
   }
  },
  {
   "type": "Feature",
   "properties": {
    "id": "osm-node-3093563126",
    "osmType": "node",
    "osmId": 3093563126,
    "name": "八幡神社",
    "nameEn": null,
    "family": "worship",
    "kind": "templeRoof",
    "wikidata": "Q111906052",
    "lon": 139.777149,
    "lat": 35.706506,
    "x": 950.3,
    "z": -2804,
    "distance": 234,
    "station": 3,
    "stationName": "Okachimachi",
    "fromStation": 235,
    "picked": false
   },
   "geometry": {
    "type": "Point",
    "coordinates": [
     139.777149,
     35.706506
    ]
   }
  },
  {
   "type": "Feature",
   "properties": {
    "id": "osm-node-3143284307",
    "osmType": "node",
    "osmId": 3143284307,
    "name": "石橋信夫記念ホール",
    "nameEn": "Nobuo Ishibashi Memorial Hall",
    "family": "museum",
    "kind": "museumFacade",
    "wikidata": null,
    "lon": 139.762684,
    "lat": 35.70798,
    "x": -358.9,
    "z": -2963.9,
    "distance": 1085,
    "station": 3,
    "stationName": "Okachimachi",
    "fromStation": 1085,
    "picked": false
   },
   "geometry": {
    "type": "Point",
    "coordinates": [
     139.762684,
     35.70798
    ]
   }
  },
  {
   "type": "Feature",
   "properties": {
    "id": "osm-node-3164340661",
    "osmType": "node",
    "osmId": 3164340661,
    "name": "東京ステーションギャラリー",
    "nameEn": "Tokyo Station Gallery",
    "family": "museum",
    "kind": "museumFacade",
    "wikidata": "Q115265693",
    "lon": 139.766494,
    "lat": 35.68243,
    "x": -6.5,
    "z": -130.3,
    "distance": 46,
    "station": 0,
    "stationName": "Tokyo",
    "fromStation": 130,
    "picked": true
   },
   "geometry": {
    "type": "Point",
    "coordinates": [
     139.766494,
     35.68243
    ]
   }
  },
  {
   "type": "Feature",
   "properties": {
    "id": "osm-node-3258775394",
    "osmType": "node",
    "osmId": 3258775394,
    "name": "資生堂ギャラリー",
    "nameEn": "Shiseido Gallery",
    "family": "museum",
    "kind": "museumFacade",
    "wikidata": null,
    "lon": 139.761897,
    "lat": 35.668577,
    "x": -418.5,
    "z": 1407.8,
    "distance": 313,
    "station": 28,
    "stationName": "Shimbashi",
    "fromStation": 437,
    "picked": false
   },
   "geometry": {
    "type": "Point",
    "coordinates": [
     139.761897,
     35.668577
    ]
   }
  },
  {
   "type": "Feature",
   "properties": {
    "id": "osm-node-3258793182",
    "osmType": "node",
    "osmId": 3258793182,
    "name": "MMM Maison des Musees du Monde",
    "nameEn": "Ghinza Graphic Gallery",
    "family": "museum",
    "kind": "museumFacade",
    "wikidata": null,
    "lon": 139.762564,
    "lat": 35.669683,
    "x": -358.4,
    "z": 1284.9,
    "distance": 316,
    "station": 28,
    "stationName": "Shimbashi",
    "fromStation": 563,
    "picked": false
   },
   "geometry": {
    "type": "Point",
    "coordinates": [
     139.762564,
     35.669683
    ]
   }
  },
  {
   "type": "Feature",
   "properties": {
    "id": "osm-node-3272635268",
    "osmType": "node",
    "osmId": 3272635268,
    "name": "上野大仏",
    "nameEn": "Ueno Daibutsu",
    "family": "historic",
    "kind": "museumFacade",
    "wikidata": "Q3547759",
    "lon": 139.772798,
    "lat": 35.714362,
    "x": 554.3,
    "z": -3674.4,
    "distance": 302,
    "station": 4,
    "stationName": "Ueno",
    "fromStation": 309,
    "picked": false
   },
   "geometry": {
    "type": "Point",
    "coordinates": [
     139.772798,
     35.714362
    ]
   }
  },
  {
   "type": "Feature",
   "properties": {
    "id": "osm-node-3293792861",
    "osmType": "node",
    "osmId": 3293792861,
    "name": "プラタナス公園",
    "nameEn": null,
    "family": "park",
    "kind": "forestMass",
    "wikidata": "Q42311595",
    "lon": 139.752207,
    "lat": 35.640631,
    "x": -1287.8,
    "z": 4510.4,
    "distance": 698,
    "station": 26,
    "stationName": "Tamachi",
    "fromStation": 701,
    "picked": false
   },
   "geometry": {
    "type": "Point",
    "coordinates": [
     139.752207,
     35.640631
    ]
   }
  },
  {
   "type": "Feature",
   "properties": {
    "id": "osm-node-3307021780",
    "osmType": "node",
    "osmId": 3307021780,
    "name": "台雲寺",
    "nameEn": null,
    "family": "worship",
    "kind": "templeRoof",
    "wikidata": "Q106836709",
    "lon": 139.713796,
    "lat": 35.64765,
    "x": -4768.1,
    "z": 3739.9,
    "distance": 353,
    "station": 20,
    "stationName": "Ebisu",
    "fromStation": 353,
    "picked": false
   },
   "geometry": {
    "type": "Point",
    "coordinates": [
     139.713796,
     35.64765
    ]
   }
  },
  {
   "type": "Feature",
   "properties": {
    "id": "osm-node-3322856144",
    "osmType": "node",
    "osmId": 3322856144,
    "name": "北浜三社稲荷",
    "nameEn": "Kitahama Sansha Inari",
    "family": "worship",
    "kind": "templeRoof",
    "wikidata": "Q113494547",
    "lon": 139.745283,
    "lat": 35.617457,
    "x": -1908.4,
    "z": 7083,
    "distance": 769,
    "station": 24,
    "stationName": "Shinagawa",
    "fromStation": 1391,
    "picked": false
   },
   "geometry": {
    "type": "Point",
    "coordinates": [
     139.745283,
     35.617457
    ]
   }
  },
  {
   "type": "Feature",
   "properties": {
    "id": "osm-node-3322857585",
    "osmType": "node",
    "osmId": 3322857585,
    "name": "稼穡稲荷",
    "nameEn": null,
    "family": "worship",
    "kind": "templeRoof",
    "wikidata": "Q113494396",
    "lon": 139.742645,
    "lat": 35.616752,
    "x": -2147.3,
    "z": 7161.8,
    "distance": 573,
    "station": 23,
    "stationName": "Osaki",
    "fromStation": 1292,
    "picked": false
   },
   "geometry": {
    "type": "Point",
    "coordinates": [
     139.742645,
     35.616752
    ]
   }
  },
  {
   "type": "Feature",
   "properties": {
    "id": "osm-node-3335909034",
    "osmType": "node",
    "osmId": 3335909034,
    "name": "上目黒氷川神社",
    "nameEn": "Kamimeguro Hikawa Jinja",
    "family": "worship",
    "kind": "templeRoof",
    "wikidata": "Q11359963",
    "lon": 139.688148,
    "lat": 35.652863,
    "x": -7091.7,
    "z": 3166.4,
    "distance": 1361,
    "station": 19,
    "stationName": "Shibuya",
    "fromStation": 1361,
    "picked": false
   },
   "geometry": {
    "type": "Point",
    "coordinates": [
     139.688148,
     35.652863
    ]
   }
  },
  {
   "type": "Feature",
   "properties": {
    "id": "osm-node-3347559020",
    "osmType": "node",
    "osmId": 3347559020,
    "name": "自転車文化センター",
    "nameEn": "Bicycle Culture Center",
    "family": "museum",
    "kind": "museumFacade",
    "wikidata": "Q104698204",
    "lon": 139.717786,
    "lat": 35.633835,
    "x": -4403.4,
    "z": 5271.9,
    "distance": 171,
    "station": 21,
    "stationName": "Meguro",
    "fromStation": 182,
    "picked": false
   },
   "geometry": {
    "type": "Point",
    "coordinates": [
     139.717786,
     35.633835
    ]
   }
  },
  {
   "type": "Feature",
   "properties": {
    "id": "osm-node-3387046418",
    "osmType": "node",
    "osmId": 3387046418,
    "name": "笠間稲荷神社",
    "nameEn": "Kasama Inari-jinja Shrine",
    "family": "worship",
    "kind": "templeRoof",
    "wikidata": "Q111839564",
    "lon": 139.785311,
    "lat": 35.688087,
    "x": 1694.9,
    "z": -762.6,
    "distance": 1360,
    "station": 1,
    "stationName": "Kanda",
    "fromStation": 1362,
    "picked": false
   },
   "geometry": {
    "type": "Point",
    "coordinates": [
     139.785311,
     35.688087
    ]
   }
  },
  {
   "type": "Feature",
   "properties": {
    "id": "osm-node-3399170095",
    "osmType": "node",
    "osmId": 3399170095,
    "name": "福徳神社",
    "nameEn": "Fukutoku Shrine",
    "family": "worship",
    "kind": "templeRoof",
    "wikidata": "Q118114706",
    "lon": 139.77442,
    "lat": 35.687221,
    "x": 709.4,
    "z": -663.8,
    "distance": 458,
    "station": 1,
    "stationName": "Kanda",
    "fromStation": 595,
    "picked": false
   },
   "geometry": {
    "type": "Point",
    "coordinates": [
     139.77442,
     35.687221
    ]
   }
  },
  {
   "type": "Feature",
   "properties": {
    "id": "osm-node-3399170172",
    "osmType": "node",
    "osmId": 3399170172,
    "name": "寳田恵比寿神社",
    "nameEn": "Takarada Ebisu Shrine",
    "family": "worship",
    "kind": "templeRoof",
    "wikidata": "Q63148045",
    "lon": 139.776961,
    "lat": 35.689245,
    "x": 938.8,
    "z": -888.9,
    "distance": 604,
    "station": 1,
    "stationName": "Kanda",
    "fromStation": 611,
    "picked": false
   },
   "geometry": {
    "type": "Point",
    "coordinates": [
     139.776961,
     35.689245
    ]
   }
  },
  {
   "type": "Feature",
   "properties": {
    "id": "osm-node-3409862206",
    "osmType": "node",
    "osmId": 3409862206,
    "name": "朝日稲荷神社",
    "nameEn": "Asahi Inari Shrine",
    "family": "worship",
    "kind": "templeRoof",
    "wikidata": "Q112334821",
    "lon": 139.76711,
    "lat": 35.67131,
    "x": 52.6,
    "z": 1103.3,
    "distance": 549,
    "station": 29,
    "stationName": "Yurakucho",
    "fromStation": 549,
    "picked": false
   },
   "geometry": {
    "type": "Point",
    "coordinates": [
     139.76711,
     35.67131
    ]
   }
  },
  {
   "type": "Feature",
   "properties": {
    "id": "osm-node-3485535297",
    "osmType": "node",
    "osmId": 3485535297,
    "name": "智泉院",
    "nameEn": "Chisen-in Temple",
    "family": "worship",
    "kind": "templeRoof",
    "wikidata": "Q106836711",
    "lon": 139.77931,
    "lat": 35.680922,
    "x": 1154,
    "z": 33.9,
    "distance": 1099,
    "station": 0,
    "stationName": "Tokyo",
    "fromStation": 1154,
    "picked": true
   },
   "geometry": {
    "type": "Point",
    "coordinates": [
     139.77931,
     35.680922
    ]
   }
  },
  {
   "type": "Feature",
   "properties": {
    "id": "osm-node-3608488400",
    "osmType": "node",
    "osmId": 3608488400,
    "name": "中央区立郷土天文館",
    "nameEn": "Chuo Ward Local History Museum",
    "family": "museum",
    "kind": "museumFacade",
    "wikidata": null,
    "lon": 139.776615,
    "lat": 35.666656,
    "x": 914.5,
    "z": 1617.3,
    "distance": 1519,
    "station": 29,
    "stationName": "Yurakucho",
    "fromStation": 1537,
    "picked": false
   },
   "geometry": {
    "type": "Point",
    "coordinates": [
     139.776615,
     35.666656
    ]
   }
  },
  {
   "type": "Feature",
   "properties": {
    "id": "osm-node-3633758321",
    "osmType": "node",
    "osmId": 3633758321,
    "name": "純子稲荷神社",
    "nameEn": null,
    "family": "worship",
    "kind": "templeRoof",
    "wikidata": "Q109162634",
    "lon": 139.779741,
    "lat": 35.677652,
    "x": 1194.1,
    "z": 396.5,
    "distance": 1258,
    "station": 0,
    "stationName": "Tokyo",
    "fromStation": 1258,
    "picked": false
   },
   "geometry": {
    "type": "Point",
    "coordinates": [
     139.779741,
     35.677652
    ]
   }
  },
  {
   "type": "Feature",
   "properties": {
    "id": "osm-node-3666894176",
    "osmType": "node",
    "osmId": 3666894176,
    "name": "相田みつを美術館",
    "nameEn": "Mitsuo Aida Museum",
    "family": "museum",
    "kind": "museumFacade",
    "wikidata": "Q11582309",
    "lon": 139.764515,
    "lat": 35.67746,
    "x": -184.1,
    "z": 421.7,
    "distance": 67,
    "station": 29,
    "stationName": "Yurakucho",
    "fromStation": 307,
    "picked": true
   },
   "geometry": {
    "type": "Point",
    "coordinates": [
     139.764515,
     35.67746
    ]
   }
  },
  {
   "type": "Feature",
   "properties": {
    "id": "osm-node-3835272257",
    "osmType": "node",
    "osmId": 3835272257,
    "name": "江戸下町伝統工芸館",
    "nameEn": "Edo Taitō Traditional Crafts Museum",
    "family": "museum",
    "kind": "museumFacade",
    "wikidata": null,
    "lon": 139.793803,
    "lat": 35.716384,
    "x": 2454.1,
    "z": -3904.2,
    "distance": 1297,
    "station": 5,
    "stationName": "Uguisudani",
    "fromStation": 1554,
    "picked": false
   },
   "geometry": {
    "type": "Point",
    "coordinates": [
     139.793803,
     35.716384
    ]
   }
  },
  {
   "type": "Feature",
   "properties": {
    "id": "osm-node-3935659186",
    "osmType": "node",
    "osmId": 3935659186,
    "name": "たんきり子育地蔵尊",
    "nameEn": null,
    "family": "historic",
    "kind": "museumFacade",
    "wikidata": "Q120973137",
    "lon": 139.719215,
    "lat": 35.689122,
    "x": -4287.6,
    "z": -862.1,
    "distance": 1646,
    "station": 17,
    "stationName": "Yoyogi",
    "fromStation": 1658,
    "picked": true
   },
   "geometry": {
    "type": "Point",
    "coordinates": [
     139.719215,
     35.689122
    ]
   }
  },
  {
   "type": "Feature",
   "properties": {
    "id": "osm-node-3967288389",
    "osmType": "node",
    "osmId": 3967288389,
    "name": "寺町美術館&GALLERY",
    "nameEn": "Teramachi Art Museum",
    "family": "museum",
    "kind": "museumFacade",
    "wikidata": null,
    "lon": 139.769172,
    "lat": 35.724361,
    "x": 223.2,
    "z": -4782.8,
    "distance": 360,
    "station": 6,
    "stationName": "Nippori",
    "fromStation": 416,
    "picked": false
   },
   "geometry": {
    "type": "Point",
    "coordinates": [
     139.769172,
     35.724361
    ]
   }
  },
  {
   "type": "Feature",
   "properties": {
    "id": "osm-node-4014267002",
    "osmType": "node",
    "osmId": 4014267002,
    "name": "玄武館道場跡",
    "nameEn": "The Site of Genbukandojo Gym",
    "family": "historic",
    "kind": "museumFacade",
    "wikidata": "Q11572297",
    "lon": 139.77437,
    "lat": 35.695224,
    "x": 702.5,
    "z": -1551.6,
    "distance": 170,
    "station": 2,
    "stationName": "Akihabara",
    "fromStation": 369,
    "picked": true
   },
   "geometry": {
    "type": "Point",
    "coordinates": [
     139.77437,
     35.695224
    ]
   }
  },
  {
   "type": "Feature",
   "properties": {
    "id": "osm-node-4032273632",
    "osmType": "node",
    "osmId": 4032273632,
    "name": "気象科学館",
    "nameEn": "Museum of Meteorological Science",
    "family": "museum",
    "kind": "museumFacade",
    "wikidata": "Q16872707",
    "lon": 139.745957,
    "lat": 35.665672,
    "x": -1860.7,
    "z": 1733.8,
    "distance": 1098,
    "station": 28,
    "stationName": "Shimbashi",
    "fromStation": 1100,
    "picked": false
   },
   "geometry": {
    "type": "Point",
    "coordinates": [
     139.745957,
     35.665672
    ]
   }
  },
  {
   "type": "Feature",
   "properties": {
    "id": "osm-node-4045343393",
    "osmType": "node",
    "osmId": 4045343393,
    "name": "宝珠 稲荷神社",
    "nameEn": "Hoju Inari Jinja",
    "family": "worship",
    "kind": "templeRoof",
    "wikidata": "Q11452618",
    "lon": 139.769367,
    "lat": 35.670151,
    "x": 257.3,
    "z": 1231.3,
    "distance": 783,
    "station": 29,
    "stationName": "Yurakucho",
    "fromStation": 784,
    "picked": false
   },
   "geometry": {
    "type": "Point",
    "coordinates": [
     139.769367,
     35.670151
    ]
   }
  },
  {
   "type": "Feature",
   "properties": {
    "id": "osm-node-4059172354",
    "osmType": "node",
    "osmId": 4059172354,
    "name": "法真寺",
    "nameEn": "Hoshinji",
    "family": "worship",
    "kind": "templeRoof",
    "wikidata": "Q106836734",
    "lon": 139.759159,
    "lat": 35.710493,
    "x": -678.6,
    "z": -3241.9,
    "distance": 1401,
    "station": 3,
    "stationName": "Okachimachi",
    "fromStation": 1452,
    "picked": false
   },
   "geometry": {
    "type": "Point",
    "coordinates": [
     139.759159,
     35.710493
    ]
   }
  },
  {
   "type": "Feature",
   "properties": {
    "id": "osm-node-4071181079",
    "osmType": "node",
    "osmId": 4071181079,
    "name": "三菱史料館",
    "nameEn": "Mitsubishi Economic Research Archives",
    "family": "museum",
    "kind": "museumFacade",
    "wikidata": "Q11357080",
    "lon": 139.765997,
    "lat": 35.709656,
    "x": -59.7,
    "z": -3150.6,
    "distance": 788,
    "station": 3,
    "stationName": "Okachimachi",
    "fromStation": 835,
    "picked": false
   },
   "geometry": {
    "type": "Point",
    "coordinates": [
     139.765997,
     35.709656
    ]
   }
  },
  {
   "type": "Feature",
   "properties": {
    "id": "osm-node-4071196400",
    "osmType": "node",
    "osmId": 4071196400,
    "name": "わだつみのこえ記念館",
    "nameEn": "Voices of the Sea Memorial Museum",
    "family": "museum",
    "kind": "museumFacade",
    "wikidata": null,
    "lon": 139.759095,
    "lat": 35.711234,
    "x": -684.7,
    "z": -3324.1,
    "distance": 1408,
    "station": 3,
    "stationName": "Okachimachi",
    "fromStation": 1482,
    "picked": false
   },
   "geometry": {
    "type": "Point",
    "coordinates": [
     139.759095,
     35.711234
    ]
   }
  },
  {
   "type": "Feature",
   "properties": {
    "id": "osm-node-4071202364",
    "osmType": "node",
    "osmId": 4071202364,
    "name": "本郷中央教会",
    "nameEn": "Hongo Central Church",
    "family": "worship",
    "kind": "templeRoof",
    "wikidata": "Q11520860",
    "lon": 139.762375,
    "lat": 35.70735,
    "x": -386.7,
    "z": -2893.9,
    "distance": 1103,
    "station": 3,
    "stationName": "Okachimachi",
    "fromStation": 1108,
    "picked": false
   },
   "geometry": {
    "type": "Point",
    "coordinates": [
     139.762375,
     35.70735
    ]
   }
  },
  {
   "type": "Feature",
   "properties": {
    "id": "osm-node-4218532821",
    "osmType": "node",
    "osmId": 4218532821,
    "name": "谷中五重塔跡地",
    "nameEn": "Site of Five-storied Pagoda",
    "family": "historic",
    "kind": "museumFacade",
    "wikidata": "Q8048250",
    "lon": 139.770811,
    "lat": 35.725268,
    "x": 371.1,
    "z": -4883.9,
    "distance": 189,
    "station": 6,
    "stationName": "Nippori",
    "fromStation": 302,
    "picked": true
   },
   "geometry": {
    "type": "Point",
    "coordinates": [
     139.770811,
     35.725268
    ]
   }
  },
  {
   "type": "Feature",
   "properties": {
    "id": "osm-node-4235132094",
    "osmType": "node",
    "osmId": 4235132094,
    "name": "楠正成像",
    "nameEn": "Statue of Kusunoki Masashige",
    "family": "historic",
    "kind": "museumFacade",
    "wikidata": "Q99769697",
    "lon": 139.758474,
    "lat": 35.677915,
    "x": -731.1,
    "z": 372.6,
    "distance": 521,
    "station": 29,
    "stationName": "Yurakucho",
    "fromStation": 526,
    "picked": false
   },
   "geometry": {
    "type": "Point",
    "coordinates": [
     139.758474,
     35.677915
    ]
   }
  },
  {
   "type": "Feature",
   "properties": {
    "id": "osm-node-4270881089",
    "osmType": "node",
    "osmId": 4270881089,
    "name": "台東区立一葉記念館",
    "nameEn": "Ichiyo Memorial Museum",
    "family": "museum",
    "kind": "museumFacade",
    "wikidata": "Q11353179",
    "lon": 139.792812,
    "lat": 35.725554,
    "x": 2361.4,
    "z": -4921.3,
    "distance": 1357,
    "station": 5,
    "stationName": "Uguisudani",
    "fromStation": 1415,
    "picked": false
   },
   "geometry": {
    "type": "Point",
    "coordinates": [
     139.792812,
     35.725554
    ]
   }
  },
  {
   "type": "Feature",
   "properties": {
    "id": "osm-node-4272532291",
    "osmType": "node",
    "osmId": 4272532291,
    "name": "インターメディアテク",
    "nameEn": "Intermediatheque",
    "family": "museum",
    "kind": "museumFacade",
    "wikidata": null,
    "lon": 139.764534,
    "lat": 35.680032,
    "x": -183.2,
    "z": 136.3,
    "distance": 142,
    "station": 0,
    "stationName": "Tokyo",
    "fromStation": 228,
    "picked": false
   },
   "geometry": {
    "type": "Point",
    "coordinates": [
     139.764534,
     35.680032
    ]
   }
  },
  {
   "type": "Feature",
   "properties": {
    "id": "osm-node-4367242090",
    "osmType": "node",
    "osmId": 4367242090,
    "name": "五十稲荷神社",
    "nameEn": "Goto Inari shrine",
    "family": "worship",
    "kind": "templeRoof",
    "wikidata": "Q117810936",
    "lon": 139.762098,
    "lat": 35.694206,
    "x": -407.9,
    "z": -1435.6,
    "distance": 846,
    "station": 1,
    "stationName": "Kanda",
    "fromStation": 846,
    "picked": false
   },
   "geometry": {
    "type": "Point",
    "coordinates": [
     139.762098,
     35.694206
    ]
   }
  },
  {
   "type": "Feature",
   "properties": {
    "id": "osm-node-4376204494",
    "osmType": "node",
    "osmId": 4376204494,
    "name": "日本の酒情報館",
    "nameEn": "Japan Sake and Shōchū Information Center",
    "family": "museum",
    "kind": "museumFacade",
    "wikidata": null,
    "lon": 139.752503,
    "lat": 35.669802,
    "x": -1269.3,
    "z": 1274.1,
    "distance": 530,
    "station": 28,
    "stationName": "Shimbashi",
    "fromStation": 647,
    "picked": false
   },
   "geometry": {
    "type": "Point",
    "coordinates": [
     139.752503,
     35.669802
    ]
   }
  },
  {
   "type": "Feature",
   "properties": {
    "id": "osm-node-4420590990",
    "osmType": "node",
    "osmId": 4420590990,
    "name": "延寿寺日荷堂",
    "nameEn": "Enjuji Nichikado",
    "family": "worship",
    "kind": "templeRoof",
    "wikidata": "Q43594030",
    "lon": 139.767057,
    "lat": 35.721429,
    "x": 32.7,
    "z": -4457.1,
    "distance": 733,
    "station": 6,
    "stationName": "Nippori",
    "fromStation": 786,
    "picked": false
   },
   "geometry": {
    "type": "Point",
    "coordinates": [
     139.767057,
     35.721429
    ]
   }
  },
  {
   "type": "Feature",
   "properties": {
    "id": "osm-node-4438541989",
    "osmType": "node",
    "osmId": 4438541989,
    "name": "白山神社",
    "nameEn": "Hakusan Shrine",
    "family": "worship",
    "kind": "templeRoof",
    "wikidata": "Q11579596",
    "lon": 139.750577,
    "lat": 35.721897,
    "x": -1458.4,
    "z": -4505,
    "distance": 1588,
    "station": 10,
    "stationName": "Sugamo",
    "fromStation": 1621,
    "picked": false
   },
   "geometry": {
    "type": "Point",
    "coordinates": [
     139.750577,
     35.721897
    ]
   }
  },
  {
   "type": "Feature",
   "properties": {
    "id": "osm-node-4446920389",
    "osmType": "node",
    "osmId": 4446920389,
    "name": "長玄寺",
    "nameEn": null,
    "family": "worship",
    "kind": "templeRoof",
    "wikidata": "Q119927213",
    "lon": 139.728746,
    "lat": 35.6559,
    "x": -3416.4,
    "z": 2821.7,
    "distance": 1943,
    "station": 20,
    "stationName": "Ebisu",
    "fromStation": 1981,
    "picked": false
   },
   "geometry": {
    "type": "Point",
    "coordinates": [
     139.728746,
     35.6559
    ]
   }
  },
  {
   "type": "Feature",
   "properties": {
    "id": "osm-node-4534097160",
    "osmType": "node",
    "osmId": 4534097160,
    "name": "上田端八幡神社",
    "nameEn": "Kami-Tabata Hachiman-jinja Shrine",
    "family": "worship",
    "kind": "templeRoof",
    "wikidata": "Q95743371",
    "lon": 139.75504,
    "lat": 35.737773,
    "x": -1059.2,
    "z": -6267.4,
    "distance": 242,
    "station": 8,
    "stationName": "Tabata",
    "fromStation": 603,
    "picked": false
   },
   "geometry": {
    "type": "Point",
    "coordinates": [
     139.75504,
     35.737773
    ]
   }
  },
  {
   "type": "Feature",
   "properties": {
    "id": "osm-node-4545325662",
    "osmType": "node",
    "osmId": 4545325662,
    "name": "藤之森稲荷神社",
    "nameEn": "Fujinomori Inari Jinja",
    "family": "worship",
    "kind": "templeRoof",
    "wikidata": "Q114825923",
    "lon": 139.758706,
    "lat": 35.710721,
    "x": -719.7,
    "z": -3267,
    "distance": 1442,
    "station": 3,
    "stationName": "Okachimachi",
    "fromStation": 1499,
    "picked": false
   },
   "geometry": {
    "type": "Point",
    "coordinates": [
     139.758706,
     35.710721
    ]
   }
  },
  {
   "type": "Feature",
   "properties": {
    "id": "osm-node-4555644711",
    "osmType": "node",
    "osmId": 4555644711,
    "name": "航空神社",
    "nameEn": null,
    "family": "worship",
    "kind": "templeRoof",
    "wikidata": "Q126127724",
    "lon": 139.755453,
    "lat": 35.669032,
    "x": -1002,
    "z": 1358.9,
    "distance": 249,
    "station": 28,
    "stationName": "Shimbashi",
    "fromStation": 398,
    "picked": false
   },
   "geometry": {
    "type": "Point",
    "coordinates": [
     139.755453,
     35.669032
    ]
   }
  },
  {
   "type": "Feature",
   "properties": {
    "id": "osm-node-4579436893",
    "osmType": "node",
    "osmId": 4579436893,
    "name": "d47 MUSEUM",
    "nameEn": "d47 MUSEUM",
    "family": "museum",
    "kind": "museumFacade",
    "wikidata": null,
    "lon": 139.703338,
    "lat": 35.658959,
    "x": -5717.7,
    "z": 2487.4,
    "distance": 170,
    "station": 19,
    "stationName": "Shibuya",
    "fromStation": 174,
    "picked": false
   },
   "geometry": {
    "type": "Point",
    "coordinates": [
     139.703338,
     35.658959
    ]
   }
  },
  {
   "type": "Feature",
   "properties": {
    "id": "osm-node-4605597193",
    "osmType": "node",
    "osmId": 4605597193,
    "name": "アド・ミュージアム東京",
    "nameEn": "Advertising Museum Tokyo",
    "family": "museum",
    "kind": "museumFacade",
    "wikidata": "Q11284141",
    "lon": 139.762641,
    "lat": 35.664522,
    "x": -349.9,
    "z": 1857.4,
    "distance": 385,
    "station": 28,
    "stationName": "Shimbashi",
    "fromStation": 451,
    "picked": false
   },
   "geometry": {
    "type": "Point",
    "coordinates": [
     139.762641,
     35.664522
    ]
   }
  },
  {
   "type": "Feature",
   "properties": {
    "id": "osm-node-4609249704",
    "osmType": "node",
    "osmId": 4609249704,
    "name": "佃まちかど展示館",
    "nameEn": "Tsukuda Machikado Museum",
    "family": "museum",
    "kind": "museumFacade",
    "wikidata": "Q109166065",
    "lon": 139.782223,
    "lat": 35.6678,
    "x": 1421.9,
    "z": 1488.8,
    "distance": 1849,
    "station": 29,
    "stationName": "Yurakucho",
    "fromStation": 1911,
    "picked": false
   },
   "geometry": {
    "type": "Point",
    "coordinates": [
     139.782223,
     35.6678
    ]
   }
  },
  {
   "type": "Feature",
   "properties": {
    "id": "osm-node-4623153201",
    "osmType": "node",
    "osmId": 4623153201,
    "name": "古市公威像",
    "nameEn": "Koi Furuichi Statue",
    "family": "historic",
    "kind": "museumFacade",
    "wikidata": "Q117156692",
    "lon": 139.759541,
    "lat": 35.713296,
    "x": -644.9,
    "z": -3552.9,
    "distance": 1391,
    "station": 4,
    "stationName": "Ueno",
    "fromStation": 1497,
    "picked": false
   },
   "geometry": {
    "type": "Point",
    "coordinates": [
     139.759541,
     35.713296
    ]
   }
  },
  {
   "type": "Feature",
   "properties": {
    "id": "osm-node-4628815692",
    "osmType": "node",
    "osmId": 4628815692,
    "name": "健康と医学の博物館",
    "nameEn": "Museum of Health and Medicine",
    "family": "museum",
    "kind": "museumFacade",
    "wikidata": null,
    "lon": 139.764365,
    "lat": 35.710038,
    "x": -207.5,
    "z": -3192.7,
    "distance": 932,
    "station": 3,
    "stationName": "Okachimachi",
    "fromStation": 988,
    "picked": false
   },
   "geometry": {
    "type": "Point",
    "coordinates": [
     139.764365,
     35.710038
    ]
   }
  },
  {
   "type": "Feature",
   "properties": {
    "id": "osm-node-4662967611",
    "osmType": "node",
    "osmId": 4662967611,
    "name": "品川一里塚",
    "nameEn": null,
    "family": "historic",
    "kind": "museumFacade",
    "wikidata": null,
    "lon": 139.74215,
    "lat": 35.619985,
    "x": -2192.9,
    "z": 6803.2,
    "distance": 428,
    "station": 24,
    "stationName": "Shinagawa",
    "fromStation": 1021,
    "picked": false
   },
   "geometry": {
    "type": "Point",
    "coordinates": [
     139.74215,
     35.619985
    ]
   }
  },
  {
   "type": "Feature",
   "properties": {
    "id": "osm-node-4716326381",
    "osmType": "node",
    "osmId": 4716326381,
    "name": "東京媽祖廟",
    "nameEn": "Tokyo Maso Temple",
    "family": "worship",
    "kind": "templeRoof",
    "wikidata": "Q101064626",
    "lon": 139.697785,
    "lat": 35.699329,
    "x": -6229.5,
    "z": -1990.3,
    "distance": 209,
    "station": 15,
    "stationName": "Shin-Okubo",
    "fromStation": 315,
    "picked": false
   },
   "geometry": {
    "type": "Point",
    "coordinates": [
     139.697785,
     35.699329
    ]
   }
  },
  {
   "type": "Feature",
   "properties": {
    "id": "osm-node-4716326648",
    "osmType": "node",
    "osmId": 4716326648,
    "name": "皆中稲荷神社",
    "nameEn": null,
    "family": "worship",
    "kind": "templeRoof",
    "wikidata": "Q11580916",
    "lon": 139.699392,
    "lat": 35.701243,
    "x": -6084.5,
    "z": -2203,
    "distance": 81,
    "station": 15,
    "stationName": "Shin-Okubo",
    "fromStation": 82,
    "picked": true
   },
   "geometry": {
    "type": "Point",
    "coordinates": [
     139.699392,
     35.701243
    ]
   }
  },
  {
   "type": "Feature",
   "properties": {
    "id": "osm-node-4759497144",
    "osmType": "node",
    "osmId": 4759497144,
    "name": "妙行寺",
    "nameEn": "Myogyo-ji",
    "family": "worship",
    "kind": "templeRoof",
    "wikidata": "Q29408254",
    "lon": 139.76735,
    "lat": 35.721185,
    "x": 59.2,
    "z": -4430,
    "distance": 737,
    "station": 6,
    "stationName": "Nippori",
    "fromStation": 802,
    "picked": false
   },
   "geometry": {
    "type": "Point",
    "coordinates": [
     139.76735,
     35.721185
    ]
   }
  },
  {
   "type": "Feature",
   "properties": {
    "id": "osm-node-4761032984",
    "osmType": "node",
    "osmId": 4761032984,
    "name": "大信寺",
    "nameEn": "Daishin-ji",
    "family": "worship",
    "kind": "templeRoof",
    "wikidata": "Q629966",
    "lon": 139.736926,
    "lat": 35.643614,
    "x": -2672.5,
    "z": 4182.9,
    "distance": 587,
    "station": 25,
    "stationName": "Takanawa Gateway",
    "fromStation": 964,
    "picked": false
   },
   "geometry": {
    "type": "Point",
    "coordinates": [
     139.736926,
     35.643614
    ]
   }
  },
  {
   "type": "Feature",
   "properties": {
    "id": "osm-node-4842752724",
    "osmType": "node",
    "osmId": 4842752724,
    "name": "自由学園明日館",
    "nameEn": "Jiyu Gakuen Myonichikan",
    "family": "museum",
    "kind": "museumFacade",
    "wikidata": null,
    "lon": 139.707251,
    "lat": 35.726676,
    "x": -5379.3,
    "z": -5026,
    "distance": 177,
    "station": 12,
    "stationName": "Ikebukuro",
    "fromStation": 520,
    "picked": false
   },
   "geometry": {
    "type": "Point",
    "coordinates": [
     139.707251,
     35.726676
    ]
   }
  },
  {
   "type": "Feature",
   "properties": {
    "id": "osm-node-4848865521",
    "osmType": "node",
    "osmId": 4848865521,
    "name": "東京大学農学資料館",
    "nameEn": "University of Tokyo Agricultural Science Museum",
    "family": "museum",
    "kind": "museumFacade",
    "wikidata": null,
    "lon": 139.758873,
    "lat": 35.716155,
    "x": -706.2,
    "z": -3869.9,
    "distance": 1528,
    "station": 4,
    "stationName": "Ueno",
    "fromStation": 1583,
    "picked": false
   },
   "geometry": {
    "type": "Point",
    "coordinates": [
     139.758873,
     35.716155
    ]
   }
  },
  {
   "type": "Feature",
   "properties": {
    "id": "osm-node-4873056522",
    "osmType": "node",
    "osmId": 4873056522,
    "name": "真福寺",
    "nameEn": "Shinpuku-ji",
    "family": "worship",
    "kind": "templeRoof",
    "wikidata": "Q97376112",
    "lon": 139.74933,
    "lat": 35.665745,
    "x": -1555.4,
    "z": 1724.9,
    "distance": 793,
    "station": 28,
    "stationName": "Shimbashi",
    "fromStation": 794,
    "picked": false
   },
   "geometry": {
    "type": "Point",
    "coordinates": [
     139.74933,
     35.665745
    ]
   }
  },
  {
   "type": "Feature",
   "properties": {
    "id": "osm-node-4873064221",
    "osmType": "node",
    "osmId": 4873064221,
    "name": "薬師寺東京別院",
    "nameEn": null,
    "family": "worship",
    "kind": "templeRoof",
    "wikidata": "Q132040935",
    "lon": 139.722403,
    "lat": 35.628448,
    "x": -3983.9,
    "z": 5868.5,
    "distance": 77,
    "station": 22,
    "stationName": "Gotanda",
    "fromStation": 266,
    "picked": true
   },
   "geometry": {
    "type": "Point",
    "coordinates": [
     139.722403,
     35.628448
    ]
   }
  },
  {
   "type": "Feature",
   "properties": {
    "id": "osm-node-4947013276",
    "osmType": "node",
    "osmId": 4947013276,
    "name": "幸徳稲荷神社",
    "nameEn": null,
    "family": "worship",
    "kind": "templeRoof",
    "wikidata": "Q113493086",
    "lon": 139.764573,
    "lat": 35.695486,
    "x": -184.3,
    "z": -1578.2,
    "distance": 681,
    "station": 1,
    "stationName": "Kanda",
    "fromStation": 710,
    "picked": false
   },
   "geometry": {
    "type": "Point",
    "coordinates": [
     139.764573,
     35.695486
    ]
   }
  },
  {
   "type": "Feature",
   "properties": {
    "id": "osm-node-4969266321",
    "osmType": "node",
    "osmId": 4969266321,
    "name": "熊野神社",
    "nameEn": "Kumano jinja",
    "family": "worship",
    "kind": "templeRoof",
    "wikidata": "Q97613684",
    "lon": 139.706617,
    "lat": 35.741801,
    "x": -5440.1,
    "z": -6704,
    "distance": 1088,
    "station": 12,
    "stationName": "Ikebukuro",
    "fromStation": 1342,
    "picked": false
   },
   "geometry": {
    "type": "Point",
    "coordinates": [
     139.706617,
     35.741801
    ]
   }
  },
  {
   "type": "Feature",
   "properties": {
    "id": "osm-node-4975003383",
    "osmType": "node",
    "osmId": 4975003383,
    "name": "白根記念渋谷区郷土博物館",
    "nameEn": "Local History Museum and Literature Museum",
    "family": "museum",
    "kind": "museumFacade",
    "wikidata": "Q21019078",
    "lon": 139.712542,
    "lat": 35.656439,
    "x": -4883.7,
    "z": 2765.2,
    "distance": 704,
    "station": 19,
    "stationName": "Shibuya",
    "fromStation": 994,
    "picked": false
   },
   "geometry": {
    "type": "Point",
    "coordinates": [
     139.712542,
     35.656439
    ]
   }
  },
  {
   "type": "Feature",
   "properties": {
    "id": "osm-node-5016411427",
    "osmType": "node",
    "osmId": 5016411427,
    "name": "D51機関車の動輪",
    "nameEn": null,
    "family": "historic",
    "kind": "museumFacade",
    "wikidata": null,
    "lon": 139.758744,
    "lat": 35.6661,
    "x": -703.3,
    "z": 1683.3,
    "distance": 58,
    "station": 28,
    "stationName": "Shimbashi",
    "fromStation": 60,
    "picked": false
   },
   "geometry": {
    "type": "Point",
    "coordinates": [
     139.758744,
     35.6661
    ]
   }
  },
  {
   "type": "Feature",
   "properties": {
    "id": "osm-node-5026160763",
    "osmType": "node",
    "osmId": 5026160763,
    "name": "グラント将軍植樹碑",
    "nameEn": "General Grant Tree Planting Memorial",
    "family": "historic",
    "kind": "museumFacade",
    "wikidata": "Q34836",
    "lon": 139.773211,
    "lat": 35.715414,
    "x": 591.3,
    "z": -3791.3,
    "distance": 326,
    "station": 4,
    "stationName": "Ueno",
    "fromStation": 329,
    "picked": false
   },
   "geometry": {
    "type": "Point",
    "coordinates": [
     139.773211,
     35.715414
    ]
   }
  },
  {
   "type": "Feature",
   "properties": {
    "id": "osm-node-5158143488",
    "osmType": "node",
    "osmId": 5158143488,
    "name": "聖輪寺",
    "nameEn": null,
    "family": "worship",
    "kind": "templeRoof",
    "wikidata": "Q106836702",
    "lon": 139.711616,
    "lat": 35.677272,
    "x": -4972.6,
    "z": 454.1,
    "distance": 694,
    "station": 18,
    "stationName": "Harajuku",
    "fromStation": 1139,
    "picked": false
   },
   "geometry": {
    "type": "Point",
    "coordinates": [
     139.711616,
     35.677272
    ]
   }
  },
  {
   "type": "Feature",
   "properties": {
    "id": "osm-node-5158143489",
    "osmType": "node",
    "osmId": 5158143489,
    "name": "こども鉱物館",
    "nameEn": "Children's Mineral Museum",
    "family": "museum",
    "kind": "museumFacade",
    "wikidata": null,
    "lon": 139.709258,
    "lat": 35.674492,
    "x": -5185.4,
    "z": 762.9,
    "distance": 488,
    "station": 18,
    "stationName": "Harajuku",
    "fromStation": 776,
    "picked": false
   },
   "geometry": {
    "type": "Point",
    "coordinates": [
     139.709258,
     35.674492
    ]
   }
  },
  {
   "type": "Feature",
   "properties": {
    "id": "osm-node-5161825322",
    "osmType": "node",
    "osmId": 5161825322,
    "name": "ポーラ ミュージアム アネックス",
    "nameEn": "Pola Museum Annex",
    "family": "museum",
    "kind": "museumFacade",
    "wikidata": null,
    "lon": 139.767989,
    "lat": 35.674248,
    "x": 131.2,
    "z": 777.1,
    "distance": 379,
    "station": 29,
    "stationName": "Yurakucho",
    "fromStation": 456,
    "picked": false
   },
   "geometry": {
    "type": "Point",
    "coordinates": [
     139.767989,
     35.674248
    ]
   }
  },
  {
   "type": "Feature",
   "properties": {
    "id": "osm-node-5161860624",
    "osmType": "node",
    "osmId": 5161860624,
    "name": "秋華洞",
    "nameEn": "Gallery Shukado",
    "family": "museum",
    "kind": "museumFacade",
    "wikidata": null,
    "lon": 139.761428,
    "lat": 35.671033,
    "x": -461.6,
    "z": 1135.4,
    "distance": 160,
    "station": 29,
    "stationName": "Yurakucho",
    "fromStation": 461,
    "picked": false
   },
   "geometry": {
    "type": "Point",
    "coordinates": [
     139.761428,
     35.671033
    ]
   }
  },
  {
   "type": "Feature",
   "properties": {
    "id": "osm-node-5174014535",
    "osmType": "node",
    "osmId": 5174014535,
    "name": "聖オルバン教会",
    "nameEn": "Saint Alban's church",
    "family": "worship",
    "kind": "templeRoof",
    "wikidata": "Q116949383",
    "lon": 139.743838,
    "lat": 35.659973,
    "x": -2051.1,
    "z": 2366.5,
    "distance": 1282,
    "station": 27,
    "stationName": "Hamamatsucho",
    "fromStation": 1311,
    "picked": false
   },
   "geometry": {
    "type": "Point",
    "coordinates": [
     139.743838,
     35.659973
    ]
   }
  },
  {
   "type": "Feature",
   "properties": {
    "id": "osm-node-5266637262",
    "osmType": "node",
    "osmId": 5266637262,
    "name": "天祖神社",
    "nameEn": "Tenso-jinja Shrine",
    "family": "worship",
    "kind": "templeRoof",
    "wikidata": "Q97478945",
    "lon": 139.727727,
    "lat": 35.730522,
    "x": -3527.9,
    "z": -5456.9,
    "distance": 141,
    "station": 11,
    "stationName": "Otsuka",
    "fromStation": 146,
    "picked": true
   },
   "geometry": {
    "type": "Point",
    "coordinates": [
     139.727727,
     35.730522
    ]
   }
  },
  {
   "type": "Feature",
   "properties": {
    "id": "osm-node-5278436429",
    "osmType": "node",
    "osmId": 5278436429,
    "name": "北谷稲荷",
    "nameEn": "KITAYA shrine",
    "family": "worship",
    "kind": "templeRoof",
    "wikidata": "Q11404090",
    "lon": 139.700335,
    "lat": 35.665397,
    "x": -5991.1,
    "z": 1773.6,
    "distance": 132,
    "station": 18,
    "stationName": "Harajuku",
    "fromStation": 569,
    "picked": false
   },
   "geometry": {
    "type": "Point",
    "coordinates": [
     139.700335,
     35.665397
    ]
   }
  },
  {
   "type": "Feature",
   "properties": {
    "id": "osm-node-5389650542",
    "osmType": "node",
    "osmId": 5389650542,
    "name": "全生庵",
    "nameEn": "Zenshoan",
    "family": "worship",
    "kind": "templeRoof",
    "wikidata": "Q9085733",
    "lon": 139.766849,
    "lat": 35.724214,
    "x": 13.1,
    "z": -4766,
    "distance": 519,
    "station": 6,
    "stationName": "Nippori",
    "fromStation": 526,
    "picked": false
   },
   "geometry": {
    "type": "Point",
    "coordinates": [
     139.766849,
     35.724214
    ]
   }
  },
  {
   "type": "Feature",
   "properties": {
    "id": "osm-node-5389650561",
    "osmType": "node",
    "osmId": 5389650561,
    "name": "福相寺",
    "nameEn": null,
    "family": "worship",
    "kind": "templeRoof",
    "wikidata": "Q111547880",
    "lon": 139.76653,
    "lat": 35.724488,
    "x": -15.9,
    "z": -4796.3,
    "distance": 520,
    "station": 6,
    "stationName": "Nippori",
    "fromStation": 522,
    "picked": false
   },
   "geometry": {
    "type": "Point",
    "coordinates": [
     139.76653,
     35.724488
    ]
   }
  },
  {
   "type": "Feature",
   "properties": {
    "id": "osm-node-5389650658",
    "osmType": "node",
    "osmId": 5389650658,
    "name": "長久寺",
    "nameEn": "Chokyuji Temple",
    "family": "worship",
    "kind": "templeRoof",
    "wikidata": "Q111540393",
    "lon": 139.76627,
    "lat": 35.724206,
    "x": -39.4,
    "z": -4765,
    "distance": 558,
    "station": 6,
    "stationName": "Nippori",
    "fromStation": 561,
    "picked": false
   },
   "geometry": {
    "type": "Point",
    "coordinates": [
     139.76627,
     35.724206
    ]
   }
  },
  {
   "type": "Feature",
   "properties": {
    "id": "osm-node-5389650711",
    "osmType": "node",
    "osmId": 5389650711,
    "name": "明王院",
    "nameEn": "Myo-o-in Temple",
    "family": "worship",
    "kind": "templeRoof",
    "wikidata": "Q111633200",
    "lon": 139.767432,
    "lat": 35.724101,
    "x": 65.8,
    "z": -4753.5,
    "distance": 490,
    "station": 6,
    "stationName": "Nippori",
    "fromStation": 507,
    "picked": false
   },
   "geometry": {
    "type": "Point",
    "coordinates": [
     139.767432,
     35.724101
    ]
   }
  },
  {
   "type": "Feature",
   "properties": {
    "id": "osm-node-5389650740",
    "osmType": "node",
    "osmId": 5389650740,
    "name": "安立寺",
    "nameEn": "Anryuji",
    "family": "worship",
    "kind": "templeRoof",
    "wikidata": "Q30929786",
    "lon": 139.767351,
    "lat": 35.724759,
    "x": 58.3,
    "z": -4826.5,
    "distance": 445,
    "station": 6,
    "stationName": "Nippori",
    "fromStation": 451,
    "picked": false
   },
   "geometry": {
    "type": "Point",
    "coordinates": [
     139.767351,
     35.724759
    ]
   }
  },
  {
   "type": "Feature",
   "properties": {
    "id": "osm-node-5401158547",
    "osmType": "node",
    "osmId": 5401158547,
    "name": "東灌森稲荷神社",
    "nameEn": "Toukanmori Inari Jinja",
    "family": "worship",
    "kind": "templeRoof",
    "wikidata": "Q106852435",
    "lon": 139.76325,
    "lat": 35.739777,
    "x": -317.2,
    "z": -6491.6,
    "distance": 288,
    "station": 8,
    "stationName": "Tabata",
    "fromStation": 303,
    "picked": false
   },
   "geometry": {
    "type": "Point",
    "coordinates": [
     139.76325,
     35.739777
    ]
   }
  },
  {
   "type": "Feature",
   "properties": {
    "id": "osm-node-5401315967",
    "osmType": "node",
    "osmId": 5401315967,
    "name": "長明寺",
    "nameEn": null,
    "family": "worship",
    "kind": "templeRoof",
    "wikidata": "Q30932486",
    "lon": 139.767128,
    "lat": 35.726849,
    "x": 37.5,
    "z": -5058.3,
    "distance": 302,
    "station": 6,
    "stationName": "Nippori",
    "fromStation": 321,
    "picked": false
   },
   "geometry": {
    "type": "Point",
    "coordinates": [
     139.767128,
     35.726849
    ]
   }
  },
  {
   "type": "Feature",
   "properties": {
    "id": "osm-node-5401315968",
    "osmType": "node",
    "osmId": 5401315968,
    "name": "龍泉寺",
    "nameEn": null,
    "family": "worship",
    "kind": "templeRoof",
    "wikidata": "Q106690670",
    "lon": 139.767778,
    "lat": 35.726697,
    "x": 96.3,
    "z": -5041.7,
    "distance": 269,
    "station": 6,
    "stationName": "Nippori",
    "fromStation": 276,
    "picked": false
   },
   "geometry": {
    "type": "Point",
    "coordinates": [
     139.767778,
     35.726697
    ]
   }
  },
  {
   "type": "Feature",
   "properties": {
    "id": "osm-node-5401315969",
    "osmType": "node",
    "osmId": 5401315969,
    "name": "霊梅禅院",
    "nameEn": null,
    "family": "worship",
    "kind": "templeRoof",
    "wikidata": "Q111632184",
    "lon": 139.767528,
    "lat": 35.726222,
    "x": 73.8,
    "z": -4988.8,
    "distance": 322,
    "station": 6,
    "stationName": "Nippori",
    "fromStation": 325,
    "picked": false
   },
   "geometry": {
    "type": "Point",
    "coordinates": [
     139.767528,
     35.726222
    ]
   }
  },
  {
   "type": "Feature",
   "properties": {
    "id": "osm-node-5401315970",
    "osmType": "node",
    "osmId": 5401315970,
    "name": "加納院",
    "nameEn": "Kanoin",
    "family": "worship",
    "kind": "templeRoof",
    "wikidata": "Q111648968",
    "lon": 139.767738,
    "lat": 35.725462,
    "x": 93.1,
    "z": -4904.6,
    "distance": 366,
    "station": 6,
    "stationName": "Nippori",
    "fromStation": 368,
    "picked": false
   },
   "geometry": {
    "type": "Point",
    "coordinates": [
     139.767738,
     35.725462
    ]
   }
  },
  {
   "type": "Feature",
   "properties": {
    "id": "osm-node-5401315971",
    "osmType": "node",
    "osmId": 5401315971,
    "name": "観音寺",
    "nameEn": "Kannonji",
    "family": "worship",
    "kind": "templeRoof",
    "wikidata": "Q106645233",
    "lon": 139.76808,
    "lat": 35.725574,
    "x": 123.9,
    "z": -4917.1,
    "distance": 335,
    "station": 6,
    "stationName": "Nippori",
    "fromStation": 339,
    "picked": false
   },
   "geometry": {
    "type": "Point",
    "coordinates": [
     139.76808,
     35.725574
    ]
   }
  },
  {
   "type": "Feature",
   "properties": {
    "id": "osm-node-5401315972",
    "osmType": "node",
    "osmId": 5401315972,
    "name": "了俒寺",
    "nameEn": "Ryohgon-ji",
    "family": "worship",
    "kind": "templeRoof",
    "wikidata": "Q106690337",
    "lon": 139.769095,
    "lat": 35.725611,
    "x": 215.8,
    "z": -4921.4,
    "distance": 265,
    "station": 6,
    "stationName": "Nippori",
    "fromStation": 287,
    "picked": false
   },
   "geometry": {
    "type": "Point",
    "coordinates": [
     139.769095,
     35.725611
    ]
   }
  },
  {
   "type": "Feature",
   "properties": {
    "id": "osm-node-5401315973",
    "osmType": "node",
    "osmId": 5401315973,
    "name": "興禪寺",
    "nameEn": "Kohzen-ji",
    "family": "worship",
    "kind": "templeRoof",
    "wikidata": "Q106836950",
    "lon": 139.768104,
    "lat": 35.724448,
    "x": 126.5,
    "z": -4792.2,
    "distance": 419,
    "station": 6,
    "stationName": "Nippori",
    "fromStation": 443,
    "picked": false
   },
   "geometry": {
    "type": "Point",
    "coordinates": [
     139.768104,
     35.724448
    ]
   }
  },
  {
   "type": "Feature",
   "properties": {
    "id": "osm-node-5401315974",
    "osmType": "node",
    "osmId": 5401315974,
    "name": "観智院",
    "nameEn": "Kanchi-in Temple",
    "family": "worship",
    "kind": "templeRoof",
    "wikidata": "Q106674301",
    "lon": 139.768225,
    "lat": 35.72395,
    "x": 137.6,
    "z": -4737,
    "distance": 451,
    "station": 6,
    "stationName": "Nippori",
    "fromStation": 488,
    "picked": false
   },
   "geometry": {
    "type": "Point",
    "coordinates": [
     139.768225,
     35.72395
    ]
   }
  },
  {
   "type": "Feature",
   "properties": {
    "id": "osm-node-5401315975",
    "osmType": "node",
    "osmId": 5401315975,
    "name": "養泉寺",
    "nameEn": "Yohsen-ji",
    "family": "worship",
    "kind": "templeRoof",
    "wikidata": "Q30933130",
    "lon": 139.768452,
    "lat": 35.724252,
    "x": 158.1,
    "z": -4770.5,
    "distance": 412,
    "station": 6,
    "stationName": "Nippori",
    "fromStation": 449,
    "picked": false
   },
   "geometry": {
    "type": "Point",
    "coordinates": [
     139.768452,
     35.724252
    ]
   }
  },
  {
   "type": "Feature",
   "properties": {
    "id": "osm-node-5401315976",
    "osmType": "node",
    "osmId": 5401315976,
    "name": "常在寺",
    "nameEn": null,
    "family": "worship",
    "kind": "templeRoof",
    "wikidata": "Q30932832",
    "lon": 139.768419,
    "lat": 35.724689,
    "x": 154.9,
    "z": -4819,
    "distance": 380,
    "station": 6,
    "stationName": "Nippori",
    "fromStation": 406,
    "picked": false
   },
   "geometry": {
    "type": "Point",
    "coordinates": [
     139.768419,
     35.724689
    ]
   }
  },
  {
   "type": "Feature",
   "properties": {
    "id": "osm-node-5401316475",
    "osmType": "node",
    "osmId": 5401316475,
    "name": "法光寺",
    "nameEn": null,
    "family": "worship",
    "kind": "templeRoof",
    "wikidata": "Q11555029",
    "lon": 139.766483,
    "lat": 35.729448,
    "x": -21.7,
    "z": -5346.6,
    "distance": 176,
    "station": 7,
    "stationName": "Nishi-Nippori",
    "fromStation": 304,
    "picked": false
   },
   "geometry": {
    "type": "Point",
    "coordinates": [
     139.766483,
     35.729448
    ]
   }
  },
  {
   "type": "Feature",
   "properties": {
    "id": "osm-node-5401316476",
    "osmType": "node",
    "osmId": 5401316476,
    "name": "南泉寺",
    "nameEn": null,
    "family": "worship",
    "kind": "templeRoof",
    "wikidata": "Q97215153",
    "lon": 139.766252,
    "lat": 35.729068,
    "x": -42.5,
    "z": -5304.4,
    "distance": 218,
    "station": 7,
    "stationName": "Nishi-Nippori",
    "fromStation": 348,
    "picked": false
   },
   "geometry": {
    "type": "Point",
    "coordinates": [
     139.766252,
     35.729068
    ]
   }
  },
  {
   "type": "Feature",
   "properties": {
    "id": "osm-node-5401316477",
    "osmType": "node",
    "osmId": 5401316477,
    "name": "浄光寺",
    "nameEn": "Jokoji",
    "family": "worship",
    "kind": "templeRoof",
    "wikidata": "Q97215728",
    "lon": 139.7676,
    "lat": 35.730324,
    "x": 79.1,
    "z": -5444,
    "distance": 38,
    "station": 7,
    "stationName": "Nishi-Nippori",
    "fromStation": 224,
    "picked": false
   },
   "geometry": {
    "type": "Point",
    "coordinates": [
     139.7676,
     35.730324
    ]
   }
  },
  {
   "type": "Feature",
   "properties": {
    "id": "osm-node-5401316478",
    "osmType": "node",
    "osmId": 5401316478,
    "name": "養福寺",
    "nameEn": "Yōfukuji Temple",
    "family": "worship",
    "kind": "templeRoof",
    "wikidata": "Q97216444",
    "lon": 139.76828,
    "lat": 35.729496,
    "x": 140.9,
    "z": -5352.3,
    "distance": 40,
    "station": 6,
    "stationName": "Nippori",
    "fromStation": 256,
    "picked": false
   },
   "geometry": {
    "type": "Point",
    "coordinates": [
     139.76828,
     35.729496
    ]
   }
  },
  {
   "type": "Feature",
   "properties": {
    "id": "osm-node-5401316487",
    "osmType": "node",
    "osmId": 5401316487,
    "name": "啓運寺",
    "nameEn": "Keiunji",
    "family": "worship",
    "kind": "templeRoof",
    "wikidata": "Q42707063",
    "lon": 139.76825,
    "lat": 35.728807,
    "x": 138.3,
    "z": -5275.9,
    "distance": 86,
    "station": 6,
    "stationName": "Nippori",
    "fromStation": 216,
    "picked": false
   },
   "geometry": {
    "type": "Point",
    "coordinates": [
     139.76825,
     35.728807
    ]
   }
  },
  {
   "type": "Feature",
   "properties": {
    "id": "osm-node-5401316496",
    "osmType": "node",
    "osmId": 5401316496,
    "name": "海蔵院",
    "nameEn": null,
    "family": "worship",
    "kind": "templeRoof",
    "wikidata": "Q111632238",
    "lon": 139.768165,
    "lat": 35.726085,
    "x": 131.5,
    "z": -4973.8,
    "distance": 291,
    "station": 6,
    "stationName": "Nippori",
    "fromStation": 291,
    "picked": false
   },
   "geometry": {
    "type": "Point",
    "coordinates": [
     139.768165,
     35.726085
    ]
   }
  },
  {
   "type": "Feature",
   "properties": {
    "id": "osm-node-5403572642",
    "osmType": "node",
    "osmId": 5403572642,
    "name": "臨江寺",
    "nameEn": "Rinko-ji Temple",
    "family": "worship",
    "kind": "templeRoof",
    "wikidata": "Q106690234",
    "lon": 139.766344,
    "lat": 35.720104,
    "x": -31.4,
    "z": -4309.8,
    "distance": 888,
    "station": 6,
    "stationName": "Nippori",
    "fromStation": 947,
    "picked": false
   },
   "geometry": {
    "type": "Point",
    "coordinates": [
     139.766344,
     35.720104
    ]
   }
  },
  {
   "type": "Feature",
   "properties": {
    "id": "osm-node-5403572643",
    "osmType": "node",
    "osmId": 5403572643,
    "name": "瑞松院",
    "nameEn": "Zuishoin Temple",
    "family": "worship",
    "kind": "templeRoof",
    "wikidata": "Q111771390",
    "lon": 139.766242,
    "lat": 35.719674,
    "x": -40.6,
    "z": -4262.1,
    "distance": 931,
    "station": 6,
    "stationName": "Nippori",
    "fromStation": 994,
    "picked": false
   },
   "geometry": {
    "type": "Point",
    "coordinates": [
     139.766242,
     35.719674
    ]
   }
  },
  {
   "type": "Feature",
   "properties": {
    "id": "osm-node-5403572644",
    "osmType": "node",
    "osmId": 5403572644,
    "name": "本寿寺",
    "nameEn": "Honju-ji",
    "family": "worship",
    "kind": "templeRoof",
    "wikidata": "Q43594039",
    "lon": 139.766297,
    "lat": 35.719469,
    "x": -35.5,
    "z": -4239.4,
    "distance": 946,
    "station": 6,
    "stationName": "Nippori",
    "fromStation": 1014,
    "picked": false
   },
   "geometry": {
    "type": "Point",
    "coordinates": [
     139.766297,
     35.719469
    ]
   }
  },
  {
   "type": "Feature",
   "properties": {
    "id": "osm-node-5403572667",
    "osmType": "node",
    "osmId": 5403572667,
    "name": "玉林寺",
    "nameEn": "Gyokurinji Temple",
    "family": "worship",
    "kind": "templeRoof",
    "wikidata": "Q106751437",
    "lon": 139.766985,
    "lat": 35.719978,
    "x": 26.6,
    "z": -4296,
    "distance": 862,
    "station": 6,
    "stationName": "Nippori",
    "fromStation": 939,
    "picked": false
   },
   "geometry": {
    "type": "Point",
    "coordinates": [
     139.766985,
     35.719978
    ]
   }
  },
  {
   "type": "Feature",
   "properties": {
    "id": "osm-node-5403572668",
    "osmType": "node",
    "osmId": 5403572668,
    "name": "宗善寺",
    "nameEn": "Sozenji Temple",
    "family": "worship",
    "kind": "templeRoof",
    "wikidata": "Q111547972",
    "lon": 139.766964,
    "lat": 35.720859,
    "x": 24.5,
    "z": -4393.7,
    "distance": 788,
    "station": 6,
    "stationName": "Nippori",
    "fromStation": 848,
    "picked": false
   },
   "geometry": {
    "type": "Point",
    "coordinates": [
     139.766964,
     35.720859
    ]
   }
  },
  {
   "type": "Feature",
   "properties": {
    "id": "osm-node-5403572719",
    "osmType": "node",
    "osmId": 5403572719,
    "name": "妙福寺",
    "nameEn": "Myofukuji Temple",
    "family": "worship",
    "kind": "templeRoof",
    "wikidata": "Q30929787",
    "lon": 139.767894,
    "lat": 35.720993,
    "x": 108.5,
    "z": -4408.9,
    "distance": 724,
    "station": 6,
    "stationName": "Nippori",
    "fromStation": 807,
    "picked": false
   },
   "geometry": {
    "type": "Point",
    "coordinates": [
     139.767894,
     35.720993
    ]
   }
  },
  {
   "type": "Feature",
   "properties": {
    "id": "osm-node-5403572734",
    "osmType": "node",
    "osmId": 5403572734,
    "name": "長運寺",
    "nameEn": "Chounji Temple",
    "family": "worship",
    "kind": "templeRoof",
    "wikidata": "Q30932050",
    "lon": 139.767629,
    "lat": 35.720669,
    "x": 84.6,
    "z": -4372.9,
    "distance": 767,
    "station": 6,
    "stationName": "Nippori",
    "fromStation": 848,
    "picked": false
   },
   "geometry": {
    "type": "Point",
    "coordinates": [
     139.767629,
     35.720669
    ]
   }
  },
  {
   "type": "Feature",
   "properties": {
    "id": "osm-node-5403894361",
    "osmType": "node",
    "osmId": 5403894361,
    "name": "天眼寺",
    "nameEn": "Tengen-ji",
    "family": "worship",
    "kind": "templeRoof",
    "wikidata": "Q17218266",
    "lon": 139.767027,
    "lat": 35.718775,
    "x": 30.7,
    "z": -4162.6,
    "distance": 947,
    "station": 4,
    "stationName": "Ueno",
    "fromStation": 1001,
    "picked": false
   },
   "geometry": {
    "type": "Point",
    "coordinates": [
     139.767027,
     35.718775
    ]
   }
  },
  {
   "type": "Feature",
   "properties": {
    "id": "osm-node-5405330759",
    "osmType": "node",
    "osmId": 5405330759,
    "name": "金嶺寺",
    "nameEn": "Konrei-ji Temple",
    "family": "worship",
    "kind": "templeRoof",
    "wikidata": "Q106836949",
    "lon": 139.768632,
    "lat": 35.721355,
    "x": 175.2,
    "z": -4449.2,
    "distance": 649,
    "station": 6,
    "stationName": "Nippori",
    "fromStation": 751,
    "picked": false
   },
   "geometry": {
    "type": "Point",
    "coordinates": [
     139.768632,
     35.721355
    ]
   }
  },
  {
   "type": "Feature",
   "properties": {
    "id": "osm-node-5405330904",
    "osmType": "node",
    "osmId": 5405330904,
    "name": "大雄寺",
    "nameEn": "Daioji Temple",
    "family": "worship",
    "kind": "templeRoof",
    "wikidata": "Q30932639",
    "lon": 139.770115,
    "lat": 35.721378,
    "x": 309.4,
    "z": -4452.1,
    "distance": 546,
    "station": 5,
    "stationName": "Uguisudani",
    "fromStation": 706,
    "picked": false
   },
   "geometry": {
    "type": "Point",
    "coordinates": [
     139.770115,
     35.721378
    ]
   }
  },
  {
   "type": "Feature",
   "properties": {
    "id": "osm-node-5405331023",
    "osmType": "node",
    "osmId": 5405331023,
    "name": "瑞輪寺",
    "nameEn": "Zuirinji",
    "family": "worship",
    "kind": "templeRoof",
    "wikidata": "Q11573966",
    "lon": 139.767811,
    "lat": 35.723155,
    "x": 100.4,
    "z": -4648.7,
    "distance": 542,
    "station": 6,
    "stationName": "Nippori",
    "fromStation": 583,
    "picked": false
   },
   "geometry": {
    "type": "Point",
    "coordinates": [
     139.767811,
     35.723155
    ]
   }
  },
  {
   "type": "Feature",
   "properties": {
    "id": "osm-node-5405739169",
    "osmType": "node",
    "osmId": 5405739169,
    "name": "長安寺",
    "nameEn": "Choanji",
    "family": "worship",
    "kind": "templeRoof",
    "wikidata": "Q106629524",
    "lon": 139.768444,
    "lat": 35.725195,
    "x": 157,
    "z": -4875.2,
    "distance": 339,
    "station": 6,
    "stationName": "Nippori",
    "fromStation": 355,
    "picked": false
   },
   "geometry": {
    "type": "Point",
    "coordinates": [
     139.768444,
     35.725195
    ]
   }
  },
  {
   "type": "Feature",
   "properties": {
    "id": "osm-node-5405739192",
    "osmType": "node",
    "osmId": 5405739192,
    "name": "養傳寺",
    "nameEn": "Yohden-ji",
    "family": "worship",
    "kind": "templeRoof",
    "wikidata": "Q30932478",
    "lon": 139.768176,
    "lat": 35.725092,
    "x": 132.8,
    "z": -4863.7,
    "distance": 365,
    "station": 6,
    "stationName": "Nippori",
    "fromStation": 378,
    "picked": false
   },
   "geometry": {
    "type": "Point",
    "coordinates": [
     139.768176,
     35.725092
    ]
   }
  },
  {
   "type": "Feature",
   "properties": {
    "id": "osm-node-5409598583",
    "osmType": "node",
    "osmId": 5409598583,
    "name": "江戸城",
    "nameEn": "Edo Castle",
    "family": "historic",
    "kind": "museumFacade",
    "wikidata": "Q865913",
    "lon": 139.754407,
    "lat": 35.688373,
    "x": -1102.3,
    "z": -786.7,
    "distance": 1300,
    "station": 0,
    "stationName": "Tokyo",
    "fromStation": 1354,
    "picked": false
   },
   "geometry": {
    "type": "Point",
    "coordinates": [
     139.754407,
     35.688373
    ]
   }
  },
  {
   "type": "Feature",
   "properties": {
    "id": "osm-node-5410352108",
    "osmType": "node",
    "osmId": 5410352108,
    "name": "佛立寺",
    "nameEn": "Butsuryu-ji",
    "family": "worship",
    "kind": "templeRoof",
    "wikidata": "Q106836827",
    "lon": 139.759665,
    "lat": 35.732857,
    "x": -639.4,
    "z": -5723.1,
    "distance": 472,
    "station": 8,
    "stationName": "Tabata",
    "fromStation": 532,
    "picked": false
   },
   "geometry": {
    "type": "Point",
    "coordinates": [
     139.759665,
     35.732857
    ]
   }
  },
  {
   "type": "Feature",
   "properties": {
    "id": "osm-node-5423177352",
    "osmType": "node",
    "osmId": 5423177352,
    "name": "向陵稲荷神社",
    "nameEn": "Kohryoh Inari Shrine",
    "family": "worship",
    "kind": "templeRoof",
    "wikidata": "Q110259223",
    "lon": 139.764195,
    "lat": 35.733212,
    "x": -229.7,
    "z": -5763.5,
    "distance": 131,
    "station": 7,
    "stationName": "Nishi-Nippori",
    "fromStation": 249,
    "picked": false
   },
   "geometry": {
    "type": "Point",
    "coordinates": [
     139.764195,
     35.733212
    ]
   }
  },
  {
   "type": "Feature",
   "properties": {
    "id": "osm-node-5424611811",
    "osmType": "node",
    "osmId": 5424611811,
    "name": "洞泉寺",
    "nameEn": "Tohsen-ji",
    "family": "worship",
    "kind": "templeRoof",
    "wikidata": "Q112332429",
    "lon": 139.754246,
    "lat": 35.727309,
    "x": -1128,
    "z": -5106.3,
    "distance": 1200,
    "station": 9,
    "stationName": "Komagome",
    "fromStation": 1205,
    "picked": false
   },
   "geometry": {
    "type": "Point",
    "coordinates": [
     139.754246,
     35.727309
    ]
   }
  },
  {
   "type": "Feature",
   "properties": {
    "id": "osm-node-5424612043",
    "osmType": "node",
    "osmId": 5424612043,
    "name": "養昌寺",
    "nameEn": "Yohshoh-ji Temple",
    "family": "worship",
    "kind": "templeRoof",
    "wikidata": "Q112332633",
    "lon": 139.752787,
    "lat": 35.726425,
    "x": -1259.8,
    "z": -5007.9,
    "distance": 1229,
    "station": 9,
    "stationName": "Komagome",
    "fromStation": 1230,
    "picked": false
   },
   "geometry": {
    "type": "Point",
    "coordinates": [
     139.752787,
     35.726425
    ]
   }
  },
  {
   "type": "Feature",
   "properties": {
    "id": "osm-node-5424612087",
    "osmType": "node",
    "osmId": 5424612087,
    "name": "徳源院",
    "nameEn": "Tokugen-in",
    "family": "worship",
    "kind": "templeRoof",
    "wikidata": "Q112370940",
    "lon": 139.754934,
    "lat": 35.726526,
    "x": -1065.5,
    "z": -5019.6,
    "distance": 1231,
    "station": 7,
    "stationName": "Nishi-Nippori",
    "fromStation": 1231,
    "picked": false
   },
   "geometry": {
    "type": "Point",
    "coordinates": [
     139.754934,
     35.726526
    ]
   }
  },
  {
   "type": "Feature",
   "properties": {
    "id": "osm-node-5424664841",
    "osmType": "node",
    "osmId": 5424664841,
    "name": "常徳寺",
    "nameEn": "Johtoku-ji",
    "family": "worship",
    "kind": "templeRoof",
    "wikidata": "Q106836747",
    "lon": 139.754916,
    "lat": 35.726067,
    "x": -1067.1,
    "z": -4968.6,
    "distance": 1259,
    "station": 7,
    "stationName": "Nishi-Nippori",
    "fromStation": 1260,
    "picked": false
   },
   "geometry": {
    "type": "Point",
    "coordinates": [
     139.754916,
     35.726067
    ]
   }
  },
  {
   "type": "Feature",
   "properties": {
    "id": "osm-node-5424664843",
    "osmType": "node",
    "osmId": 5424664843,
    "name": "養源寺",
    "nameEn": "Yohgen-ji",
    "family": "worship",
    "kind": "templeRoof",
    "wikidata": "Q106836748",
    "lon": 139.756144,
    "lat": 35.726205,
    "x": -956,
    "z": -4984.3,
    "distance": 1155,
    "station": 7,
    "stationName": "Nishi-Nippori",
    "fromStation": 1159,
    "picked": false
   },
   "geometry": {
    "type": "Point",
    "coordinates": [
     139.756144,
     35.726205
    ]
   }
  },
  {
   "type": "Feature",
   "properties": {
    "id": "osm-node-5425225654",
    "osmType": "node",
    "osmId": 5425225654,
    "name": "定泉寺",
    "nameEn": "Johsen-ji",
    "family": "worship",
    "kind": "templeRoof",
    "wikidata": "Q106836754",
    "lon": 139.753024,
    "lat": 35.72574,
    "x": -1238.1,
    "z": -4931.9,
    "distance": 1307,
    "station": 9,
    "stationName": "Komagome",
    "fromStation": 1309,
    "picked": false
   },
   "geometry": {
    "type": "Point",
    "coordinates": [
     139.753024,
     35.72574
    ]
   }
  },
  {
   "type": "Feature",
   "properties": {
    "id": "osm-node-5425225697",
    "osmType": "node",
    "osmId": 5425225697,
    "name": "龍光寺",
    "nameEn": "Ryukoh-ji Temple",
    "family": "worship",
    "kind": "templeRoof",
    "wikidata": "Q24870609",
    "lon": 139.752396,
    "lat": 35.72498,
    "x": -1294.7,
    "z": -4847.5,
    "distance": 1356,
    "station": 9,
    "stationName": "Komagome",
    "fromStation": 1366,
    "picked": false
   },
   "geometry": {
    "type": "Point",
    "coordinates": [
     139.752396,
     35.72498
    ]
   }
  },
  {
   "type": "Feature",
   "properties": {
    "id": "osm-node-5425225830",
    "osmType": "node",
    "osmId": 5425225830,
    "name": "天榮寺",
    "nameEn": "Tenei-ji",
    "family": "worship",
    "kind": "templeRoof",
    "wikidata": "Q106836599",
    "lon": 139.753216,
    "lat": 35.724526,
    "x": -1220.5,
    "z": -4797.3,
    "distance": 1435,
    "station": 9,
    "stationName": "Komagome",
    "fromStation": 1440,
    "picked": false
   },
   "geometry": {
    "type": "Point",
    "coordinates": [
     139.753216,
     35.724526
    ]
   }
  },
  {
   "type": "Feature",
   "properties": {
    "id": "osm-node-5425225852",
    "osmType": "node",
    "osmId": 5425225852,
    "name": "徳性寺",
    "nameEn": "Tokushou-ji Temple",
    "family": "worship",
    "kind": "templeRoof",
    "wikidata": "Q106836756",
    "lon": 139.752976,
    "lat": 35.723693,
    "x": -1241.9,
    "z": -4704.8,
    "distance": 1508,
    "station": 9,
    "stationName": "Komagome",
    "fromStation": 1518,
    "picked": false
   },
   "geometry": {
    "type": "Point",
    "coordinates": [
     139.752976,
     35.723693
    ]
   }
  },
  {
   "type": "Feature",
   "properties": {
    "id": "osm-node-5425225859",
    "osmType": "node",
    "osmId": 5425225859,
    "name": "潮泉寺",
    "nameEn": "Chosen-ji Temple",
    "family": "worship",
    "kind": "templeRoof",
    "wikidata": "Q106836598",
    "lon": 139.75337,
    "lat": 35.723295,
    "x": -1206.1,
    "z": -4660.7,
    "distance": 1540,
    "station": 7,
    "stationName": "Nishi-Nippori",
    "fromStation": 1554,
    "picked": false
   },
   "geometry": {
    "type": "Point",
    "coordinates": [
     139.75337,
     35.723295
    ]
   }
  },
  {
   "type": "Feature",
   "properties": {
    "id": "osm-node-5429415033",
    "osmType": "node",
    "osmId": 5429415033,
    "name": "本授寺",
    "nameEn": "Honju-ji",
    "family": "worship",
    "kind": "templeRoof",
    "wikidata": "Q111649229",
    "lon": 139.766506,
    "lat": 35.727528,
    "x": -19,
    "z": -5133.6,
    "distance": 298,
    "station": 6,
    "stationName": "Nippori",
    "fromStation": 356,
    "picked": false
   },
   "geometry": {
    "type": "Point",
    "coordinates": [
     139.766506,
     35.727528
    ]
   }
  },
  {
   "type": "Feature",
   "properties": {
    "id": "osm-node-5434473706",
    "osmType": "node",
    "osmId": 5434473706,
    "name": "尾久八幡神社",
    "nameEn": "Oguhachiman Shrine",
    "family": "worship",
    "kind": "templeRoof",
    "wikidata": "Q11391090",
    "lon": 139.764995,
    "lat": 35.750449,
    "x": -162.6,
    "z": -7676.1,
    "distance": 1309,
    "station": 8,
    "stationName": "Tabata",
    "fromStation": 1483,
    "picked": false
   },
   "geometry": {
    "type": "Point",
    "coordinates": [
     139.764995,
     35.750449
    ]
   }
  },
  {
   "type": "Feature",
   "properties": {
    "id": "osm-node-5434473800",
    "osmType": "node",
    "osmId": 5434473800,
    "name": "碩運寺",
    "nameEn": "Seki-un-ji Temple",
    "family": "worship",
    "kind": "templeRoof",
    "wikidata": "Q97215900",
    "lon": 139.764017,
    "lat": 35.749861,
    "x": -250.9,
    "z": -7610.7,
    "distance": 1210,
    "station": 8,
    "stationName": "Tabata",
    "fromStation": 1403,
    "picked": false
   },
   "geometry": {
    "type": "Point",
    "coordinates": [
     139.764017,
     35.749861
    ]
   }
  },
  {
   "type": "Feature",
   "properties": {
    "id": "osm-node-5434719266",
    "osmType": "node",
    "osmId": 5434719266,
    "name": "小台天祖神社",
    "nameEn": null,
    "family": "worship",
    "kind": "templeRoof",
    "wikidata": "Q115191131",
    "lon": 139.760024,
    "lat": 35.755967,
    "x": -613.8,
    "z": -8287.1,
    "distance": 1747,
    "station": 8,
    "stationName": "Tabata",
    "fromStation": 2070,
    "picked": false
   },
   "geometry": {
    "type": "Point",
    "coordinates": [
     139.760024,
     35.755967
    ]
   }
  },
  {
   "type": "Feature",
   "properties": {
    "id": "osm-node-5434971212",
    "osmType": "node",
    "osmId": 5434971212,
    "name": "福性寺",
    "nameEn": "Fukusho-ji Temple",
    "family": "worship",
    "kind": "templeRoof",
    "wikidata": "Q97311491",
    "lon": 139.750176,
    "lat": 35.755071,
    "x": -1504.1,
    "z": -8185.3,
    "distance": 1695,
    "station": 9,
    "stationName": "Komagome",
    "fromStation": 2071,
    "picked": false
   },
   "geometry": {
    "type": "Point",
    "coordinates": [
     139.750176,
     35.755071
    ]
   }
  },
  {
   "type": "Feature",
   "properties": {
    "id": "osm-node-5438174522",
    "osmType": "node",
    "osmId": 5438174522,
    "name": "華蔵院",
    "nameEn": "Kezou-in Temple",
    "family": "worship",
    "kind": "templeRoof",
    "wikidata": "Q97216058",
    "lon": 139.766698,
    "lat": 35.75239,
    "x": -9.2,
    "z": -7891.9,
    "distance": 1572,
    "station": 8,
    "stationName": "Tabata",
    "fromStation": 1728,
    "picked": false
   },
   "geometry": {
    "type": "Point",
    "coordinates": [
     139.766698,
     35.75239
    ]
   }
  },
  {
   "type": "Feature",
   "properties": {
    "id": "osm-node-5438320197",
    "osmType": "node",
    "osmId": 5438320197,
    "name": "真昌寺",
    "nameEn": "Sinsho-ji Temple",
    "family": "worship",
    "kind": "templeRoof",
    "wikidata": "Q115188254",
    "lon": 139.776231,
    "lat": 35.738947,
    "x": 857.2,
    "z": -6402.8,
    "distance": 1127,
    "station": 7,
    "stationName": "Nishi-Nippori",
    "fromStation": 1147,
    "picked": false
   },
   "geometry": {
    "type": "Point",
    "coordinates": [
     139.776231,
     35.738947
    ]
   }
  },
  {
   "type": "Feature",
   "properties": {
    "id": "osm-node-5438320208",
    "osmType": "node",
    "osmId": 5438320208,
    "name": "浄善寺",
    "nameEn": "Jozen-ji Temple",
    "family": "worship",
    "kind": "templeRoof",
    "wikidata": "Q115188363",
    "lon": 139.772885,
    "lat": 35.738471,
    "x": 554.7,
    "z": -6349.2,
    "distance": 847,
    "station": 7,
    "stationName": "Nishi-Nippori",
    "fromStation": 897,
    "picked": false
   },
   "geometry": {
    "type": "Point",
    "coordinates": [
     139.772885,
     35.738471
    ]
   }
  },
  {
   "type": "Feature",
   "properties": {
    "id": "osm-node-5438320849",
    "osmType": "node",
    "osmId": 5438320849,
    "name": "金相寺",
    "nameEn": "Konshou-ji Temple",
    "family": "worship",
    "kind": "templeRoof",
    "wikidata": "Q115188739",
    "lon": 139.770621,
    "lat": 35.738641,
    "x": 349.8,
    "z": -6367.5,
    "distance": 699,
    "station": 7,
    "stationName": "Nishi-Nippori",
    "fromStation": 801,
    "picked": false
   },
   "geometry": {
    "type": "Point",
    "coordinates": [
     139.770621,
     35.738641
    ]
   }
  },
  {
   "type": "Feature",
   "properties": {
    "id": "osm-node-5442927105",
    "osmType": "node",
    "osmId": 5442927105,
    "name": "総禅寺",
    "nameEn": null,
    "family": "worship",
    "kind": "templeRoof",
    "wikidata": "Q105069655",
    "lon": 139.732701,
    "lat": 35.741486,
    "x": -3080.8,
    "z": -6674.3,
    "distance": 1081,
    "station": 10,
    "stationName": "Sugamo",
    "fromStation": 1089,
    "picked": false
   },
   "geometry": {
    "type": "Point",
    "coordinates": [
     139.732701,
     35.741486
    ]
   }
  },
  {
   "type": "Feature",
   "properties": {
    "id": "osm-node-5442927824",
    "osmType": "node",
    "osmId": 5442927824,
    "name": "白泉寺",
    "nameEn": null,
    "family": "worship",
    "kind": "templeRoof",
    "wikidata": "Q106836817",
    "lon": 139.73296,
    "lat": 35.741806,
    "x": -3057.5,
    "z": -6709.9,
    "distance": 1101,
    "station": 10,
    "stationName": "Sugamo",
    "fromStation": 1106,
    "picked": false
   },
   "geometry": {
    "type": "Point",
    "coordinates": [
     139.73296,
     35.741806
    ]
   }
  },
  {
   "type": "Feature",
   "properties": {
    "id": "osm-node-5450842567",
    "osmType": "node",
    "osmId": 5450842567,
    "name": "慈眼寺",
    "nameEn": null,
    "family": "worship",
    "kind": "templeRoof",
    "wikidata": "Q106836814",
    "lon": 139.735933,
    "lat": 35.739704,
    "x": -2788,
    "z": -6477.3,
    "distance": 772,
    "station": 10,
    "stationName": "Sugamo",
    "fromStation": 773,
    "picked": false
   },
   "geometry": {
    "type": "Point",
    "coordinates": [
     139.735933,
     35.739704
    ]
   }
  },
  {
   "type": "Feature",
   "properties": {
    "id": "osm-node-5453136175",
    "osmType": "node",
    "osmId": 5453136175,
    "name": "西方寺",
    "nameEn": null,
    "family": "worship",
    "kind": "templeRoof",
    "wikidata": "Q97478996",
    "lon": 139.729936,
    "lat": 35.742813,
    "x": -3331.3,
    "z": -6820.9,
    "distance": 1218,
    "station": 11,
    "stationName": "Otsuka",
    "fromStation": 1246,
    "picked": false
   },
   "geometry": {
    "type": "Point",
    "coordinates": [
     139.729936,
     35.742813
    ]
   }
  },
  {
   "type": "Feature",
   "properties": {
    "id": "osm-node-5453136196",
    "osmType": "node",
    "osmId": 5453136196,
    "name": "盛雲寺",
    "nameEn": null,
    "family": "worship",
    "kind": "templeRoof",
    "wikidata": "Q97478984",
    "lon": 139.730491,
    "lat": 35.742656,
    "x": -3281,
    "z": -6803.7,
    "distance": 1217,
    "station": 11,
    "stationName": "Otsuka",
    "fromStation": 1235,
    "picked": false
   },
   "geometry": {
    "type": "Point",
    "coordinates": [
     139.730491,
     35.742656
    ]
   }
  },
  {
   "type": "Feature",
   "properties": {
    "id": "osm-node-5453136197",
    "osmType": "node",
    "osmId": 5453136197,
    "name": "妙行寺",
    "nameEn": null,
    "family": "worship",
    "kind": "templeRoof",
    "wikidata": "Q11447015",
    "lon": 139.731121,
    "lat": 35.743228,
    "x": -3224.2,
    "z": -6867.2,
    "distance": 1295,
    "station": 11,
    "stationName": "Otsuka",
    "fromStation": 1306,
    "picked": false
   },
   "geometry": {
    "type": "Point",
    "coordinates": [
     139.731121,
     35.743228
    ]
   }
  },
  {
   "type": "Feature",
   "properties": {
    "id": "osm-node-5453136220",
    "osmType": "node",
    "osmId": 5453136220,
    "name": "善養寺",
    "nameEn": null,
    "family": "worship",
    "kind": "templeRoof",
    "wikidata": "Q97478940",
    "lon": 139.731214,
    "lat": 35.743492,
    "x": -3215.8,
    "z": -6896.5,
    "distance": 1325,
    "station": 11,
    "stationName": "Otsuka",
    "fromStation": 1337,
    "picked": false
   },
   "geometry": {
    "type": "Point",
    "coordinates": [
     139.731214,
     35.743492
    ]
   }
  },
  {
   "type": "Feature",
   "properties": {
    "id": "osm-node-5453136423",
    "osmType": "node",
    "osmId": 5453136423,
    "name": "良感寺",
    "nameEn": null,
    "family": "worship",
    "kind": "templeRoof",
    "wikidata": "Q97478992",
    "lon": 139.73089,
    "lat": 35.743952,
    "x": -3245.3,
    "z": -6947.6,
    "distance": 1365,
    "station": 11,
    "stationName": "Otsuka",
    "fromStation": 1382,
    "picked": false
   },
   "geometry": {
    "type": "Point",
    "coordinates": [
     139.73089,
     35.743952
    ]
   }
  },
  {
   "type": "Feature",
   "properties": {
    "id": "osm-node-5453136440",
    "osmType": "node",
    "osmId": 5453136440,
    "name": "清巌寺",
    "nameEn": null,
    "family": "worship",
    "kind": "templeRoof",
    "wikidata": "Q106836818",
    "lon": 139.731072,
    "lat": 35.743762,
    "x": -3228.8,
    "z": -6926.4,
    "distance": 1350,
    "station": 11,
    "stationName": "Otsuka",
    "fromStation": 1364,
    "picked": false
   },
   "geometry": {
    "type": "Point",
    "coordinates": [
     139.731072,
     35.743762
    ]
   }
  },
  {
   "type": "Feature",
   "properties": {
    "id": "osm-node-5454108967",
    "osmType": "node",
    "osmId": 5454108967,
    "name": "東福寺",
    "nameEn": null,
    "family": "worship",
    "kind": "templeRoof",
    "wikidata": "Q97478970",
    "lon": 139.734961,
    "lat": 35.729226,
    "x": -2873.1,
    "z": -5314.6,
    "distance": 227,
    "station": 10,
    "stationName": "Sugamo",
    "fromStation": 613,
    "picked": false
   },
   "geometry": {
    "type": "Point",
    "coordinates": [
     139.734961,
     35.729226
    ]
   }
  },
  {
   "type": "Feature",
   "properties": {
    "id": "osm-node-5456685256",
    "osmType": "node",
    "osmId": 5456685256,
    "name": "福成寺",
    "nameEn": null,
    "family": "worship",
    "kind": "templeRoof",
    "wikidata": "Q112608456",
    "lon": 139.76902,
    "lat": 35.709055,
    "x": 214,
    "z": -3084.7,
    "distance": 525,
    "station": 3,
    "stationName": "Okachimachi",
    "fromStation": 557,
    "picked": false
   },
   "geometry": {
    "type": "Point",
    "coordinates": [
     139.76902,
     35.709055
    ]
   }
  },
  {
   "type": "Feature",
   "properties": {
    "id": "osm-node-5456685257",
    "osmType": "node",
    "osmId": 5456685257,
    "name": "教證寺",
    "nameEn": null,
    "family": "worship",
    "kind": "templeRoof",
    "wikidata": "Q112608036",
    "lon": 139.768875,
    "lat": 35.709235,
    "x": 200.9,
    "z": -3104.6,
    "distance": 535,
    "station": 3,
    "stationName": "Okachimachi",
    "fromStation": 577,
    "picked": false
   },
   "geometry": {
    "type": "Point",
    "coordinates": [
     139.768875,
     35.709235
    ]
   }
  },
  {
   "type": "Feature",
   "properties": {
    "id": "osm-node-5456685315",
    "osmType": "node",
    "osmId": 5456685315,
    "name": "東淵寺",
    "nameEn": "Toenji Temple",
    "family": "worship",
    "kind": "templeRoof",
    "wikidata": "Q112607381",
    "lon": 139.765921,
    "lat": 35.713727,
    "x": -67.8,
    "z": -3602.3,
    "distance": 839,
    "station": 4,
    "stationName": "Ueno",
    "fromStation": 920,
    "picked": false
   },
   "geometry": {
    "type": "Point",
    "coordinates": [
     139.765921,
     35.713727
    ]
   }
  },
  {
   "type": "Feature",
   "properties": {
    "id": "osm-node-5456685316",
    "osmType": "node",
    "osmId": 5456685316,
    "name": "覚性寺",
    "nameEn": "Kakushoji Temple",
    "family": "worship",
    "kind": "templeRoof",
    "wikidata": "Q29526353",
    "lon": 139.766352,
    "lat": 35.713569,
    "x": -28.7,
    "z": -3584.9,
    "distance": 796,
    "station": 4,
    "stationName": "Ueno",
    "fromStation": 881,
    "picked": false
   },
   "geometry": {
    "type": "Point",
    "coordinates": [
     139.766352,
     35.713569
    ]
   }
  },
  {
   "type": "Feature",
   "properties": {
    "id": "osm-node-5456685317",
    "osmType": "node",
    "osmId": 5456685317,
    "name": "宗賢寺",
    "nameEn": "Sokenji Temple",
    "family": "worship",
    "kind": "templeRoof",
    "wikidata": "Q29526349",
    "lon": 139.766595,
    "lat": 35.713393,
    "x": -6.7,
    "z": -3565.4,
    "distance": 769,
    "station": 4,
    "stationName": "Ueno",
    "fromStation": 859,
    "picked": false
   },
   "geometry": {
    "type": "Point",
    "coordinates": [
     139.766595,
     35.713393
    ]
   }
  },
  {
   "type": "Feature",
   "properties": {
    "id": "osm-node-5456685318",
    "osmType": "node",
    "osmId": 5456685318,
    "name": "大正寺",
    "nameEn": "Taisho-ji Temple",
    "family": "worship",
    "kind": "templeRoof",
    "wikidata": "Q30928797",
    "lon": 139.766504,
    "lat": 35.71378,
    "x": -15.1,
    "z": -3608.2,
    "distance": 790,
    "station": 4,
    "stationName": "Ueno",
    "fromStation": 867,
    "picked": false
   },
   "geometry": {
    "type": "Point",
    "coordinates": [
     139.766504,
     35.71378
    ]
   }
  },
  {
   "type": "Feature",
   "properties": {
    "id": "osm-node-5456685319",
    "osmType": "node",
    "osmId": 5456685319,
    "name": "正慶寺",
    "nameEn": null,
    "family": "worship",
    "kind": "templeRoof",
    "wikidata": "Q106836955",
    "lon": 139.765938,
    "lat": 35.714095,
    "x": -66.4,
    "z": -3643.1,
    "distance": 850,
    "station": 4,
    "stationName": "Ueno",
    "fromStation": 920,
    "picked": false
   },
   "geometry": {
    "type": "Point",
    "coordinates": [
     139.765938,
     35.714095
    ]
   }
  },
  {
   "type": "Feature",
   "properties": {
    "id": "osm-node-5456685320",
    "osmType": "node",
    "osmId": 5456685320,
    "name": "妙顕寺",
    "nameEn": "Myokenji Temple",
    "family": "worship",
    "kind": "templeRoof",
    "wikidata": "Q29526345",
    "lon": 139.766072,
    "lat": 35.714456,
    "x": -54.3,
    "z": -3683.2,
    "distance": 852,
    "station": 4,
    "stationName": "Ueno",
    "fromStation": 911,
    "picked": false
   },
   "geometry": {
    "type": "Point",
    "coordinates": [
     139.766072,
     35.714456
    ]
   }
  },
  {
   "type": "Feature",
   "properties": {
    "id": "osm-node-5456685821",
    "osmType": "node",
    "osmId": 5456685821,
    "name": "忠綱寺",
    "nameEn": null,
    "family": "worship",
    "kind": "templeRoof",
    "wikidata": "Q105836496",
    "lon": 139.766072,
    "lat": 35.715668,
    "x": -54.7,
    "z": -3817.6,
    "distance": 906,
    "station": 4,
    "stationName": "Ueno",
    "fromStation": 934,
    "picked": false
   },
   "geometry": {
    "type": "Point",
    "coordinates": [
     139.766072,
     35.715668
    ]
   }
  },
  {
   "type": "Feature",
   "properties": {
    "id": "osm-node-5456685822",
    "osmType": "node",
    "osmId": 5456685822,
    "name": "休昌院",
    "nameEn": null,
    "family": "worship",
    "kind": "templeRoof",
    "wikidata": "Q112386048",
    "lon": 139.765816,
    "lat": 35.716218,
    "x": -78,
    "z": -3878.6,
    "distance": 955,
    "station": 4,
    "stationName": "Ueno",
    "fromStation": 973,
    "picked": false
   },
   "geometry": {
    "type": "Point",
    "coordinates": [
     139.765816,
     35.716218
    ]
   }
  },
  {
   "type": "Feature",
   "properties": {
    "id": "osm-node-5457461376",
    "osmType": "node",
    "osmId": 5457461376,
    "name": "栄松院",
    "nameEn": "Eishoin Temple",
    "family": "worship",
    "kind": "templeRoof",
    "wikidata": "Q106836745",
    "lon": 139.754949,
    "lat": 35.723984,
    "x": -1063.4,
    "z": -4737.5,
    "distance": 1379,
    "station": 7,
    "stationName": "Nishi-Nippori",
    "fromStation": 1395,
    "picked": false
   },
   "geometry": {
    "type": "Point",
    "coordinates": [
     139.754949,
     35.723984
    ]
   }
  },
  {
   "type": "Feature",
   "properties": {
    "id": "osm-node-5457461415",
    "osmType": "node",
    "osmId": 5457461415,
    "name": "瑞泰寺",
    "nameEn": "Zuitaiji Temple",
    "family": "worship",
    "kind": "templeRoof",
    "wikidata": "Q106683514",
    "lon": 139.754589,
    "lat": 35.723824,
    "x": -1096,
    "z": -4719.8,
    "distance": 1416,
    "station": 7,
    "stationName": "Nishi-Nippori",
    "fromStation": 1432,
    "picked": false
   },
   "geometry": {
    "type": "Point",
    "coordinates": [
     139.754589,
     35.723824
    ]
   }
  },
  {
   "type": "Feature",
   "properties": {
    "id": "osm-node-5457575666",
    "osmType": "node",
    "osmId": 5457575666,
    "name": "秋葉神社",
    "nameEn": "Akiba Shrine",
    "family": "worship",
    "kind": "templeRoof",
    "wikidata": "Q112383656",
    "lon": 139.754245,
    "lat": 35.72366,
    "x": -1127.1,
    "z": -4701.4,
    "distance": 1452,
    "station": 7,
    "stationName": "Nishi-Nippori",
    "fromStation": 1467,
    "picked": false
   },
   "geometry": {
    "type": "Point",
    "coordinates": [
     139.754245,
     35.72366
    ]
   }
  },
  {
   "type": "Feature",
   "properties": {
    "id": "osm-node-5457575670",
    "osmType": "node",
    "osmId": 5457575670,
    "name": "常瑞寺",
    "nameEn": "Jozuiji Temple",
    "family": "worship",
    "kind": "templeRoof",
    "wikidata": "Q111578482",
    "lon": 139.755167,
    "lat": 35.723185,
    "x": -1043.5,
    "z": -4648.9,
    "distance": 1414,
    "station": 7,
    "stationName": "Nishi-Nippori",
    "fromStation": 1441,
    "picked": false
   },
   "geometry": {
    "type": "Point",
    "coordinates": [
     139.755167,
     35.723185
    ]
   }
  },
  {
   "type": "Feature",
   "properties": {
    "id": "osm-node-5457575671",
    "osmType": "node",
    "osmId": 5457575671,
    "name": "十方寺",
    "nameEn": "Jippoji Temple",
    "family": "worship",
    "kind": "templeRoof",
    "wikidata": "Q106836744",
    "lon": 139.755211,
    "lat": 35.722766,
    "x": -1039.4,
    "z": -4602.5,
    "distance": 1437,
    "station": 7,
    "stationName": "Nishi-Nippori",
    "fromStation": 1470,
    "picked": false
   },
   "geometry": {
    "type": "Point",
    "coordinates": [
     139.755211,
     35.722766
    ]
   }
  },
  {
   "type": "Feature",
   "properties": {
    "id": "osm-node-5457575672",
    "osmType": "node",
    "osmId": 5457575672,
    "name": "専西寺",
    "nameEn": "Sensaiji Temple",
    "family": "worship",
    "kind": "templeRoof",
    "wikidata": "Q106836742",
    "lon": 139.755375,
    "lat": 35.722475,
    "x": -1024.5,
    "z": -4570.2,
    "distance": 1443,
    "station": 7,
    "stationName": "Nishi-Nippori",
    "fromStation": 1483,
    "picked": false
   },
   "geometry": {
    "type": "Point",
    "coordinates": [
     139.755375,
     35.722475
    ]
   }
  },
  {
   "type": "Feature",
   "properties": {
    "id": "osm-node-5457575673",
    "osmType": "node",
    "osmId": 5457575673,
    "name": "顕本寺",
    "nameEn": null,
    "family": "worship",
    "kind": "templeRoof",
    "wikidata": "Q111550533",
    "lon": 139.755907,
    "lat": 35.722767,
    "x": -976.4,
    "z": -4602.8,
    "distance": 1385,
    "station": 7,
    "stationName": "Nishi-Nippori",
    "fromStation": 1427,
    "picked": false
   },
   "geometry": {
    "type": "Point",
    "coordinates": [
     139.755907,
     35.722767
    ]
   }
  },
  {
   "type": "Feature",
   "properties": {
    "id": "osm-node-5457575674",
    "osmType": "node",
    "osmId": 5457575674,
    "name": "大林寺",
    "nameEn": "Dairinji Temple",
    "family": "worship",
    "kind": "templeRoof",
    "wikidata": "Q106836741",
    "lon": 139.756036,
    "lat": 35.721807,
    "x": -964.5,
    "z": -4496.3,
    "distance": 1437,
    "station": 6,
    "stationName": "Nippori",
    "fromStation": 1469,
    "picked": false
   },
   "geometry": {
    "type": "Point",
    "coordinates": [
     139.756036,
     35.721807
    ]
   }
  },
  {
   "type": "Feature",
   "properties": {
    "id": "osm-node-5457575675",
    "osmType": "node",
    "osmId": 5457575675,
    "name": "長元寺",
    "nameEn": "Chogenji Temple",
    "family": "worship",
    "kind": "templeRoof",
    "wikidata": "Q29407961",
    "lon": 139.755605,
    "lat": 35.721608,
    "x": -1003.5,
    "z": -4474.1,
    "distance": 1481,
    "station": 6,
    "stationName": "Nippori",
    "fromStation": 1514,
    "picked": false
   },
   "geometry": {
    "type": "Point",
    "coordinates": [
     139.755605,
     35.721608
    ]
   }
  },
  {
   "type": "Feature",
   "properties": {
    "id": "osm-node-5457575676",
    "osmType": "node",
    "osmId": 5457575676,
    "name": "浄心寺",
    "nameEn": "Joshinji Temple",
    "family": "worship",
    "kind": "templeRoof",
    "wikidata": "Q102040451",
    "lon": 139.756291,
    "lat": 35.721197,
    "x": -941.3,
    "z": -4428.7,
    "distance": 1458,
    "station": 6,
    "stationName": "Nippori",
    "fromStation": 1481,
    "picked": false
   },
   "geometry": {
    "type": "Point",
    "coordinates": [
     139.756291,
     35.721197
    ]
   }
  },
  {
   "type": "Feature",
   "properties": {
    "id": "osm-node-5457575677",
    "osmType": "node",
    "osmId": 5457575677,
    "name": "眞浄寺",
    "nameEn": "Shinjoji Temple",
    "family": "worship",
    "kind": "templeRoof",
    "wikidata": "Q106683879",
    "lon": 139.756628,
    "lat": 35.721852,
    "x": -910.9,
    "z": -4501.4,
    "distance": 1391,
    "station": 6,
    "stationName": "Nippori",
    "fromStation": 1419,
    "picked": false
   },
   "geometry": {
    "type": "Point",
    "coordinates": [
     139.756628,
     35.721852
    ]
   }
  },
  {
   "type": "Feature",
   "properties": {
    "id": "osm-node-5457575678",
    "osmType": "node",
    "osmId": 5457575678,
    "name": "海蔵寺",
    "nameEn": "Kaizoji Temple",
    "family": "worship",
    "kind": "templeRoof",
    "wikidata": "Q97310534",
    "lon": 139.756796,
    "lat": 35.722526,
    "x": -896,
    "z": -4576.3,
    "distance": 1335,
    "station": 6,
    "stationName": "Nippori",
    "fromStation": 1371,
    "picked": false
   },
   "geometry": {
    "type": "Point",
    "coordinates": [
     139.756796,
     35.722526
    ]
   }
  },
  {
   "type": "Feature",
   "properties": {
    "id": "osm-node-5457575679",
    "osmType": "node",
    "osmId": 5457575679,
    "name": "浩妙寺",
    "nameEn": "Komyoji Temple",
    "family": "worship",
    "kind": "templeRoof",
    "wikidata": "Q29407952",
    "lon": 139.75694,
    "lat": 35.719859,
    "x": -882.1,
    "z": -4280.4,
    "distance": 1506,
    "station": 6,
    "stationName": "Nippori",
    "fromStation": 1514,
    "picked": false
   },
   "geometry": {
    "type": "Point",
    "coordinates": [
     139.75694,
     35.719859
    ]
   }
  },
  {
   "type": "Feature",
   "properties": {
    "id": "osm-node-5457575680",
    "osmType": "node",
    "osmId": 5457575680,
    "name": "西善寺",
    "nameEn": "Saizenji Temple",
    "family": "worship",
    "kind": "templeRoof",
    "wikidata": "Q106836738",
    "lon": 139.756542,
    "lat": 35.719563,
    "x": -918,
    "z": -4247.5,
    "distance": 1555,
    "station": 6,
    "stationName": "Nippori",
    "fromStation": 1563,
    "picked": false
   },
   "geometry": {
    "type": "Point",
    "coordinates": [
     139.756542,
     35.719563
    ]
   }
  },
  {
   "type": "Feature",
   "properties": {
    "id": "osm-node-5457575687",
    "osmType": "node",
    "osmId": 5457575687,
    "name": "正行寺",
    "nameEn": "Shogyoji Temple",
    "family": "worship",
    "kind": "templeRoof",
    "wikidata": "Q106836739",
    "lon": 139.755994,
    "lat": 35.719819,
    "x": -967.7,
    "z": -4275.7,
    "distance": 1575,
    "station": 6,
    "stationName": "Nippori",
    "fromStation": 1587,
    "picked": false
   },
   "geometry": {
    "type": "Point",
    "coordinates": [
     139.755994,
     35.719819
    ]
   }
  },
  {
   "type": "Feature",
   "properties": {
    "id": "osm-node-5457575698",
    "osmType": "node",
    "osmId": 5457575698,
    "name": "大圓寺",
    "nameEn": "Daienji Temple",
    "family": "worship",
    "kind": "templeRoof",
    "wikidata": "Q11432579",
    "lon": 139.753836,
    "lat": 35.721692,
    "x": -1163.5,
    "z": -4483.1,
    "distance": 1607,
    "station": 7,
    "stationName": "Nishi-Nippori",
    "fromStation": 1643,
    "picked": false
   },
   "geometry": {
    "type": "Point",
    "coordinates": [
     139.753836,
     35.721692
    ]
   }
  },
  {
   "type": "Feature",
   "properties": {
    "id": "osm-node-5457575710",
    "osmType": "node",
    "osmId": 5457575710,
    "name": "一音寺",
    "nameEn": "Ichionji Temple",
    "family": "worship",
    "kind": "templeRoof",
    "wikidata": "Q121143131",
    "lon": 139.753466,
    "lat": 35.722555,
    "x": -1197.2,
    "z": -4578.7,
    "distance": 1580,
    "station": 7,
    "stationName": "Nishi-Nippori",
    "fromStation": 1601,
    "picked": false
   },
   "geometry": {
    "type": "Point",
    "coordinates": [
     139.753466,
     35.722555
    ]
   }
  },
  {
   "type": "Feature",
   "properties": {
    "id": "osm-node-5457576050",
    "osmType": "node",
    "osmId": 5457576050,
    "name": "蓮久寺",
    "nameEn": null,
    "family": "worship",
    "kind": "templeRoof",
    "wikidata": "Q106836765",
    "lon": 139.751476,
    "lat": 35.723136,
    "x": -1377.4,
    "z": -4642.6,
    "distance": 1502,
    "station": 9,
    "stationName": "Komagome",
    "fromStation": 1537,
    "picked": false
   },
   "geometry": {
    "type": "Point",
    "coordinates": [
     139.751476,
     35.723136
    ]
   }
  },
  {
   "type": "Feature",
   "properties": {
    "id": "osm-node-5467231181",
    "osmType": "node",
    "osmId": 5467231181,
    "name": "宗仙寺",
    "nameEn": null,
    "family": "worship",
    "kind": "templeRoof",
    "wikidata": "Q97613654",
    "lon": 139.709977,
    "lat": 35.7489,
    "x": -5137.9,
    "z": -7492.2,
    "distance": 1672,
    "station": 12,
    "stationName": "Ikebukuro",
    "fromStation": 2072,
    "picked": false
   },
   "geometry": {
    "type": "Point",
    "coordinates": [
     139.709977,
     35.7489
    ]
   }
  },
  {
   "type": "Feature",
   "properties": {
    "id": "osm-node-5467231373",
    "osmType": "node",
    "osmId": 5467231373,
    "name": "西念寺",
    "nameEn": null,
    "family": "worship",
    "kind": "templeRoof",
    "wikidata": "Q106836819",
    "lon": 139.716176,
    "lat": 35.741362,
    "x": -4575.4,
    "z": -6657.1,
    "distance": 750,
    "station": 12,
    "stationName": "Ikebukuro",
    "fromStation": 1320,
    "picked": false
   },
   "geometry": {
    "type": "Point",
    "coordinates": [
     139.716176,
     35.741362
    ]
   }
  },
  {
   "type": "Feature",
   "properties": {
    "id": "osm-node-5470576073",
    "osmType": "node",
    "osmId": 5470576073,
    "name": "船方神社",
    "nameEn": "Funakata Shrine",
    "family": "worship",
    "kind": "templeRoof",
    "wikidata": "Q97311494",
    "lon": 139.757215,
    "lat": 35.754224,
    "x": -867.3,
    "z": -8093,
    "distance": 1526,
    "station": 8,
    "stationName": "Tabata",
    "fromStation": 1914,
    "picked": false
   },
   "geometry": {
    "type": "Point",
    "coordinates": [
     139.757215,
     35.754224
    ]
   }
  },
  {
   "type": "Feature",
   "properties": {
    "id": "osm-node-5475560332",
    "osmType": "node",
    "osmId": 5475560332,
    "name": "重林寺",
    "nameEn": null,
    "family": "worship",
    "kind": "templeRoof",
    "wikidata": "Q106836821",
    "lon": 139.709952,
    "lat": 35.739767,
    "x": -5138,
    "z": -6478.9,
    "distance": 732,
    "station": 12,
    "stationName": "Ikebukuro",
    "fromStation": 1061,
    "picked": false
   },
   "geometry": {
    "type": "Point",
    "coordinates": [
     139.709952,
     35.739767
    ]
   }
  },
  {
   "type": "Feature",
   "properties": {
    "id": "osm-node-5479183838",
    "osmType": "node",
    "osmId": 5479183838,
    "name": "世尊院",
    "nameEn": null,
    "family": "worship",
    "kind": "templeRoof",
    "wikidata": "Q106493987",
    "lon": 139.759603,
    "lat": 35.724407,
    "x": -642.6,
    "z": -4785.6,
    "distance": 1007,
    "station": 6,
    "stationName": "Nippori",
    "fromStation": 1054,
    "picked": false
   },
   "geometry": {
    "type": "Point",
    "coordinates": [
     139.759603,
     35.724407
    ]
   }
  },
  {
   "type": "Feature",
   "properties": {
    "id": "osm-node-5483894095",
    "osmType": "node",
    "osmId": 5483894095,
    "name": "観音寺",
    "nameEn": "Kannonji Temple",
    "family": "worship",
    "kind": "templeRoof",
    "wikidata": "Q97216149",
    "lon": 139.779012,
    "lat": 35.736836,
    "x": 1109.4,
    "z": -6169.3,
    "distance": 1222,
    "station": 7,
    "stationName": "Nishi-Nippori",
    "fromStation": 1232,
    "picked": false
   },
   "geometry": {
    "type": "Point",
    "coordinates": [
     139.779012,
     35.736836
    ]
   }
  },
  {
   "type": "Feature",
   "properties": {
    "id": "osm-node-5483985312",
    "osmType": "node",
    "osmId": 5483985312,
    "name": "浄正寺",
    "nameEn": "Joshoji Temple",
    "family": "worship",
    "kind": "templeRoof",
    "wikidata": "Q97215743",
    "lon": 139.779771,
    "lat": 35.735573,
    "x": 1178.4,
    "z": -6029.4,
    "distance": 1195,
    "station": 6,
    "stationName": "Nippori",
    "fromStation": 1196,
    "picked": false
   },
   "geometry": {
    "type": "Point",
    "coordinates": [
     139.779771,
     35.735573
    ]
   }
  },
  {
   "type": "Feature",
   "properties": {
    "id": "osm-node-5483985315",
    "osmType": "node",
    "osmId": 5483985315,
    "name": "法界寺",
    "nameEn": "Hokaiji Temple",
    "family": "worship",
    "kind": "templeRoof",
    "wikidata": "Q97215718",
    "lon": 139.779853,
    "lat": 35.735863,
    "x": 1185.8,
    "z": -6061.6,
    "distance": 1223,
    "station": 6,
    "stationName": "Nippori",
    "fromStation": 1224,
    "picked": false
   },
   "geometry": {
    "type": "Point",
    "coordinates": [
     139.779853,
     35.735863
    ]
   }
  },
  {
   "type": "Feature",
   "properties": {
    "id": "osm-node-5484104905",
    "osmType": "node",
    "osmId": 5484104905,
    "name": "満光寺",
    "nameEn": null,
    "family": "worship",
    "kind": "templeRoof",
    "wikidata": "Q97215792",
    "lon": 139.775014,
    "lat": 35.744309,
    "x": 745.5,
    "z": -6997.4,
    "distance": 1410,
    "station": 8,
    "stationName": "Tabata",
    "fromStation": 1431,
    "picked": false
   },
   "geometry": {
    "type": "Point",
    "coordinates": [
     139.775014,
     35.744309
    ]
   }
  },
  {
   "type": "Feature",
   "properties": {
    "id": "osm-node-5484105624",
    "osmType": "node",
    "osmId": 5484105624,
    "name": "阿遮院",
    "nameEn": null,
    "family": "worship",
    "kind": "templeRoof",
    "wikidata": "Q97216384",
    "lon": 139.773149,
    "lat": 35.745093,
    "x": 576.5,
    "z": -7083.9,
    "distance": 1342,
    "station": 8,
    "stationName": "Tabata",
    "fromStation": 1345,
    "picked": false
   },
   "geometry": {
    "type": "Point",
    "coordinates": [
     139.773149,
     35.745093
    ]
   }
  },
  {
   "type": "Feature",
   "properties": {
    "id": "osm-node-5484219179",
    "osmType": "node",
    "osmId": 5484219179,
    "name": "慈眼寺",
    "nameEn": null,
    "family": "worship",
    "kind": "templeRoof",
    "wikidata": "Q97215469",
    "lon": 139.777007,
    "lat": 35.744751,
    "x": 925.6,
    "z": -7046.9,
    "distance": 1577,
    "station": 8,
    "stationName": "Tabata",
    "fromStation": 1610,
    "picked": false
   },
   "geometry": {
    "type": "Point",
    "coordinates": [
     139.777007,
     35.744751
    ]
   }
  },
  {
   "type": "Feature",
   "properties": {
    "id": "osm-node-5485934064",
    "osmType": "node",
    "osmId": 5485934064,
    "name": "十一面観世音菩薩",
    "nameEn": null,
    "family": "historic",
    "kind": "museumFacade",
    "wikidata": "Q114820239",
    "lon": 139.759598,
    "lat": 35.708112,
    "x": -638.2,
    "z": -2977.8,
    "distance": 1363,
    "station": 3,
    "stationName": "Okachimachi",
    "fromStation": 1364,
    "picked": false
   },
   "geometry": {
    "type": "Point",
    "coordinates": [
     139.759598,
     35.708112
    ]
   }
  },
  {
   "type": "Feature",
   "properties": {
    "id": "osm-node-5520267104",
    "osmType": "node",
    "osmId": 5520267104,
    "name": "蓮華寺",
    "nameEn": "Rengeji Temple",
    "family": "worship",
    "kind": "templeRoof",
    "wikidata": "Q29408177",
    "lon": 139.767269,
    "lat": 35.7218,
    "x": 51.8,
    "z": -4498.3,
    "distance": 689,
    "station": 6,
    "stationName": "Nippori",
    "fromStation": 741,
    "picked": false
   },
   "geometry": {
    "type": "Point",
    "coordinates": [
     139.767269,
     35.7218
    ]
   }
  },
  {
   "type": "Feature",
   "properties": {
    "id": "osm-node-5520267105",
    "osmType": "node",
    "osmId": 5520267105,
    "name": "領玄寺",
    "nameEn": "Ryogenji Temple",
    "family": "worship",
    "kind": "templeRoof",
    "wikidata": "Q30932594",
    "lon": 139.766598,
    "lat": 35.722255,
    "x": -9.1,
    "z": -4548.6,
    "distance": 689,
    "station": 6,
    "stationName": "Nippori",
    "fromStation": 722,
    "picked": false
   },
   "geometry": {
    "type": "Point",
    "coordinates": [
     139.766598,
     35.722255
    ]
   }
  },
  {
   "type": "Feature",
   "properties": {
    "id": "osm-node-5549843799",
    "osmType": "node",
    "osmId": 5549843799,
    "name": "駒込富士神社",
    "nameEn": null,
    "family": "worship",
    "kind": "templeRoof",
    "wikidata": "Q11668442",
    "lon": 139.751156,
    "lat": 35.731214,
    "x": -1408.7,
    "z": -5538.8,
    "distance": 687,
    "station": 9,
    "stationName": "Komagome",
    "fromStation": 690,
    "picked": false
   },
   "geometry": {
    "type": "Point",
    "coordinates": [
     139.751156,
     35.731214
    ]
   }
  },
  {
   "type": "Feature",
   "properties": {
    "id": "osm-node-5554390538",
    "osmType": "node",
    "osmId": 5554390538,
    "name": "観明寺",
    "nameEn": "Kanmyoji",
    "family": "worship",
    "kind": "templeRoof",
    "wikidata": "Q97210797",
    "lon": 139.713634,
    "lat": 35.750681,
    "x": -4807.6,
    "z": -7690.5,
    "distance": 1800,
    "station": 12,
    "stationName": "Ikebukuro",
    "fromStation": 2280,
    "picked": false
   },
   "geometry": {
    "type": "Point",
    "coordinates": [
     139.713634,
     35.750681
    ]
   }
  },
  {
   "type": "Feature",
   "properties": {
    "id": "osm-node-5583019321",
    "osmType": "node",
    "osmId": 5583019321,
    "name": "水神稲荷神社",
    "nameEn": null,
    "family": "worship",
    "kind": "templeRoof",
    "wikidata": "Q112242987",
    "lon": 139.757838,
    "lat": 35.73412,
    "x": -805.1,
    "z": -5862.8,
    "distance": 500,
    "station": 8,
    "stationName": "Tabata",
    "fromStation": 501,
    "picked": false
   },
   "geometry": {
    "type": "Point",
    "coordinates": [
     139.757838,
     35.73412
    ]
   }
  },
  {
   "type": "Feature",
   "properties": {
    "id": "osm-node-5583019342",
    "osmType": "node",
    "osmId": 5583019342,
    "name": "田端不動尊",
    "nameEn": null,
    "family": "worship",
    "kind": "templeRoof",
    "wikidata": "Q113493868",
    "lon": 139.755579,
    "lat": 35.734699,
    "x": -1009.6,
    "z": -5926.5,
    "distance": 556,
    "station": 8,
    "stationName": "Tabata",
    "fromStation": 627,
    "picked": false
   },
   "geometry": {
    "type": "Point",
    "coordinates": [
     139.755579,
     35.734699
    ]
   }
  },
  {
   "type": "Feature",
   "properties": {
    "id": "osm-node-5583019389",
    "osmType": "node",
    "osmId": 5583019389,
    "name": "日枝神社",
    "nameEn": null,
    "family": "worship",
    "kind": "templeRoof",
    "wikidata": "Q106852598",
    "lon": 139.755879,
    "lat": 35.73623,
    "x": -982.9,
    "z": -6096.4,
    "distance": 427,
    "station": 8,
    "stationName": "Tabata",
    "fromStation": 540,
    "picked": false
   },
   "geometry": {
    "type": "Point",
    "coordinates": [
     139.755879,
     35.73623
    ]
   }
  },
  {
   "type": "Feature",
   "properties": {
    "id": "osm-node-5593590418",
    "osmType": "node",
    "osmId": 5593590418,
    "name": "円光寺",
    "nameEn": null,
    "family": "worship",
    "kind": "templeRoof",
    "wikidata": "Q106616167",
    "lon": 139.780111,
    "lat": 35.724081,
    "x": 1212.9,
    "z": -4754.5,
    "distance": 327,
    "station": 5,
    "stationName": "Uguisudani",
    "fromStation": 332,
    "picked": false
   },
   "geometry": {
    "type": "Point",
    "coordinates": [
     139.780111,
     35.724081
    ]
   }
  },
  {
   "type": "Feature",
   "properties": {
    "id": "osm-node-5593590872",
    "osmType": "node",
    "osmId": 5593590872,
    "name": "永称寺",
    "nameEn": null,
    "family": "worship",
    "kind": "templeRoof",
    "wikidata": "Q106485886",
    "lon": 139.781296,
    "lat": 35.723252,
    "x": 1320.4,
    "z": -4662.9,
    "distance": 348,
    "station": 5,
    "stationName": "Uguisudani",
    "fromStation": 352,
    "picked": false
   },
   "geometry": {
    "type": "Point",
    "coordinates": [
     139.781296,
     35.723252
    ]
   }
  },
  {
   "type": "Feature",
   "properties": {
    "id": "osm-node-5593591030",
    "osmType": "node",
    "osmId": 5593591030,
    "name": "千手院",
    "nameEn": null,
    "family": "worship",
    "kind": "templeRoof",
    "wikidata": "Q106836716",
    "lon": 139.781563,
    "lat": 35.72297,
    "x": 1344.6,
    "z": -4631.6,
    "distance": 347,
    "station": 5,
    "stationName": "Uguisudani",
    "fromStation": 360,
    "picked": false
   },
   "geometry": {
    "type": "Point",
    "coordinates": [
     139.781563,
     35.72297
    ]
   }
  },
  {
   "type": "Feature",
   "properties": {
    "id": "osm-node-5593591089",
    "osmType": "node",
    "osmId": 5593591089,
    "name": "西蔵院",
    "nameEn": null,
    "family": "worship",
    "kind": "templeRoof",
    "wikidata": "Q106836947",
    "lon": 139.781443,
    "lat": 35.723995,
    "x": 1333.4,
    "z": -4745.3,
    "distance": 409,
    "station": 5,
    "stationName": "Uguisudani",
    "fromStation": 409,
    "picked": false
   },
   "geometry": {
    "type": "Point",
    "coordinates": [
     139.781443,
     35.723995
    ]
   }
  },
  {
   "type": "Feature",
   "properties": {
    "id": "osm-node-5593591117",
    "osmType": "node",
    "osmId": 5593591117,
    "name": "世尊寺",
    "nameEn": null,
    "family": "worship",
    "kind": "templeRoof",
    "wikidata": "Q106836715",
    "lon": 139.782334,
    "lat": 35.723391,
    "x": 1414.2,
    "z": -4678.6,
    "distance": 431,
    "station": 5,
    "stationName": "Uguisudani",
    "fromStation": 443,
    "picked": false
   },
   "geometry": {
    "type": "Point",
    "coordinates": [
     139.782334,
     35.723391
    ]
   }
  },
  {
   "type": "Feature",
   "properties": {
    "id": "osm-node-5593591145",
    "osmType": "node",
    "osmId": 5593591145,
    "name": "安楽寺",
    "nameEn": null,
    "family": "worship",
    "kind": "templeRoof",
    "wikidata": "Q106485440",
    "lon": 139.78436,
    "lat": 35.724339,
    "x": 1597.2,
    "z": -4784.3,
    "distance": 640,
    "station": 5,
    "stationName": "Uguisudani",
    "fromStation": 654,
    "picked": false
   },
   "geometry": {
    "type": "Point",
    "coordinates": [
     139.78436,
     35.724339
    ]
   }
  },
  {
   "type": "Feature",
   "properties": {
    "id": "osm-node-5599091326",
    "osmType": "node",
    "osmId": 5599091326,
    "name": "嶺照院",
    "nameEn": null,
    "family": "worship",
    "kind": "templeRoof",
    "wikidata": "Q106554808",
    "lon": 139.783987,
    "lat": 35.722498,
    "x": 1564,
    "z": -4579.9,
    "distance": 493,
    "station": 5,
    "stationName": "Uguisudani",
    "fromStation": 557,
    "picked": false
   },
   "geometry": {
    "type": "Point",
    "coordinates": [
     139.783987,
     35.722498
    ]
   }
  },
  {
   "type": "Feature",
   "properties": {
    "id": "osm-node-5599091333",
    "osmType": "node",
    "osmId": 5599091333,
    "name": "随徳寺",
    "nameEn": null,
    "family": "worship",
    "kind": "templeRoof",
    "wikidata": "Q106553225",
    "lon": 139.784187,
    "lat": 35.722704,
    "x": 1582.1,
    "z": -4602.8,
    "distance": 520,
    "station": 5,
    "stationName": "Uguisudani",
    "fromStation": 579,
    "picked": false
   },
   "geometry": {
    "type": "Point",
    "coordinates": [
     139.784187,
     35.722704
    ]
   }
  },
  {
   "type": "Feature",
   "properties": {
    "id": "osm-node-5599091387",
    "osmType": "node",
    "osmId": 5599091387,
    "name": "正洞院",
    "nameEn": null,
    "family": "worship",
    "kind": "templeRoof",
    "wikidata": "Q111823290",
    "lon": 139.783358,
    "lat": 35.720974,
    "x": 1507.6,
    "z": -4410.7,
    "distance": 369,
    "station": 5,
    "stationName": "Uguisudani",
    "fromStation": 500,
    "picked": false
   },
   "geometry": {
    "type": "Point",
    "coordinates": [
     139.783358,
     35.720974
    ]
   }
  },
  {
   "type": "Feature",
   "properties": {
    "id": "osm-node-5599091398",
    "osmType": "node",
    "osmId": 5599091398,
    "name": "泰寿院",
    "nameEn": null,
    "family": "worship",
    "kind": "templeRoof",
    "wikidata": "Q111823431",
    "lon": 139.783024,
    "lat": 35.721707,
    "x": 1477.1,
    "z": -4491.9,
    "distance": 374,
    "station": 5,
    "stationName": "Uguisudani",
    "fromStation": 463,
    "picked": false
   },
   "geometry": {
    "type": "Point",
    "coordinates": [
     139.783024,
     35.721707
    ]
   }
  },
  {
   "type": "Feature",
   "properties": {
    "id": "osm-node-5599091413",
    "osmType": "node",
    "osmId": 5599091413,
    "name": "感應寺",
    "nameEn": null,
    "family": "worship",
    "kind": "templeRoof",
    "wikidata": "Q111823191",
    "lon": 139.784346,
    "lat": 35.721023,
    "x": 1597,
    "z": -4416.3,
    "distance": 456,
    "station": 5,
    "stationName": "Uguisudani",
    "fromStation": 588,
    "picked": false
   },
   "geometry": {
    "type": "Point",
    "coordinates": [
     139.784346,
     35.721023
    ]
   }
  },
  {
   "type": "Feature",
   "properties": {
    "id": "osm-node-5599853606",
    "osmType": "node",
    "osmId": 5599853606,
    "name": "正覚寺",
    "nameEn": null,
    "family": "worship",
    "kind": "templeRoof",
    "wikidata": "Q119928900",
    "lon": 139.769626,
    "lat": 35.73276,
    "x": 261.7,
    "z": -5714.7,
    "distance": 265,
    "station": 7,
    "stationName": "Nishi-Nippori",
    "fromStation": 277,
    "picked": false
   },
   "geometry": {
    "type": "Point",
    "coordinates": [
     139.769626,
     35.73276
    ]
   }
  },
  {
   "type": "Feature",
   "properties": {
    "id": "osm-node-5600173289",
    "osmType": "node",
    "osmId": 5600173289,
    "name": "薬王寺",
    "nameEn": null,
    "family": "worship",
    "kind": "templeRoof",
    "wikidata": "Q106727142",
    "lon": 139.790194,
    "lat": 35.728917,
    "x": 2123.5,
    "z": -5293.7,
    "distance": 1369,
    "station": 5,
    "stationName": "Uguisudani",
    "fromStation": 1370,
    "picked": false
   },
   "geometry": {
    "type": "Point",
    "coordinates": [
     139.790194,
     35.728917
    ]
   }
  },
  {
   "type": "Feature",
   "properties": {
    "id": "osm-node-5600173434",
    "osmType": "node",
    "osmId": 5600173434,
    "name": "梅林寺",
    "nameEn": null,
    "family": "worship",
    "kind": "templeRoof",
    "wikidata": "Q803939",
    "lon": 139.79212,
    "lat": 35.728951,
    "x": 2297.6,
    "z": -5297.9,
    "distance": 1508,
    "station": 5,
    "stationName": "Uguisudani",
    "fromStation": 1517,
    "picked": false
   },
   "geometry": {
    "type": "Point",
    "coordinates": [
     139.79212,
     35.728951
    ]
   }
  },
  {
   "type": "Feature",
   "properties": {
    "id": "osm-node-5604957504",
    "osmType": "node",
    "osmId": 5604957504,
    "name": "祥雲寺",
    "nameEn": null,
    "family": "worship",
    "kind": "templeRoof",
    "wikidata": "Q11591073",
    "lon": 139.701698,
    "lat": 35.73338,
    "x": -5883.1,
    "z": -5768.8,
    "distance": 909,
    "station": 12,
    "stationName": "Ikebukuro",
    "fromStation": 909,
    "picked": false
   },
   "geometry": {
    "type": "Point",
    "coordinates": [
     139.701698,
     35.73338
    ]
   }
  },
  {
   "type": "Feature",
   "properties": {
    "id": "osm-node-5604958143",
    "osmType": "node",
    "osmId": 5604958143,
    "name": "洞雲寺",
    "nameEn": null,
    "family": "worship",
    "kind": "templeRoof",
    "wikidata": "Q97478979",
    "lon": 139.702373,
    "lat": 35.733761,
    "x": -5822.1,
    "z": -5811.2,
    "distance": 870,
    "station": 12,
    "stationName": "Ikebukuro",
    "fromStation": 871,
    "picked": false
   },
   "geometry": {
    "type": "Point",
    "coordinates": [
     139.702373,
     35.733761
    ]
   }
  },
  {
   "type": "Feature",
   "properties": {
    "id": "osm-node-5614449262",
    "osmType": "node",
    "osmId": 5614449262,
    "name": "本然寺",
    "nameEn": null,
    "family": "worship",
    "kind": "templeRoof",
    "wikidata": "Q112628532",
    "lon": 139.790506,
    "lat": 35.716925,
    "x": 2155.6,
    "z": -3963.3,
    "distance": 993,
    "station": 5,
    "stationName": "Uguisudani",
    "fromStation": 1257,
    "picked": false
   },
   "geometry": {
    "type": "Point",
    "coordinates": [
     139.790506,
     35.716925
    ]
   }
  },
  {
   "type": "Feature",
   "properties": {
    "id": "osm-node-5614472053",
    "osmType": "node",
    "osmId": 5614472053,
    "name": "長泉寺",
    "nameEn": null,
    "family": "worship",
    "kind": "templeRoof",
    "wikidata": "Q111701637",
    "lon": 139.784662,
    "lat": 35.714023,
    "x": 1627.8,
    "z": -3639.9,
    "distance": 617,
    "station": 4,
    "stationName": "Ueno",
    "fromStation": 778,
    "picked": false
   },
   "geometry": {
    "type": "Point",
    "coordinates": [
     139.784662,
     35.714023
    ]
   }
  },
  {
   "type": "Feature",
   "properties": {
    "id": "osm-node-5614472064",
    "osmType": "node",
    "osmId": 5614472064,
    "name": "妙清寺",
    "nameEn": null,
    "family": "worship",
    "kind": "templeRoof",
    "wikidata": "Q111701758",
    "lon": 139.784255,
    "lat": 35.714021,
    "x": 1590.9,
    "z": -3639.5,
    "distance": 587,
    "station": 4,
    "stationName": "Ueno",
    "fromStation": 741,
    "picked": false
   },
   "geometry": {
    "type": "Point",
    "coordinates": [
     139.784255,
     35.714021
    ]
   }
  },
  {
   "type": "Feature",
   "properties": {
    "id": "osm-node-5614472073",
    "osmType": "node",
    "osmId": 5614472073,
    "name": "浄林寺",
    "nameEn": null,
    "family": "worship",
    "kind": "templeRoof",
    "wikidata": "Q111701902",
    "lon": 139.784009,
    "lat": 35.714357,
    "x": 1568.6,
    "z": -3676.8,
    "distance": 547,
    "station": 4,
    "stationName": "Ueno",
    "fromStation": 722,
    "picked": false
   },
   "geometry": {
    "type": "Point",
    "coordinates": [
     139.784009,
     35.714357
    ]
   }
  },
  {
   "type": "Feature",
   "properties": {
    "id": "osm-node-5614472074",
    "osmType": "node",
    "osmId": 5614472074,
    "name": "真覚寺",
    "nameEn": null,
    "family": "worship",
    "kind": "templeRoof",
    "wikidata": "Q111701806",
    "lon": 139.783962,
    "lat": 35.714037,
    "x": 1564.4,
    "z": -3641.2,
    "distance": 565,
    "station": 4,
    "stationName": "Ueno",
    "fromStation": 714,
    "picked": false
   },
   "geometry": {
    "type": "Point",
    "coordinates": [
     139.783962,
     35.714037
    ]
   }
  },
  {
   "type": "Feature",
   "properties": {
    "id": "osm-node-5614472421",
    "osmType": "node",
    "osmId": 5614472421,
    "name": "法善寺",
    "nameEn": null,
    "family": "worship",
    "kind": "templeRoof",
    "wikidata": "Q107277424",
    "lon": 139.783753,
    "lat": 35.714171,
    "x": 1545.5,
    "z": -3656.1,
    "distance": 541,
    "station": 4,
    "stationName": "Ueno",
    "fromStation": 697,
    "picked": false
   },
   "geometry": {
    "type": "Point",
    "coordinates": [
     139.783753,
     35.714171
    ]
   }
  },
  {
   "type": "Feature",
   "properties": {
    "id": "osm-node-5614472426",
    "osmType": "node",
    "osmId": 5614472426,
    "name": "聞成寺",
    "nameEn": null,
    "family": "worship",
    "kind": "templeRoof",
    "wikidata": "Q111701693",
    "lon": 139.78439,
    "lat": 35.713724,
    "x": 1603.3,
    "z": -3606.6,
    "distance": 616,
    "station": 4,
    "stationName": "Ueno",
    "fromStation": 752,
    "picked": false
   },
   "geometry": {
    "type": "Point",
    "coordinates": [
     139.78439,
     35.713724
    ]
   }
  },
  {
   "type": "Feature",
   "properties": {
    "id": "osm-node-5614472431",
    "osmType": "node",
    "osmId": 5614472431,
    "name": "西光寺",
    "nameEn": null,
    "family": "worship",
    "kind": "templeRoof",
    "wikidata": "Q111702078",
    "lon": 139.784391,
    "lat": 35.7136,
    "x": 1603.4,
    "z": -3592.8,
    "distance": 625,
    "station": 4,
    "stationName": "Ueno",
    "fromStation": 752,
    "picked": false
   },
   "geometry": {
    "type": "Point",
    "coordinates": [
     139.784391,
     35.7136
    ]
   }
  },
  {
   "type": "Feature",
   "properties": {
    "id": "osm-node-5614472442",
    "osmType": "node",
    "osmId": 5614472442,
    "name": "西岸寺",
    "nameEn": null,
    "family": "worship",
    "kind": "templeRoof",
    "wikidata": "Q111702120",
    "lon": 139.784585,
    "lat": 35.713563,
    "x": 1621,
    "z": -3588.8,
    "distance": 641,
    "station": 4,
    "stationName": "Ueno",
    "fromStation": 769,
    "picked": false
   },
   "geometry": {
    "type": "Point",
    "coordinates": [
     139.784585,
     35.713563
    ]
   }
  },
  {
   "type": "Feature",
   "properties": {
    "id": "osm-node-5614472443",
    "osmType": "node",
    "osmId": 5614472443,
    "name": "源隆寺",
    "nameEn": null,
    "family": "worship",
    "kind": "templeRoof",
    "wikidata": "Q111701533",
    "lon": 139.784723,
    "lat": 35.713734,
    "x": 1633.4,
    "z": -3607.8,
    "distance": 640,
    "station": 4,
    "stationName": "Ueno",
    "fromStation": 782,
    "picked": false
   },
   "geometry": {
    "type": "Point",
    "coordinates": [
     139.784723,
     35.713734
    ]
   }
  },
  {
   "type": "Feature",
   "properties": {
    "id": "osm-node-5614472444",
    "osmType": "node",
    "osmId": 5614472444,
    "name": "正行寺",
    "nameEn": null,
    "family": "worship",
    "kind": "templeRoof",
    "wikidata": "Q111697656",
    "lon": 139.784989,
    "lat": 35.713647,
    "x": 1657.5,
    "z": -3598.2,
    "distance": 665,
    "station": 4,
    "stationName": "Ueno",
    "fromStation": 806,
    "picked": false
   },
   "geometry": {
    "type": "Point",
    "coordinates": [
     139.784989,
     35.713647
    ]
   }
  },
  {
   "type": "Feature",
   "properties": {
    "id": "osm-node-5614472445",
    "osmType": "node",
    "osmId": 5614472445,
    "name": "龍淵寺",
    "nameEn": null,
    "family": "worship",
    "kind": "templeRoof",
    "wikidata": "Q111702188",
    "lon": 139.785028,
    "lat": 35.713474,
    "x": 1661.1,
    "z": -3579.1,
    "distance": 679,
    "station": 4,
    "stationName": "Ueno",
    "fromStation": 809,
    "picked": false
   },
   "geometry": {
    "type": "Point",
    "coordinates": [
     139.785028,
     35.713474
    ]
   }
  },
  {
   "type": "Feature",
   "properties": {
    "id": "osm-node-5614472446",
    "osmType": "node",
    "osmId": 5614472446,
    "name": "光照寺",
    "nameEn": null,
    "family": "worship",
    "kind": "templeRoof",
    "wikidata": "Q111702043",
    "lon": 139.784223,
    "lat": 35.713437,
    "x": 1588.3,
    "z": -3574.7,
    "distance": 623,
    "station": 4,
    "stationName": "Ueno",
    "fromStation": 737,
    "picked": false
   },
   "geometry": {
    "type": "Point",
    "coordinates": [
     139.784223,
     35.713437
    ]
   }
  },
  {
   "type": "Feature",
   "properties": {
    "id": "osm-node-5617483565",
    "osmType": "node",
    "osmId": 5617483565,
    "name": "山谷の神明社",
    "nameEn": null,
    "family": "worship",
    "kind": "templeRoof",
    "wikidata": "Q115189280",
    "lon": 139.763135,
    "lat": 35.74517,
    "x": -329.2,
    "z": -7090,
    "distance": 720,
    "station": 8,
    "stationName": "Tabata",
    "fromStation": 876,
    "picked": false
   },
   "geometry": {
    "type": "Point",
    "coordinates": [
     139.763135,
     35.74517
    ]
   }
  },
  {
   "type": "Feature",
   "properties": {
    "id": "osm-node-5618676521",
    "osmType": "node",
    "osmId": 5618676521,
    "name": "カトリック麻布教会",
    "nameEn": "Azabu Church",
    "family": "worship",
    "kind": "templeRoof",
    "wikidata": "Q15088329",
    "lon": 139.725293,
    "lat": 35.659307,
    "x": -3729.9,
    "z": 2444.4,
    "distance": 1841,
    "station": 20,
    "stationName": "Ebisu",
    "fromStation": 1977,
    "picked": false
   },
   "geometry": {
    "type": "Point",
    "coordinates": [
     139.725293,
     35.659307
    ]
   }
  },
  {
   "type": "Feature",
   "properties": {
    "id": "osm-node-5622010462",
    "osmType": "node",
    "osmId": 5622010462,
    "name": "本覚寺",
    "nameEn": null,
    "family": "worship",
    "kind": "templeRoof",
    "wikidata": "Q29408084",
    "lon": 139.786517,
    "lat": 35.713242,
    "x": 1795.9,
    "z": -3553.7,
    "distance": 804,
    "station": 4,
    "stationName": "Ueno",
    "fromStation": 945,
    "picked": false
   },
   "geometry": {
    "type": "Point",
    "coordinates": [
     139.786517,
     35.713242
    ]
   }
  },
  {
   "type": "Feature",
   "properties": {
    "id": "osm-node-5622010478",
    "osmType": "node",
    "osmId": 5622010478,
    "name": "皆應寺",
    "nameEn": null,
    "family": "worship",
    "kind": "templeRoof",
    "wikidata": "Q111693952",
    "lon": 139.78677,
    "lat": 35.711708,
    "x": 1819.3,
    "z": -3383.5,
    "distance": 922,
    "station": 4,
    "stationName": "Ueno",
    "fromStation": 989,
    "picked": false
   },
   "geometry": {
    "type": "Point",
    "coordinates": [
     139.78677,
     35.711708
    ]
   }
  },
  {
   "type": "Feature",
   "properties": {
    "id": "osm-node-5622010479",
    "osmType": "node",
    "osmId": 5622010479,
    "name": "祝言寺",
    "nameEn": null,
    "family": "worship",
    "kind": "templeRoof",
    "wikidata": "Q107391069",
    "lon": 139.786265,
    "lat": 35.71157,
    "x": 1773.6,
    "z": -3368.1,
    "distance": 894,
    "station": 4,
    "stationName": "Ueno",
    "fromStation": 948,
    "picked": false
   },
   "geometry": {
    "type": "Point",
    "coordinates": [
     139.786265,
     35.71157
    ]
   }
  },
  {
   "type": "Feature",
   "properties": {
    "id": "osm-node-5622010482",
    "osmType": "node",
    "osmId": 5622010482,
    "name": "光桂寺",
    "nameEn": null,
    "family": "worship",
    "kind": "templeRoof",
    "wikidata": "Q111693856",
    "lon": 139.78568,
    "lat": 35.711789,
    "x": 1720.6,
    "z": -3392.3,
    "distance": 837,
    "station": 4,
    "stationName": "Ueno",
    "fromStation": 891,
    "picked": false
   },
   "geometry": {
    "type": "Point",
    "coordinates": [
     139.78568,
     35.711789
    ]
   }
  },
  {
   "type": "Feature",
   "properties": {
    "id": "osm-node-5657787440",
    "osmType": "node",
    "osmId": 5657787440,
    "name": "春慶院",
    "nameEn": null,
    "family": "worship",
    "kind": "templeRoof",
    "wikidata": "Q107391075",
    "lon": 139.800731,
    "lat": 35.723747,
    "x": 3078.4,
    "z": -4723,
    "distance": 1965,
    "station": 5,
    "stationName": "Uguisudani",
    "fromStation": 2078,
    "picked": false
   },
   "geometry": {
    "type": "Point",
    "coordinates": [
     139.800731,
     35.723747
    ]
   }
  },
  {
   "type": "Feature",
   "properties": {
    "id": "osm-node-5657787471",
    "osmType": "node",
    "osmId": 5657787471,
    "name": "東禪寺",
    "nameEn": null,
    "family": "worship",
    "kind": "templeRoof",
    "wikidata": "Q107282125",
    "lon": 139.800165,
    "lat": 35.724205,
    "x": 3027,
    "z": -4773.6,
    "distance": 1929,
    "station": 5,
    "stationName": "Uguisudani",
    "fromStation": 2033,
    "picked": false
   },
   "geometry": {
    "type": "Point",
    "coordinates": [
     139.800165,
     35.724205
    ]
   }
  },
  {
   "type": "Feature",
   "properties": {
    "id": "osm-node-5668194825",
    "osmType": "node",
    "osmId": 5668194825,
    "name": "両国花火資料館",
    "nameEn": "Ryogoku Fireworks Museum",
    "family": "museum",
    "kind": "museumFacade",
    "wikidata": "Q21014218",
    "lon": 139.791758,
    "lat": 35.6939,
    "x": 2276.5,
    "z": -1409.3,
    "distance": 1742,
    "station": 2,
    "stationName": "Akihabara",
    "fromStation": 1768,
    "picked": false
   },
   "geometry": {
    "type": "Point",
    "coordinates": [
     139.791758,
     35.6939
    ]
   }
  },
  {
   "type": "Feature",
   "properties": {
    "id": "osm-node-5674849919",
    "osmType": "node",
    "osmId": 5674849919,
    "name": "法住山 要傳寺",
    "nameEn": "Yodenji Temple",
    "family": "worship",
    "kind": "templeRoof",
    "wikidata": "Q43593582",
    "lon": 139.780826,
    "lat": 35.721465,
    "x": 1278.4,
    "z": -4464.5,
    "distance": 191,
    "station": 5,
    "stationName": "Uguisudani",
    "fromStation": 266,
    "picked": false
   },
   "geometry": {
    "type": "Point",
    "coordinates": [
     139.780826,
     35.721465
    ]
   }
  },
  {
   "type": "Feature",
   "properties": {
    "id": "osm-node-5674849955",
    "osmType": "node",
    "osmId": 5674849955,
    "name": "法清寺",
    "nameEn": null,
    "family": "worship",
    "kind": "templeRoof",
    "wikidata": "Q111816723",
    "lon": 139.781814,
    "lat": 35.719076,
    "x": 1368.5,
    "z": -4199.7,
    "distance": 190,
    "station": 5,
    "stationName": "Uguisudani",
    "fromStation": 458,
    "picked": false
   },
   "geometry": {
    "type": "Point",
    "coordinates": [
     139.781814,
     35.719076
    ]
   }
  },
  {
   "type": "Feature",
   "properties": {
    "id": "osm-node-5674849956",
    "osmType": "node",
    "osmId": 5674849956,
    "name": "最上寺",
    "nameEn": null,
    "family": "worship",
    "kind": "templeRoof",
    "wikidata": "Q111812790",
    "lon": 139.781946,
    "lat": 35.719357,
    "x": 1380.4,
    "z": -4231,
    "distance": 204,
    "station": 5,
    "stationName": "Uguisudani",
    "fromStation": 448,
    "picked": false
   },
   "geometry": {
    "type": "Point",
    "coordinates": [
     139.781946,
     35.719357
    ]
   }
  },
  {
   "type": "Feature",
   "properties": {
    "id": "osm-node-5674849957",
    "osmType": "node",
    "osmId": 5674849957,
    "name": "長松寺",
    "nameEn": null,
    "family": "worship",
    "kind": "templeRoof",
    "wikidata": "Q106836944",
    "lon": 139.782177,
    "lat": 35.719404,
    "x": 1401.3,
    "z": -4236.2,
    "distance": 225,
    "station": 5,
    "stationName": "Uguisudani",
    "fromStation": 463,
    "picked": false
   },
   "geometry": {
    "type": "Point",
    "coordinates": [
     139.782177,
     35.719404
    ]
   }
  },
  {
   "type": "Feature",
   "properties": {
    "id": "osm-node-5674849958",
    "osmType": "node",
    "osmId": 5674849958,
    "name": "三峯神社",
    "nameEn": null,
    "family": "worship",
    "kind": "templeRoof",
    "wikidata": "Q111814374",
    "lon": 139.781213,
    "lat": 35.717803,
    "x": 1314.6,
    "z": -4058.3,
    "distance": 150,
    "station": 5,
    "stationName": "Uguisudani",
    "fromStation": 525,
    "picked": false
   },
   "geometry": {
    "type": "Point",
    "coordinates": [
     139.781213,
     35.717803
    ]
   }
  },
  {
   "type": "Feature",
   "properties": {
    "id": "osm-node-5674849963",
    "osmType": "node",
    "osmId": 5674849963,
    "name": "坂本教会",
    "nameEn": null,
    "family": "worship",
    "kind": "templeRoof",
    "wikidata": "Q111813402",
    "lon": 139.781374,
    "lat": 35.719211,
    "x": 1328.6,
    "z": -4214.6,
    "distance": 151,
    "station": 5,
    "stationName": "Uguisudani",
    "fromStation": 418,
    "picked": false
   },
   "geometry": {
    "type": "Point",
    "coordinates": [
     139.781374,
     35.719211
    ]
   }
  },
  {
   "type": "Feature",
   "properties": {
    "id": "osm-node-5674849980",
    "osmType": "node",
    "osmId": 5674849980,
    "name": "真源寺 入谷鬼子母神",
    "nameEn": "Shingenji Temple",
    "family": "worship",
    "kind": "templeRoof",
    "wikidata": "Q11583299",
    "lon": 139.782717,
    "lat": 35.719879,
    "x": 1450,
    "z": -4289,
    "distance": 282,
    "station": 5,
    "stationName": "Uguisudani",
    "fromStation": 480,
    "picked": false
   },
   "geometry": {
    "type": "Point",
    "coordinates": [
     139.782717,
     35.719879
    ]
   }
  },
  {
   "type": "Feature",
   "properties": {
    "id": "osm-node-5675196947",
    "osmType": "node",
    "osmId": 5675196947,
    "name": "燈明寺",
    "nameEn": null,
    "family": "worship",
    "kind": "templeRoof",
    "wikidata": "Q106617297",
    "lon": 139.785087,
    "lat": 35.715553,
    "x": 1665.8,
    "z": -3809.7,
    "distance": 565,
    "station": 4,
    "stationName": "Ueno",
    "fromStation": 843,
    "picked": false
   },
   "geometry": {
    "type": "Point",
    "coordinates": [
     139.785087,
     35.715553
    ]
   }
  },
  {
   "type": "Feature",
   "properties": {
    "id": "osm-node-5675196952",
    "osmType": "node",
    "osmId": 5675196952,
    "name": "長円寺",
    "nameEn": null,
    "family": "worship",
    "kind": "templeRoof",
    "wikidata": "Q111696267",
    "lon": 139.785921,
    "lat": 35.715808,
    "x": 1741.2,
    "z": -3838.2,
    "distance": 624,
    "station": 4,
    "stationName": "Ueno",
    "fromStation": 923,
    "picked": false
   },
   "geometry": {
    "type": "Point",
    "coordinates": [
     139.785921,
     35.715808
    ]
   }
  },
  {
   "type": "Feature",
   "properties": {
    "id": "osm-node-5675196957",
    "osmType": "node",
    "osmId": 5675196957,
    "name": "長徳院",
    "nameEn": null,
    "family": "worship",
    "kind": "templeRoof",
    "wikidata": "Q111696200",
    "lon": 139.785867,
    "lat": 35.715426,
    "x": 1736.4,
    "z": -3795.9,
    "distance": 635,
    "station": 4,
    "stationName": "Ueno",
    "fromStation": 908,
    "picked": false
   },
   "geometry": {
    "type": "Point",
    "coordinates": [
     139.785867,
     35.715426
    ]
   }
  },
  {
   "type": "Feature",
   "properties": {
    "id": "osm-node-5675196975",
    "osmType": "node",
    "osmId": 5675196975,
    "name": "海禅寺",
    "nameEn": null,
    "family": "worship",
    "kind": "templeRoof",
    "wikidata": "Q11559100",
    "lon": 139.787961,
    "lat": 35.715506,
    "x": 1925.9,
    "z": -3805.3,
    "distance": 809,
    "station": 4,
    "stationName": "Ueno",
    "fromStation": 1095,
    "picked": false
   },
   "geometry": {
    "type": "Point",
    "coordinates": [
     139.787961,
     35.715506
    ]
   }
  },
  {
   "type": "Feature",
   "properties": {
    "id": "osm-node-5675197523",
    "osmType": "node",
    "osmId": 5675197523,
    "name": "日輪寺",
    "nameEn": null,
    "family": "worship",
    "kind": "templeRoof",
    "wikidata": "Q11510488",
    "lon": 139.791559,
    "lat": 35.714861,
    "x": 2251.6,
    "z": -3734.7,
    "distance": 1141,
    "station": 4,
    "stationName": "Ueno",
    "fromStation": 1407,
    "picked": false
   },
   "geometry": {
    "type": "Point",
    "coordinates": [
     139.791559,
     35.714861
    ]
   }
  },
  {
   "type": "Feature",
   "properties": {
    "id": "osm-node-5675197541",
    "osmType": "node",
    "osmId": 5675197541,
    "name": "東光院",
    "nameEn": null,
    "family": "worship",
    "kind": "templeRoof",
    "wikidata": "Q106645320",
    "lon": 139.78991,
    "lat": 35.715089,
    "x": 2102.3,
    "z": -3759.5,
    "distance": 991,
    "station": 4,
    "stationName": "Ueno",
    "fromStation": 1262,
    "picked": false
   },
   "geometry": {
    "type": "Point",
    "coordinates": [
     139.78991,
     35.715089
    ]
   }
  },
  {
   "type": "Feature",
   "properties": {
    "id": "osm-node-5675197585",
    "osmType": "node",
    "osmId": 5675197585,
    "name": "円照寺",
    "nameEn": "Ensho-ji",
    "family": "worship",
    "kind": "templeRoof",
    "wikidata": "Q111994786",
    "lon": 139.790533,
    "lat": 35.711663,
    "x": 2159.8,
    "z": -3379.6,
    "distance": 1204,
    "station": 4,
    "stationName": "Ueno",
    "fromStation": 1325,
    "picked": false
   },
   "geometry": {
    "type": "Point",
    "coordinates": [
     139.790533,
     35.711663
    ]
   }
  },
  {
   "type": "Feature",
   "properties": {
    "id": "osm-node-5675197586",
    "osmType": "node",
    "osmId": 5675197586,
    "name": "善龍寺",
    "nameEn": "Zenriu-ji",
    "family": "worship",
    "kind": "templeRoof",
    "wikidata": "Q111994698",
    "lon": 139.790806,
    "lat": 35.71163,
    "x": 2184.5,
    "z": -3376,
    "distance": 1227,
    "station": 4,
    "stationName": "Ueno",
    "fromStation": 1350,
    "picked": false
   },
   "geometry": {
    "type": "Point",
    "coordinates": [
     139.790806,
     35.71163
    ]
   }
  },
  {
   "type": "Feature",
   "properties": {
    "id": "osm-node-5675197587",
    "osmType": "node",
    "osmId": 5675197587,
    "name": "緑泉寺",
    "nameEn": "Ryokusen-ji",
    "family": "worship",
    "kind": "templeRoof",
    "wikidata": "Q111994943",
    "lon": 139.791125,
    "lat": 35.711512,
    "x": 2213.4,
    "z": -3363,
    "distance": 1258,
    "station": 4,
    "stationName": "Ueno",
    "fromStation": 1381,
    "picked": false
   },
   "geometry": {
    "type": "Point",
    "coordinates": [
     139.791125,
     35.711512
    ]
   }
  },
  {
   "type": "Feature",
   "properties": {
    "id": "osm-node-5675197588",
    "osmType": "node",
    "osmId": 5675197588,
    "name": "専勝寺",
    "nameEn": "Sensho-ji",
    "family": "worship",
    "kind": "templeRoof",
    "wikidata": "Q111995163",
    "lon": 139.791367,
    "lat": 35.711538,
    "x": 2235.2,
    "z": -3366,
    "distance": 1276,
    "station": 4,
    "stationName": "Ueno",
    "fromStation": 1402,
    "picked": false
   },
   "geometry": {
    "type": "Point",
    "coordinates": [
     139.791367,
     35.711538
    ]
   }
  },
  {
   "type": "Feature",
   "properties": {
    "id": "osm-node-5675197595",
    "osmType": "node",
    "osmId": 5675197595,
    "name": "運行寺",
    "nameEn": null,
    "family": "worship",
    "kind": "templeRoof",
    "wikidata": "Q111995126",
    "lon": 139.791258,
    "lat": 35.711261,
    "x": 2225.5,
    "z": -3335.2,
    "distance": 1283,
    "station": 4,
    "stationName": "Ueno",
    "fromStation": 1397,
    "picked": false
   },
   "geometry": {
    "type": "Point",
    "coordinates": [
     139.791258,
     35.711261
    ]
   }
  },
  {
   "type": "Feature",
   "properties": {
    "id": "osm-node-5675197596",
    "osmType": "node",
    "osmId": 5675197596,
    "name": "清光寺",
    "nameEn": null,
    "family": "worship",
    "kind": "templeRoof",
    "wikidata": "Q111995251",
    "lon": 139.791094,
    "lat": 35.710979,
    "x": 2210.7,
    "z": -3303.9,
    "distance": 1288,
    "station": 4,
    "stationName": "Ueno",
    "fromStation": 1389,
    "picked": false
   },
   "geometry": {
    "type": "Point",
    "coordinates": [
     139.791094,
     35.710979
    ]
   }
  },
  {
   "type": "Feature",
   "properties": {
    "id": "osm-node-5675197597",
    "osmType": "node",
    "osmId": 5675197597,
    "name": "西光寺",
    "nameEn": null,
    "family": "worship",
    "kind": "templeRoof",
    "wikidata": "Q111994420",
    "lon": 139.790508,
    "lat": 35.710845,
    "x": 2157.8,
    "z": -3288.9,
    "distance": 1252,
    "station": 4,
    "stationName": "Ueno",
    "fromStation": 1340,
    "picked": false
   },
   "geometry": {
    "type": "Point",
    "coordinates": [
     139.790508,
     35.710845
    ]
   }
  },
  {
   "type": "Feature",
   "properties": {
    "id": "osm-node-5675197598",
    "osmType": "node",
    "osmId": 5675197598,
    "name": "宗恩寺",
    "nameEn": null,
    "family": "worship",
    "kind": "templeRoof",
    "wikidata": "Q111994072",
    "lon": 139.79025,
    "lat": 35.711194,
    "x": 2134.3,
    "z": -3327.5,
    "distance": 1211,
    "station": 4,
    "stationName": "Ueno",
    "fromStation": 1309,
    "picked": false
   },
   "geometry": {
    "type": "Point",
    "coordinates": [
     139.79025,
     35.711194
    ]
   }
  },
  {
   "type": "Feature",
   "properties": {
    "id": "osm-node-5675197601",
    "osmType": "node",
    "osmId": 5675197601,
    "name": "眞福寺",
    "nameEn": null,
    "family": "worship",
    "kind": "templeRoof",
    "wikidata": "Q111994626",
    "lon": 139.79081,
    "lat": 35.711256,
    "x": 2185,
    "z": -3334.5,
    "distance": 1249,
    "station": 4,
    "stationName": "Ueno",
    "fromStation": 1358,
    "picked": false
   },
   "geometry": {
    "type": "Point",
    "coordinates": [
     139.79081,
     35.711256
    ]
   }
  },
  {
   "type": "Feature",
   "properties": {
    "id": "osm-node-5675197602",
    "osmType": "node",
    "osmId": 5675197602,
    "name": "長敬寺",
    "nameEn": null,
    "family": "worship",
    "kind": "templeRoof",
    "wikidata": "Q111994140",
    "lon": 139.790041,
    "lat": 35.710642,
    "x": 2115.6,
    "z": -3266.1,
    "distance": 1231,
    "station": 4,
    "stationName": "Ueno",
    "fromStation": 1305,
    "picked": false
   },
   "geometry": {
    "type": "Point",
    "coordinates": [
     139.790041,
     35.710642
    ]
   }
  },
  {
   "type": "Feature",
   "properties": {
    "id": "osm-node-5675197604",
    "osmType": "node",
    "osmId": 5675197604,
    "name": "徳本寺",
    "nameEn": null,
    "family": "worship",
    "kind": "templeRoof",
    "wikidata": "Q111993685",
    "lon": 139.789583,
    "lat": 35.710639,
    "x": 2074.2,
    "z": -3265.8,
    "distance": 1198,
    "station": 4,
    "stationName": "Ueno",
    "fromStation": 1265,
    "picked": false
   },
   "geometry": {
    "type": "Point",
    "coordinates": [
     139.789583,
     35.710639
    ]
   }
  },
  {
   "type": "Feature",
   "properties": {
    "id": "osm-node-5675197605",
    "osmType": "node",
    "osmId": 5675197605,
    "name": "満照寺",
    "nameEn": null,
    "family": "worship",
    "kind": "templeRoof",
    "wikidata": "Q111992616",
    "lon": 139.788766,
    "lat": 35.710675,
    "x": 2000.2,
    "z": -3269.5,
    "distance": 1135,
    "station": 4,
    "stationName": "Ueno",
    "fromStation": 1192,
    "picked": false
   },
   "geometry": {
    "type": "Point",
    "coordinates": [
     139.788766,
     35.710675
    ]
   }
  },
  {
   "type": "Feature",
   "properties": {
    "id": "osm-node-5677670452",
    "osmType": "node",
    "osmId": 5677670452,
    "name": "寒松院",
    "nameEn": null,
    "family": "worship",
    "kind": "templeRoof",
    "wikidata": "Q111702460",
    "lon": 139.778206,
    "lat": 35.718853,
    "x": 1042.1,
    "z": -4174.1,
    "distance": 137,
    "station": 5,
    "stationName": "Uguisudani",
    "fromStation": 316,
    "picked": false
   },
   "geometry": {
    "type": "Point",
    "coordinates": [
     139.778206,
     35.718853
    ]
   }
  },
  {
   "type": "Feature",
   "properties": {
    "id": "osm-node-5677670454",
    "osmType": "node",
    "osmId": 5677670454,
    "name": "真如院",
    "nameEn": null,
    "family": "worship",
    "kind": "templeRoof",
    "wikidata": "Q111794139",
    "lon": 139.778391,
    "lat": 35.719045,
    "x": 1058.9,
    "z": -4195.4,
    "distance": 119,
    "station": 5,
    "stationName": "Uguisudani",
    "fromStation": 297,
    "picked": false
   },
   "geometry": {
    "type": "Point",
    "coordinates": [
     139.778391,
     35.719045
    ]
   }
  },
  {
   "type": "Feature",
   "properties": {
    "id": "osm-node-5677670455",
    "osmType": "node",
    "osmId": 5677670455,
    "name": "吉祥院",
    "nameEn": null,
    "family": "worship",
    "kind": "templeRoof",
    "wikidata": "Q111793457",
    "lon": 139.778151,
    "lat": 35.718498,
    "x": 1037.3,
    "z": -4134.7,
    "distance": 138,
    "station": 5,
    "stationName": "Uguisudani",
    "fromStation": 355,
    "picked": false
   },
   "geometry": {
    "type": "Point",
    "coordinates": [
     139.778151,
     35.718498
    ]
   }
  },
  {
   "type": "Feature",
   "properties": {
    "id": "osm-node-5677670457",
    "osmType": "node",
    "osmId": 5677670457,
    "name": "等覚院",
    "nameEn": null,
    "family": "worship",
    "kind": "templeRoof",
    "wikidata": "Q111705366",
    "lon": 139.778051,
    "lat": 35.717809,
    "x": 1028.4,
    "z": -4058.2,
    "distance": 114,
    "station": 5,
    "stationName": "Uguisudani",
    "fromStation": 431,
    "picked": false
   },
   "geometry": {
    "type": "Point",
    "coordinates": [
     139.778051,
     35.717809
    ]
   }
  },
  {
   "type": "Feature",
   "properties": {
    "id": "osm-node-5677670458",
    "osmType": "node",
    "osmId": 5677670458,
    "name": "福聚院",
    "nameEn": null,
    "family": "worship",
    "kind": "templeRoof",
    "wikidata": "Q111794119",
    "lon": 139.778511,
    "lat": 35.718532,
    "x": 1069.9,
    "z": -4138.5,
    "distance": 106,
    "station": 5,
    "stationName": "Uguisudani",
    "fromStation": 355,
    "picked": false
   },
   "geometry": {
    "type": "Point",
    "coordinates": [
     139.778511,
     35.718532
    ]
   }
  },
  {
   "type": "Feature",
   "properties": {
    "id": "osm-node-5677670460",
    "osmType": "node",
    "osmId": 5677670460,
    "name": "東漸院",
    "nameEn": null,
    "family": "worship",
    "kind": "templeRoof",
    "wikidata": "Q111720975",
    "lon": 139.778526,
    "lat": 35.717934,
    "x": 1071.4,
    "z": -4072.2,
    "distance": 85,
    "station": 5,
    "stationName": "Uguisudani",
    "fromStation": 421,
    "picked": false
   },
   "geometry": {
    "type": "Point",
    "coordinates": [
     139.778526,
     35.717934
    ]
   }
  },
  {
   "type": "Feature",
   "properties": {
    "id": "osm-node-5677671524",
    "osmType": "node",
    "osmId": 5677671524,
    "name": "林光院",
    "nameEn": null,
    "family": "worship",
    "kind": "templeRoof",
    "wikidata": "Q111704794",
    "lon": 139.77823,
    "lat": 35.718718,
    "x": 1044.4,
    "z": -4159,
    "distance": 133,
    "station": 5,
    "stationName": "Uguisudani",
    "fromStation": 332,
    "picked": false
   },
   "geometry": {
    "type": "Point",
    "coordinates": [
     139.77823,
     35.718718
    ]
   }
  },
  {
   "type": "Feature",
   "properties": {
    "id": "osm-node-5688319143",
    "osmType": "node",
    "osmId": 5688319143,
    "name": "泊船軒",
    "nameEn": null,
    "family": "worship",
    "kind": "templeRoof",
    "wikidata": "Q124496339",
    "lon": 139.782259,
    "lat": 35.742154,
    "x": 1401.4,
    "z": -6760.1,
    "distance": 1778,
    "station": 7,
    "stationName": "Nishi-Nippori",
    "fromStation": 1794,
    "picked": false
   },
   "geometry": {
    "type": "Point",
    "coordinates": [
     139.782259,
     35.742154
    ]
   }
  },
  {
   "type": "Feature",
   "properties": {
    "id": "osm-node-5711369120",
    "osmType": "node",
    "osmId": 5711369120,
    "name": "龍福院",
    "nameEn": null,
    "family": "worship",
    "kind": "templeRoof",
    "wikidata": "Q111991007",
    "lon": 139.785936,
    "lat": 35.707834,
    "x": 1745.1,
    "z": -2953.6,
    "distance": 1004,
    "station": 3,
    "stationName": "Okachimachi",
    "fromStation": 1029,
    "picked": false
   },
   "geometry": {
    "type": "Point",
    "coordinates": [
     139.785936,
     35.707834
    ]
   }
  },
  {
   "type": "Feature",
   "properties": {
    "id": "osm-node-5711370021",
    "osmType": "node",
    "osmId": 5711370021,
    "name": "了源寺",
    "nameEn": null,
    "family": "worship",
    "kind": "templeRoof",
    "wikidata": "Q111990893",
    "lon": 139.78558,
    "lat": 35.707855,
    "x": 1712.8,
    "z": -2955.8,
    "distance": 972,
    "station": 3,
    "stationName": "Okachimachi",
    "fromStation": 998,
    "picked": false
   },
   "geometry": {
    "type": "Point",
    "coordinates": [
     139.78558,
     35.707855
    ]
   }
  },
  {
   "type": "Feature",
   "properties": {
    "id": "osm-node-5711370022",
    "osmType": "node",
    "osmId": 5711370022,
    "name": "願信寺",
    "nameEn": null,
    "family": "worship",
    "kind": "templeRoof",
    "wikidata": "Q111990302",
    "lon": 139.786047,
    "lat": 35.708137,
    "x": 1755.1,
    "z": -2987.2,
    "distance": 1012,
    "station": 3,
    "stationName": "Okachimachi",
    "fromStation": 1043,
    "picked": false
   },
   "geometry": {
    "type": "Point",
    "coordinates": [
     139.786047,
     35.708137
    ]
   }
  },
  {
   "type": "Feature",
   "properties": {
    "id": "osm-node-5711370028",
    "osmType": "node",
    "osmId": 5711370028,
    "name": "本行寺",
    "nameEn": null,
    "family": "worship",
    "kind": "templeRoof",
    "wikidata": "Q111990044",
    "lon": 139.785785,
    "lat": 35.708352,
    "x": 1731.2,
    "z": -3011,
    "distance": 987,
    "station": 3,
    "stationName": "Okachimachi",
    "fromStation": 1023,
    "picked": false
   },
   "geometry": {
    "type": "Point",
    "coordinates": [
     139.785785,
     35.708352
    ]
   }
  },
  {
   "type": "Feature",
   "properties": {
    "id": "osm-node-5711370029",
    "osmType": "node",
    "osmId": 5711370029,
    "name": "歓名寺",
    "nameEn": null,
    "family": "worship",
    "kind": "templeRoof",
    "wikidata": "Q111989856",
    "lon": 139.78564,
    "lat": 35.708137,
    "x": 1718.2,
    "z": -2987.1,
    "distance": 975,
    "station": 3,
    "stationName": "Okachimachi",
    "fromStation": 1007,
    "picked": false
   },
   "geometry": {
    "type": "Point",
    "coordinates": [
     139.78564,
     35.708137
    ]
   }
  },
  {
   "type": "Feature",
   "properties": {
    "id": "osm-node-5762621966",
    "osmType": "node",
    "osmId": 5762621966,
    "name": "専修寺",
    "nameEn": null,
    "family": "worship",
    "kind": "templeRoof",
    "wikidata": "Q97165037",
    "lon": 139.712528,
    "lat": 35.621558,
    "x": -4876.6,
    "z": 6634.9,
    "distance": 1031,
    "station": 22,
    "stationName": "Gotanda",
    "fromStation": 1139,
    "picked": false
   },
   "geometry": {
    "type": "Point",
    "coordinates": [
     139.712528,
     35.621558
    ]
   }
  },
  {
   "type": "Feature",
   "properties": {
    "id": "osm-node-5762621983",
    "osmType": "node",
    "osmId": 5762621983,
    "name": "霊源寺",
    "nameEn": null,
    "family": "worship",
    "kind": "templeRoof",
    "wikidata": "Q97341920",
    "lon": 139.712909,
    "lat": 35.62175,
    "x": -4842.1,
    "z": 6613.5,
    "distance": 995,
    "station": 22,
    "stationName": "Gotanda",
    "fromStation": 1099,
    "picked": false
   },
   "geometry": {
    "type": "Point",
    "coordinates": [
     139.712909,
     35.62175
    ]
   }
  },
  {
   "type": "Feature",
   "properties": {
    "id": "osm-node-5762622074",
    "osmType": "node",
    "osmId": 5762622074,
    "name": "長應寺",
    "nameEn": "Chojo-ji",
    "family": "worship",
    "kind": "templeRoof",
    "wikidata": "Q97341918",
    "lon": 139.711441,
    "lat": 35.621115,
    "x": -4975,
    "z": 6684.3,
    "distance": 1125,
    "station": 22,
    "stationName": "Gotanda",
    "fromStation": 1250,
    "picked": false
   },
   "geometry": {
    "type": "Point",
    "coordinates": [
     139.711441,
     35.621115
    ]
   }
  },
  {
   "type": "Feature",
   "properties": {
    "id": "osm-node-5768133030",
    "osmType": "node",
    "osmId": 5768133030,
    "name": "妙経寺",
    "nameEn": null,
    "family": "worship",
    "kind": "templeRoof",
    "wikidata": "Q106836820",
    "lon": 139.718425,
    "lat": 35.739268,
    "x": -4371.5,
    "z": -6425.3,
    "distance": 532,
    "station": 12,
    "stationName": "Ikebukuro",
    "fromStation": 1206,
    "picked": false
   },
   "geometry": {
    "type": "Point",
    "coordinates": [
     139.718425,
     35.739268
    ]
   }
  },
  {
   "type": "Feature",
   "properties": {
    "id": "osm-node-5808073053",
    "osmType": "node",
    "osmId": 5808073053,
    "name": "大奥跡",
    "nameEn": "Site of Ōoku",
    "family": "historic",
    "kind": "museumFacade",
    "wikidata": "Q1064983",
    "lon": 139.755398,
    "lat": 35.687363,
    "x": -1012.3,
    "z": -674.8,
    "distance": 1180,
    "station": 0,
    "stationName": "Tokyo",
    "fromStation": 1217,
    "picked": false
   },
   "geometry": {
    "type": "Point",
    "coordinates": [
     139.755398,
     35.687363
    ]
   }
  },
  {
   "type": "Feature",
   "properties": {
    "id": "osm-node-5856137717",
    "osmType": "node",
    "osmId": 5856137717,
    "name": "新福寺",
    "nameEn": "Shinpukuji Temple",
    "family": "worship",
    "kind": "templeRoof",
    "wikidata": "Q106683764",
    "lon": 139.744876,
    "lat": 35.717962,
    "x": -1973.1,
    "z": -4067.1,
    "distance": 1742,
    "station": 10,
    "stationName": "Sugamo",
    "fromStation": 1777,
    "picked": false
   },
   "geometry": {
    "type": "Point",
    "coordinates": [
     139.744876,
     35.717962
    ]
   }
  },
  {
   "type": "Feature",
   "properties": {
    "id": "osm-node-5856137802",
    "osmType": "node",
    "osmId": 5856137802,
    "name": "清林寺",
    "nameEn": null,
    "family": "worship",
    "kind": "templeRoof",
    "wikidata": "Q105429535",
    "lon": 139.755447,
    "lat": 35.724148,
    "x": -1018.5,
    "z": -4755.8,
    "distance": 1332,
    "station": 7,
    "stationName": "Nishi-Nippori",
    "fromStation": 1350,
    "picked": false
   },
   "geometry": {
    "type": "Point",
    "coordinates": [
     139.755447,
     35.724148
    ]
   }
  },
  {
   "type": "Feature",
   "properties": {
    "id": "osm-node-5856137830",
    "osmType": "node",
    "osmId": 5856137830,
    "name": "光源寺",
    "nameEn": null,
    "family": "worship",
    "kind": "templeRoof",
    "wikidata": "Q102045400",
    "lon": 139.756092,
    "lat": 35.724648,
    "x": -960.2,
    "z": -4811.5,
    "distance": 1252,
    "station": 7,
    "stationName": "Nishi-Nippori",
    "fromStation": 1269,
    "picked": false
   },
   "geometry": {
    "type": "Point",
    "coordinates": [
     139.756092,
     35.724648
    ]
   }
  },
  {
   "type": "Feature",
   "properties": {
    "id": "osm-node-5861926613",
    "osmType": "node",
    "osmId": 5861926613,
    "name": "金乗院",
    "nameEn": null,
    "family": "worship",
    "kind": "templeRoof",
    "wikidata": "Q11646320",
    "lon": 139.714797,
    "lat": 35.71625,
    "x": -4694.1,
    "z": -3870.8,
    "distance": 869,
    "station": 13,
    "stationName": "Mejiro",
    "fromStation": 927,
    "picked": false
   },
   "geometry": {
    "type": "Point",
    "coordinates": [
     139.714797,
     35.71625
    ]
   }
  },
  {
   "type": "Feature",
   "properties": {
    "id": "osm-node-5864638996",
    "osmType": "node",
    "osmId": 5864638996,
    "name": "豊繁稲荷",
    "nameEn": null,
    "family": "worship",
    "kind": "templeRoof",
    "wikidata": "Q111903466",
    "lon": 139.751588,
    "lat": 35.66823,
    "x": -1351.6,
    "z": 1448.8,
    "distance": 581,
    "station": 28,
    "stationName": "Shimbashi",
    "fromStation": 631,
    "picked": false
   },
   "geometry": {
    "type": "Point",
    "coordinates": [
     139.751588,
     35.66823
    ]
   }
  },
  {
   "type": "Feature",
   "properties": {
    "id": "osm-node-5865340145",
    "osmType": "node",
    "osmId": 5865340145,
    "name": "林泉寺",
    "nameEn": "Rinsenji",
    "family": "worship",
    "kind": "templeRoof",
    "wikidata": "Q11533156",
    "lon": 139.736965,
    "lat": 35.716171,
    "x": -2688.3,
    "z": -3866.7,
    "distance": 1675,
    "station": 11,
    "stationName": "Otsuka",
    "fromStation": 1876,
    "picked": false
   },
   "geometry": {
    "type": "Point",
    "coordinates": [
     139.736965,
     35.716171
    ]
   }
  },
  {
   "type": "Feature",
   "properties": {
    "id": "osm-node-5865340800",
    "osmType": "node",
    "osmId": 5865340800,
    "name": "蓮光寺",
    "nameEn": "Renkoji Temple",
    "family": "worship",
    "kind": "templeRoof",
    "wikidata": "Q42707085",
    "lon": 139.72867,
    "lat": 35.713846,
    "x": -3438.3,
    "z": -3607,
    "distance": 1914,
    "station": 11,
    "stationName": "Otsuka",
    "fromStation": 1974,
    "picked": false
   },
   "geometry": {
    "type": "Point",
    "coordinates": [
     139.72867,
     35.713846
    ]
   }
  },
  {
   "type": "Feature",
   "properties": {
    "id": "osm-node-5865341077",
    "osmType": "node",
    "osmId": 5865341077,
    "name": "龍雲禅院",
    "nameEn": "Ryūun-in Temple",
    "family": "worship",
    "kind": "templeRoof",
    "wikidata": "Q106836764",
    "lon": 139.750247,
    "lat": 35.721324,
    "x": -1488.1,
    "z": -4441.4,
    "distance": 1631,
    "station": 10,
    "stationName": "Sugamo",
    "fromStation": 1654,
    "picked": false
   },
   "geometry": {
    "type": "Point",
    "coordinates": [
     139.750247,
     35.721324
    ]
   }
  },
  {
   "type": "Feature",
   "properties": {
    "id": "osm-node-5884771763",
    "osmType": "node",
    "osmId": 5884771763,
    "name": "幸稲荷神社",
    "nameEn": null,
    "family": "worship",
    "kind": "templeRoof",
    "wikidata": "Q130305232",
    "lon": 139.745923,
    "lat": 35.660564,
    "x": -1862.4,
    "z": 2300.5,
    "distance": 1109,
    "station": 27,
    "stationName": "Hamamatsucho",
    "fromStation": 1174,
    "picked": false
   },
   "geometry": {
    "type": "Point",
    "coordinates": [
     139.745923,
     35.660564
    ]
   }
  },
  {
   "type": "Feature",
   "properties": {
    "id": "osm-node-5892003360",
    "osmType": "node",
    "osmId": 5892003360,
    "name": "威光山法明寺",
    "nameEn": "Ikōsan Hōmyōji",
    "family": "worship",
    "kind": "templeRoof",
    "wikidata": "Q11555197",
    "lon": 139.713761,
    "lat": 35.72439,
    "x": -4789.8,
    "z": -4773.8,
    "distance": 464,
    "station": 12,
    "stationName": "Ikebukuro",
    "fromStation": 696,
    "picked": false
   },
   "geometry": {
    "type": "Point",
    "coordinates": [
     139.713761,
     35.72439
    ]
   }
  },
  {
   "type": "Feature",
   "properties": {
    "id": "osm-node-5892004189",
    "osmType": "node",
    "osmId": 5892004189,
    "name": "氷川神社",
    "nameEn": null,
    "family": "worship",
    "kind": "templeRoof",
    "wikidata": "Q97478976",
    "lon": 139.714071,
    "lat": 35.714514,
    "x": -4759.3,
    "z": -3678.2,
    "distance": 851,
    "station": 14,
    "stationName": "Takadanobaba",
    "fromStation": 962,
    "picked": false
   },
   "geometry": {
    "type": "Point",
    "coordinates": [
     139.714071,
     35.714514
    ]
   }
  },
  {
   "type": "Feature",
   "properties": {
    "id": "osm-node-5892004274",
    "osmType": "node",
    "osmId": 5892004274,
    "name": "法輪寺",
    "nameEn": null,
    "family": "worship",
    "kind": "templeRoof",
    "wikidata": "Q115101537",
    "lon": 139.71889,
    "lat": 35.707288,
    "x": -4321.5,
    "z": -2877.3,
    "distance": 1488,
    "station": 14,
    "stationName": "Takadanobaba",
    "fromStation": 1500,
    "picked": false
   },
   "geometry": {
    "type": "Point",
    "coordinates": [
     139.71889,
     35.707288
    ]
   }
  },
  {
   "type": "Feature",
   "properties": {
    "id": "osm-node-5892004435",
    "osmType": "node",
    "osmId": 5892004435,
    "name": "清源寺",
    "nameEn": null,
    "family": "worship",
    "kind": "templeRoof",
    "wikidata": "Q115122144",
    "lon": 139.719973,
    "lat": 35.703871,
    "x": -4222.7,
    "z": -2498.6,
    "distance": 1687,
    "station": 14,
    "stationName": "Takadanobaba",
    "fromStation": 1768,
    "picked": false
   },
   "geometry": {
    "type": "Point",
    "coordinates": [
     139.719973,
     35.703871
    ]
   }
  },
  {
   "type": "Feature",
   "properties": {
    "id": "osm-node-5892004436",
    "osmType": "node",
    "osmId": 5892004436,
    "name": "来迎寺",
    "nameEn": null,
    "family": "worship",
    "kind": "templeRoof",
    "wikidata": "Q97279210",
    "lon": 139.720141,
    "lat": 35.704276,
    "x": -4207.6,
    "z": -2543.5,
    "distance": 1689,
    "station": 14,
    "stationName": "Takadanobaba",
    "fromStation": 1757,
    "picked": false
   },
   "geometry": {
    "type": "Point",
    "coordinates": [
     139.720141,
     35.704276
    ]
   }
  },
  {
   "type": "Feature",
   "properties": {
    "id": "osm-node-5892004450",
    "osmType": "node",
    "osmId": 5892004450,
    "name": "感通寺",
    "nameEn": null,
    "family": "worship",
    "kind": "templeRoof",
    "wikidata": "Q115123373",
    "lon": 139.721035,
    "lat": 35.703404,
    "x": -4126.4,
    "z": -2447,
    "distance": 1794,
    "station": 14,
    "stationName": "Takadanobaba",
    "fromStation": 1877,
    "picked": false
   },
   "geometry": {
    "type": "Point",
    "coordinates": [
     139.721035,
     35.703404
    ]
   }
  },
  {
   "type": "Feature",
   "properties": {
    "id": "osm-node-5892004451",
    "osmType": "node",
    "osmId": 5892004451,
    "name": "宝祥寺",
    "nameEn": null,
    "family": "worship",
    "kind": "templeRoof",
    "wikidata": "Q107922275",
    "lon": 139.72081,
    "lat": 35.703033,
    "x": -4146.8,
    "z": -2405.7,
    "distance": 1785,
    "station": 15,
    "stationName": "Shin-Okubo",
    "fromStation": 1866,
    "picked": false
   },
   "geometry": {
    "type": "Point",
    "coordinates": [
     139.72081,
     35.703033
    ]
   }
  },
  {
   "type": "Feature",
   "properties": {
    "id": "osm-node-5892004454",
    "osmType": "node",
    "osmId": 5892004454,
    "name": "常泉寺",
    "nameEn": null,
    "family": "worship",
    "kind": "templeRoof",
    "wikidata": "Q115132261",
    "lon": 139.721792,
    "lat": 35.702405,
    "x": -4057.7,
    "z": -2336.3,
    "distance": 1890,
    "station": 15,
    "stationName": "Shin-Okubo",
    "fromStation": 1949,
    "picked": false
   },
   "geometry": {
    "type": "Point",
    "coordinates": [
     139.721792,
     35.702405
    ]
   }
  },
  {
   "type": "Feature",
   "properties": {
    "id": "osm-node-5892004455",
    "osmType": "node",
    "osmId": 5892004455,
    "name": "大龍寺",
    "nameEn": null,
    "family": "worship",
    "kind": "templeRoof",
    "wikidata": "Q56346919",
    "lon": 139.721687,
    "lat": 35.702138,
    "x": -4067.1,
    "z": -2306.6,
    "distance": 1889,
    "station": 15,
    "stationName": "Shin-Okubo",
    "fromStation": 1938,
    "picked": false
   },
   "geometry": {
    "type": "Point",
    "coordinates": [
     139.721687,
     35.702138
    ]
   }
  },
  {
   "type": "Feature",
   "properties": {
    "id": "osm-node-5892004476",
    "osmType": "node",
    "osmId": 5892004476,
    "name": "常立寺",
    "nameEn": null,
    "family": "worship",
    "kind": "templeRoof",
    "wikidata": "Q115136991",
    "lon": 139.722467,
    "lat": 35.701679,
    "x": -3996.4,
    "z": -2255.8,
    "distance": 1971,
    "station": 15,
    "stationName": "Shin-Okubo",
    "fromStation": 2007,
    "picked": false
   },
   "geometry": {
    "type": "Point",
    "coordinates": [
     139.722467,
     35.701679
    ]
   }
  },
  {
   "type": "Feature",
   "properties": {
    "id": "osm-node-5898813824",
    "osmType": "node",
    "osmId": 5898813824,
    "name": "吉村昭記念文学館",
    "nameEn": "Yoshimura Akira Memorial Museum of Literature",
    "family": "museum",
    "kind": "museumFacade",
    "wikidata": "Q38277897",
    "lon": 139.78382,
    "lat": 35.739352,
    "x": 1543.5,
    "z": -6449.7,
    "distance": 1738,
    "station": 7,
    "stationName": "Nishi-Nippori",
    "fromStation": 1745,
    "picked": true
   },
   "geometry": {
    "type": "Point",
    "coordinates": [
     139.78382,
     35.739352
    ]
   }
  },
  {
   "type": "Feature",
   "properties": {
    "id": "osm-node-5906019305",
    "osmType": "node",
    "osmId": 5906019305,
    "name": "摺鉢山古墳",
    "nameEn": "Mount Suribachi Kofun",
    "family": "historic",
    "kind": "museumFacade",
    "wikidata": "Q17220560",
    "lon": 139.773941,
    "lat": 35.713798,
    "x": 657.9,
    "z": -3612.2,
    "distance": 181,
    "station": 4,
    "stationName": "Ueno",
    "fromStation": 195,
    "picked": true
   },
   "geometry": {
    "type": "Point",
    "coordinates": [
     139.773941,
     35.713798
    ]
   }
  },
  {
   "type": "Feature",
   "properties": {
    "id": "osm-node-5911147038",
    "osmType": "node",
    "osmId": 5911147038,
    "name": "本光寺",
    "nameEn": null,
    "family": "worship",
    "kind": "templeRoof",
    "wikidata": "Q17230279",
    "lon": 139.729522,
    "lat": 35.655056,
    "x": -3346,
    "z": 2915.1,
    "distance": 1828,
    "station": 26,
    "stationName": "Tamachi",
    "fromStation": 1941,
    "picked": false
   },
   "geometry": {
    "type": "Point",
    "coordinates": [
     139.729522,
     35.655056
    ]
   }
  },
  {
   "type": "Feature",
   "properties": {
    "id": "osm-node-5911509487",
    "osmType": "node",
    "osmId": 5911509487,
    "name": "刀剣博物館",
    "nameEn": "Japanese Sword Museum",
    "family": "museum",
    "kind": "museumFacade",
    "wikidata": "Q3329874",
    "lon": 139.793714,
    "lat": 35.698818,
    "x": 2451.9,
    "z": -1955.4,
    "distance": 1853,
    "station": 2,
    "stationName": "Akihabara",
    "fromStation": 1875,
    "picked": false
   },
   "geometry": {
    "type": "Point",
    "coordinates": [
     139.793714,
     35.698818
    ]
   }
  },
  {
   "type": "Feature",
   "properties": {
    "id": "osm-node-5913730285",
    "osmType": "node",
    "osmId": 5913730285,
    "name": "子易神社",
    "nameEn": null,
    "family": "worship",
    "kind": "templeRoof",
    "wikidata": "Q97613653",
    "lon": 139.709092,
    "lat": 35.747895,
    "x": -5217.7,
    "z": -7380.5,
    "distance": 1591,
    "station": 12,
    "stationName": "Ikebukuro",
    "fromStation": 1966,
    "picked": false
   },
   "geometry": {
    "type": "Point",
    "coordinates": [
     139.709092,
     35.747895
    ]
   }
  },
  {
   "type": "Feature",
   "properties": {
    "id": "osm-node-5913828277",
    "osmType": "node",
    "osmId": 5913828277,
    "name": "長久寺",
    "nameEn": null,
    "family": "worship",
    "kind": "templeRoof",
    "wikidata": "Q122068790",
    "lon": 139.739268,
    "lat": 35.653226,
    "x": -2462.9,
    "z": 3116.1,
    "distance": 1104,
    "station": 26,
    "stationName": "Tamachi",
    "fromStation": 1125,
    "picked": false
   },
   "geometry": {
    "type": "Point",
    "coordinates": [
     139.739268,
     35.653226
    ]
   }
  },
  {
   "type": "Feature",
   "properties": {
    "id": "osm-node-5914079737",
    "osmType": "node",
    "osmId": 5914079737,
    "name": "正覚院",
    "nameEn": null,
    "family": "worship",
    "kind": "templeRoof",
    "wikidata": "Q111904518",
    "lon": 139.738835,
    "lat": 35.643284,
    "x": -2499.5,
    "z": 4219.1,
    "distance": 410,
    "station": 26,
    "stationName": "Tamachi",
    "fromStation": 846,
    "picked": false
   },
   "geometry": {
    "type": "Point",
    "coordinates": [
     139.738835,
     35.643284
    ]
   }
  },
  {
   "type": "Feature",
   "properties": {
    "id": "osm-node-5916206560",
    "osmType": "node",
    "osmId": 5916206560,
    "name": "嶺雲寺",
    "nameEn": null,
    "family": "worship",
    "kind": "templeRoof",
    "wikidata": "Q97341875",
    "lon": 139.740673,
    "lat": 35.600559,
    "x": -2321.5,
    "z": 8958.7,
    "distance": 1919,
    "station": 23,
    "stationName": "Osaki",
    "fromStation": 2365,
    "picked": false
   },
   "geometry": {
    "type": "Point",
    "coordinates": [
     139.740673,
     35.600559
    ]
   }
  },
  {
   "type": "Feature",
   "properties": {
    "id": "osm-node-5924039275",
    "osmType": "node",
    "osmId": 5924039275,
    "name": "圓照寺",
    "nameEn": null,
    "family": "worship",
    "kind": "templeRoof",
    "wikidata": "Q22118055",
    "lon": 139.690368,
    "lat": 35.704053,
    "x": -6901.7,
    "z": -2513.1,
    "distance": 921,
    "station": 15,
    "stationName": "Shin-Okubo",
    "fromStation": 949,
    "picked": false
   },
   "geometry": {
    "type": "Point",
    "coordinates": [
     139.690368,
     35.704053
    ]
   }
  },
  {
   "type": "Feature",
   "properties": {
    "id": "osm-node-5924399085",
    "osmType": "node",
    "osmId": 5924399085,
    "name": "最勝寺",
    "nameEn": null,
    "family": "worship",
    "kind": "templeRoof",
    "wikidata": "Q30934781",
    "lon": 139.68526,
    "lat": 35.713394,
    "x": -7365.9,
    "z": -3548.6,
    "distance": 1624,
    "station": 14,
    "stationName": "Takadanobaba",
    "fromStation": 1669,
    "picked": false
   },
   "geometry": {
    "type": "Point",
    "coordinates": [
     139.68526,
     35.713394
    ]
   }
  },
  {
   "type": "Feature",
   "properties": {
    "id": "osm-node-5924399302",
    "osmType": "node",
    "osmId": 5924399302,
    "name": "正見寺",
    "nameEn": null,
    "family": "worship",
    "kind": "templeRoof",
    "wikidata": "Q97310700",
    "lon": 139.681092,
    "lat": 35.709668,
    "x": -7742.3,
    "z": -3134.5,
    "distance": 1873,
    "station": 15,
    "stationName": "Shin-Okubo",
    "fromStation": 1970,
    "picked": false
   },
   "geometry": {
    "type": "Point",
    "coordinates": [
     139.681092,
     35.709668
    ]
   }
  },
  {
   "type": "Feature",
   "properties": {
    "id": "osm-node-5934165375",
    "osmType": "node",
    "osmId": 5934165375,
    "name": "涼源寺",
    "nameEn": null,
    "family": "worship",
    "kind": "templeRoof",
    "wikidata": "Q111697010",
    "lon": 139.785891,
    "lat": 35.71447,
    "x": 1738.9,
    "z": -3689.8,
    "distance": 684,
    "station": 4,
    "stationName": "Ueno",
    "fromStation": 893,
    "picked": false
   },
   "geometry": {
    "type": "Point",
    "coordinates": [
     139.785891,
     35.71447
    ]
   }
  },
  {
   "type": "Feature",
   "properties": {
    "id": "osm-node-5939950286",
    "osmType": "node",
    "osmId": 5939950286,
    "name": "妙典寺",
    "nameEn": null,
    "family": "worship",
    "kind": "templeRoof",
    "wikidata": "Q106300704",
    "lon": 139.713676,
    "lat": 35.726975,
    "x": -4798.1,
    "z": -5060.5,
    "distance": 351,
    "station": 12,
    "stationName": "Ikebukuro",
    "fromStation": 437,
    "picked": true
   },
   "geometry": {
    "type": "Point",
    "coordinates": [
     139.713676,
     35.726975
    ]
   }
  },
  {
   "type": "Feature",
   "properties": {
    "id": "osm-node-5939950385",
    "osmType": "node",
    "osmId": 5939950385,
    "name": "常在寺",
    "nameEn": null,
    "family": "worship",
    "kind": "templeRoof",
    "wikidata": "Q11481344",
    "lon": 139.713805,
    "lat": 35.726854,
    "x": -4786.4,
    "z": -5047.1,
    "distance": 366,
    "station": 12,
    "stationName": "Ikebukuro",
    "fromStation": 454,
    "picked": false
   },
   "geometry": {
    "type": "Point",
    "coordinates": [
     139.713805,
     35.726854
    ]
   }
  },
  {
   "type": "Feature",
   "properties": {
    "id": "osm-node-5940840580",
    "osmType": "node",
    "osmId": 5940840580,
    "name": "安樂寺",
    "nameEn": "Ango-ji",
    "family": "worship",
    "kind": "templeRoof",
    "wikidata": "Q97164900",
    "lon": 139.716419,
    "lat": 35.624426,
    "x": -4524.9,
    "z": 6315.9,
    "distance": 582,
    "station": 22,
    "stationName": "Gotanda",
    "fromStation": 691,
    "picked": false
   },
   "geometry": {
    "type": "Point",
    "coordinates": [
     139.716419,
     35.624426
    ]
   }
  },
  {
   "type": "Feature",
   "properties": {
    "id": "osm-node-5966262803",
    "osmType": "node",
    "osmId": 5966262803,
    "name": "ファーブル昆虫館 「虫の詩人の館」",
    "nameEn": "Fabre Insect Museum",
    "family": "museum",
    "kind": "museumFacade",
    "wikidata": null,
    "lon": 139.758917,
    "lat": 35.729774,
    "x": -706.2,
    "z": -5380.9,
    "distance": 740,
    "station": 7,
    "stationName": "Nishi-Nippori",
    "fromStation": 748,
    "picked": false
   },
   "geometry": {
    "type": "Point",
    "coordinates": [
     139.758917,
     35.729774
    ]
   }
  },
  {
   "type": "Feature",
   "properties": {
    "id": "osm-node-5971809829",
    "osmType": "node",
    "osmId": 5971809829,
    "name": "田安鎮護稲荷神社",
    "nameEn": null,
    "family": "worship",
    "kind": "templeRoof",
    "wikidata": "Q120973247",
    "lon": 139.716078,
    "lat": 35.688766,
    "x": -4571.5,
    "z": -821.9,
    "distance": 1363,
    "station": 17,
    "stationName": "Yoyogi",
    "fromStation": 1379,
    "picked": false
   },
   "geometry": {
    "type": "Point",
    "coordinates": [
     139.716078,
     35.688766
    ]
   }
  },
  {
   "type": "Feature",
   "properties": {
    "id": "osm-node-6018196685",
    "osmType": "node",
    "osmId": 6018196685,
    "name": "池袋防災館",
    "nameEn": "Ikebukuro Disaster Prevention Center",
    "family": "museum",
    "kind": "museumFacade",
    "wikidata": null,
    "lon": 139.706924,
    "lat": 35.728036,
    "x": -5409.2,
    "z": -5176.8,
    "distance": 262,
    "station": 12,
    "stationName": "Ikebukuro",
    "fromStation": 442,
    "picked": false
   },
   "geometry": {
    "type": "Point",
    "coordinates": [
     139.706924,
     35.728036
    ]
   }
  },
  {
   "type": "Feature",
   "properties": {
    "id": "osm-node-6026372096",
    "osmType": "node",
    "osmId": 6026372096,
    "name": "第一三共くすりミュージアム",
    "nameEn": "Daiichi Sankyo Kusuri Museum",
    "family": "museum",
    "kind": "museumFacade",
    "wikidata": "Q17224188",
    "lon": 139.775669,
    "lat": 35.688459,
    "x": 822.1,
    "z": -801.4,
    "distance": 521,
    "station": 1,
    "stationName": "Kanda",
    "fromStation": 563,
    "picked": true
   },
   "geometry": {
    "type": "Point",
    "coordinates": [
     139.775669,
     35.688459
    ]
   }
  },
  {
   "type": "Feature",
   "properties": {
    "id": "osm-node-6033643885",
    "osmType": "node",
    "osmId": 6033643885,
    "name": "国立近現代建築資料館",
    "nameEn": "National Museum of Modern and Contemporary Architecture",
    "family": "museum",
    "kind": "museumFacade",
    "wikidata": "Q28312009",
    "lon": 139.76664,
    "lat": 35.709651,
    "x": -1.5,
    "z": -3150.2,
    "distance": 730,
    "station": 3,
    "stationName": "Okachimachi",
    "fromStation": 781,
    "picked": false
   },
   "geometry": {
    "type": "Point",
    "coordinates": [
     139.76664,
     35.709651
    ]
   }
  },
  {
   "type": "Feature",
   "properties": {
    "id": "osm-node-6073137296",
    "osmType": "node",
    "osmId": 6073137296,
    "name": "天祖神社",
    "nameEn": null,
    "family": "worship",
    "kind": "templeRoof",
    "wikidata": "Q131450989",
    "lon": 139.694015,
    "lat": 35.72359,
    "x": -6576,
    "z": -4681.2,
    "distance": 1161,
    "station": 13,
    "stationName": "Mejiro",
    "fromStation": 1162,
    "picked": false
   },
   "geometry": {
    "type": "Point",
    "coordinates": [
     139.694015,
     35.72359
    ]
   }
  },
  {
   "type": "Feature",
   "properties": {
    "id": "osm-node-6081301085",
    "osmType": "node",
    "osmId": 6081301085,
    "name": "正信寺",
    "nameEn": null,
    "family": "worship",
    "kind": "templeRoof",
    "wikidata": "Q106836771",
    "lon": 139.739134,
    "lat": 35.718977,
    "x": -2492.9,
    "z": -4178.4,
    "distance": 1425,
    "station": 10,
    "stationName": "Sugamo",
    "fromStation": 1596,
    "picked": false
   },
   "geometry": {
    "type": "Point",
    "coordinates": [
     139.739134,
     35.718977
    ]
   }
  },
  {
   "type": "Feature",
   "properties": {
    "id": "osm-node-6106123359",
    "osmType": "node",
    "osmId": 6106123359,
    "name": "本立寺",
    "nameEn": "Honryuji Temple",
    "family": "worship",
    "kind": "templeRoof",
    "wikidata": "Q97478966",
    "lon": 139.715033,
    "lat": 35.726958,
    "x": -4675.3,
    "z": -5058.8,
    "distance": 468,
    "station": 12,
    "stationName": "Ikebukuro",
    "fromStation": 517,
    "picked": false
   },
   "geometry": {
    "type": "Point",
    "coordinates": [
     139.715033,
     35.726958
    ]
   }
  },
  {
   "type": "Feature",
   "properties": {
    "id": "osm-node-6106123791",
    "osmType": "node",
    "osmId": 6106123791,
    "name": "盛泰寺",
    "nameEn": null,
    "family": "worship",
    "kind": "templeRoof",
    "wikidata": "Q106836822",
    "lon": 139.714713,
    "lat": 35.726304,
    "x": -4704.1,
    "z": -4986.2,
    "distance": 463,
    "station": 12,
    "stationName": "Ikebukuro",
    "fromStation": 552,
    "picked": false
   },
   "geometry": {
    "type": "Point",
    "coordinates": [
     139.714713,
     35.726304
    ]
   }
  },
  {
   "type": "Feature",
   "properties": {
    "id": "osm-node-6115778285",
    "osmType": "node",
    "osmId": 6115778285,
    "name": "西光院",
    "nameEn": "Seikōin",
    "family": "worship",
    "kind": "templeRoof",
    "wikidata": "Q97613700",
    "lon": 139.701731,
    "lat": 35.74103,
    "x": -5881.9,
    "z": -6617.5,
    "distance": 1325,
    "station": 12,
    "stationName": "Ikebukuro",
    "fromStation": 1460,
    "picked": false
   },
   "geometry": {
    "type": "Point",
    "coordinates": [
     139.701731,
     35.74103
    ]
   }
  },
  {
   "type": "Feature",
   "properties": {
    "id": "osm-node-6126527720",
    "osmType": "node",
    "osmId": 6126527720,
    "name": "水守稲荷大明神",
    "nameEn": null,
    "family": "historic",
    "kind": "museumFacade",
    "wikidata": "Q131992012",
    "lon": 139.749884,
    "lat": 35.648298,
    "x": -1500.3,
    "z": 3660.4,
    "distance": 140,
    "station": 26,
    "stationName": "Tamachi",
    "fromStation": 346,
    "picked": false
   },
   "geometry": {
    "type": "Point",
    "coordinates": [
     139.749884,
     35.648298
    ]
   }
  },
  {
   "type": "Feature",
   "properties": {
    "id": "osm-node-6130548562",
    "osmType": "node",
    "osmId": 6130548562,
    "name": "敬覚寺",
    "nameEn": null,
    "family": "worship",
    "kind": "templeRoof",
    "wikidata": "Q111995206",
    "lon": 139.791589,
    "lat": 35.711504,
    "x": 2255.4,
    "z": -3362.2,
    "distance": 1295,
    "station": 4,
    "stationName": "Ueno",
    "fromStation": 1422,
    "picked": false
   },
   "geometry": {
    "type": "Point",
    "coordinates": [
     139.791589,
     35.711504
    ]
   }
  },
  {
   "type": "Feature",
   "properties": {
    "id": "osm-node-6130548563",
    "osmType": "node",
    "osmId": 6130548563,
    "name": "善照寺",
    "nameEn": null,
    "family": "worship",
    "kind": "templeRoof",
    "wikidata": "Q111993607",
    "lon": 139.788817,
    "lat": 35.710828,
    "x": 2004.8,
    "z": -3286.5,
    "distance": 1129,
    "station": 4,
    "stationName": "Ueno",
    "fromStation": 1192,
    "picked": false
   },
   "geometry": {
    "type": "Point",
    "coordinates": [
     139.788817,
     35.710828
    ]
   }
  },
  {
   "type": "Feature",
   "properties": {
    "id": "osm-node-6130548564",
    "osmType": "node",
    "osmId": 6130548564,
    "name": "佛頂山光円寺",
    "nameEn": null,
    "family": "worship",
    "kind": "templeRoof",
    "wikidata": "Q111995070",
    "lon": 139.791102,
    "lat": 35.711275,
    "x": 2211.4,
    "z": -3336.7,
    "distance": 1270,
    "station": 4,
    "stationName": "Ueno",
    "fromStation": 1383,
    "picked": false
   },
   "geometry": {
    "type": "Point",
    "coordinates": [
     139.791102,
     35.711275
    ]
   }
  },
  {
   "type": "Feature",
   "properties": {
    "id": "osm-node-6189004324",
    "osmType": "node",
    "osmId": 6189004324,
    "name": "圓満寺",
    "nameEn": null,
    "family": "worship",
    "kind": "templeRoof",
    "wikidata": "Q106836731",
    "lon": 139.764172,
    "lat": 35.702964,
    "x": -222.8,
    "z": -2407.8,
    "distance": 854,
    "station": 2,
    "stationName": "Akihabara",
    "fromStation": 949,
    "picked": false
   },
   "geometry": {
    "type": "Point",
    "coordinates": [
     139.764172,
     35.702964
    ]
   }
  },
  {
   "type": "Feature",
   "properties": {
    "id": "osm-node-6193169764",
    "osmType": "node",
    "osmId": 6193169764,
    "name": "明月寺",
    "nameEn": null,
    "family": "worship",
    "kind": "templeRoof",
    "wikidata": "Q106646405",
    "lon": 139.761788,
    "lat": 35.736515,
    "x": -448.5,
    "z": -6129.4,
    "distance": 59,
    "station": 8,
    "stationName": "Tabata",
    "fromStation": 94,
    "picked": true
   },
   "geometry": {
    "type": "Point",
    "coordinates": [
     139.761788,
     35.736515
    ]
   }
  },
  {
   "type": "Feature",
   "properties": {
    "id": "osm-node-6220088990",
    "osmType": "node",
    "osmId": 6220088990,
    "name": "壽徳寺",
    "nameEn": null,
    "family": "worship",
    "kind": "templeRoof",
    "wikidata": "Q21019059",
    "lon": 139.72581,
    "lat": 35.751192,
    "x": -3706.6,
    "z": -7749.7,
    "distance": 1986,
    "station": 11,
    "stationName": "Otsuka",
    "fromStation": 2184,
    "picked": false
   },
   "geometry": {
    "type": "Point",
    "coordinates": [
     139.72581,
     35.751192
    ]
   }
  },
  {
   "type": "Feature",
   "properties": {
    "id": "osm-node-6256032285",
    "osmType": "node",
    "osmId": 6256032285,
    "name": "Space Travelium",
    "nameEn": "Space Travelium",
    "family": "museum",
    "kind": "museumFacade",
    "wikidata": null,
    "lon": 139.751768,
    "lat": 35.703488,
    "x": -1345.4,
    "z": -2462.9,
    "distance": 1973,
    "station": 2,
    "stationName": "Akihabara",
    "fromStation": 2005,
    "picked": false
   },
   "geometry": {
    "type": "Point",
    "coordinates": [
     139.751768,
     35.703488
    ]
   }
  },
  {
   "type": "Feature",
   "properties": {
    "id": "osm-node-6261728292",
    "osmType": "node",
    "osmId": 6261728292,
    "name": "ギャラリー心",
    "nameEn": "Gallery Shin",
    "family": "museum",
    "kind": "museumFacade",
    "wikidata": null,
    "lon": 139.784883,
    "lat": 35.714274,
    "x": 1647.7,
    "z": -3667.8,
    "distance": 617,
    "station": 4,
    "stationName": "Ueno",
    "fromStation": 800,
    "picked": false
   },
   "geometry": {
    "type": "Point",
    "coordinates": [
     139.784883,
     35.714274
    ]
   }
  },
  {
   "type": "Feature",
   "properties": {
    "id": "osm-node-6354051996",
    "osmType": "node",
    "osmId": 6354051996,
    "name": "月見岡八幡神社",
    "nameEn": null,
    "family": "worship",
    "kind": "templeRoof",
    "wikidata": "Q97279185",
    "lon": 139.691122,
    "lat": 35.712595,
    "x": -6835.4,
    "z": -3460.9,
    "distance": 1090,
    "station": 14,
    "stationName": "Takadanobaba",
    "fromStation": 1137,
    "picked": false
   },
   "geometry": {
    "type": "Point",
    "coordinates": [
     139.691122,
     35.712595
    ]
   }
  },
  {
   "type": "Feature",
   "properties": {
    "id": "osm-node-6362209835",
    "osmType": "node",
    "osmId": 6362209835,
    "name": "天祖神社",
    "nameEn": "Tenso Shrine",
    "family": "worship",
    "kind": "templeRoof",
    "wikidata": "Q11388013",
    "lon": 139.740572,
    "lat": 35.653404,
    "x": -2345,
    "z": 3096.1,
    "distance": 1058,
    "station": 26,
    "stationName": "Tamachi",
    "fromStation": 1065,
    "picked": false
   },
   "geometry": {
    "type": "Point",
    "coordinates": [
     139.740572,
     35.653404
    ]
   }
  },
  {
   "type": "Feature",
   "properties": {
    "id": "osm-node-6362209837",
    "osmType": "node",
    "osmId": 6362209837,
    "name": "銀杏大明神",
    "nameEn": null,
    "family": "historic",
    "kind": "museumFacade",
    "wikidata": "Q121872509",
    "lon": 139.739096,
    "lat": 35.654316,
    "x": -2478.9,
    "z": 2995.2,
    "distance": 1214,
    "station": 26,
    "stationName": "Tamachi",
    "fromStation": 1227,
    "picked": false
   },
   "geometry": {
    "type": "Point",
    "coordinates": [
     139.739096,
     35.654316
    ]
   }
  },
  {
   "type": "Feature",
   "properties": {
    "id": "osm-node-6380694945",
    "osmType": "node",
    "osmId": 6380694945,
    "name": "都電6080号",
    "nameEn": "Toden 6080",
    "family": "historic",
    "kind": "museumFacade",
    "wikidata": null,
    "lon": 139.738743,
    "lat": 35.750368,
    "x": -2536.7,
    "z": -7661,
    "distance": 1715,
    "station": 9,
    "stationName": "Komagome",
    "fromStation": 1715,
    "picked": false
   },
   "geometry": {
    "type": "Point",
    "coordinates": [
     139.738743,
     35.750368
    ]
   }
  },
  {
   "type": "Feature",
   "properties": {
    "id": "osm-node-6380696689",
    "osmType": "node",
    "osmId": 6380696689,
    "name": "蒸気機関車D51 853",
    "nameEn": "Steam Locomotive D51 853",
    "family": "historic",
    "kind": "museumFacade",
    "wikidata": null,
    "lon": 139.738847,
    "lat": 35.750111,
    "x": -2527.3,
    "z": -7632.5,
    "distance": 1685,
    "station": 9,
    "stationName": "Komagome",
    "fromStation": 1685,
    "picked": false
   },
   "geometry": {
    "type": "Point",
    "coordinates": [
     139.738847,
     35.750111
    ]
   }
  },
  {
   "type": "Feature",
   "properties": {
    "id": "osm-node-6480099285",
    "osmType": "node",
    "osmId": 6480099285,
    "name": "青松寺",
    "nameEn": null,
    "family": "worship",
    "kind": "templeRoof",
    "wikidata": "Q11661908",
    "lon": 139.748423,
    "lat": 35.662854,
    "x": -1636.8,
    "z": 2045.9,
    "distance": 915,
    "station": 28,
    "stationName": "Shimbashi",
    "fromStation": 949,
    "picked": false
   },
   "geometry": {
    "type": "Point",
    "coordinates": [
     139.748423,
     35.662854
    ]
   }
  },
  {
   "type": "Feature",
   "properties": {
    "id": "osm-node-6490388463",
    "osmType": "node",
    "osmId": 6490388463,
    "name": "つまみかんざし博物館",
    "nameEn": "Tsumami Kanzashi Museum",
    "family": "museum",
    "kind": "museumFacade",
    "wikidata": null,
    "lon": 139.702041,
    "lat": 35.710273,
    "x": -5846.9,
    "z": -3205.2,
    "distance": 69,
    "station": 14,
    "stationName": "Takadanobaba",
    "fromStation": 305,
    "picked": false
   },
   "geometry": {
    "type": "Point",
    "coordinates": [
     139.702041,
     35.710273
    ]
   }
  },
  {
   "type": "Feature",
   "properties": {
    "id": "osm-node-6515675086",
    "osmType": "node",
    "osmId": 6515675086,
    "name": "正覚寺",
    "nameEn": null,
    "family": "worship",
    "kind": "templeRoof",
    "wikidata": "Q111836669",
    "lon": 139.786431,
    "lat": 35.721983,
    "x": 1785.3,
    "z": -4523.4,
    "distance": 669,
    "station": 5,
    "stationName": "Uguisudani",
    "fromStation": 772,
    "picked": false
   },
   "geometry": {
    "type": "Point",
    "coordinates": [
     139.786431,
     35.721983
    ]
   }
  },
  {
   "type": "Feature",
   "properties": {
    "id": "osm-node-6515683886",
    "osmType": "node",
    "osmId": 6515683886,
    "name": "入谷朝顔 発祥之地",
    "nameEn": null,
    "family": "historic",
    "kind": "museumFacade",
    "wikidata": "Q113493364",
    "lon": 139.783531,
    "lat": 35.719842,
    "x": 1523.6,
    "z": -4285.1,
    "distance": 354,
    "station": 5,
    "stationName": "Uguisudani",
    "fromStation": 549,
    "picked": false
   },
   "geometry": {
    "type": "Point",
    "coordinates": [
     139.783531,
     35.719842
    ]
   }
  },
  {
   "type": "Feature",
   "properties": {
    "id": "osm-node-6534087850",
    "osmType": "node",
    "osmId": 6534087850,
    "name": "豊島区トキワ荘通りお休み処",
    "nameEn": "Toyoshimaku Tokiwasō-dōri oyasumidokoro",
    "family": "museum",
    "kind": "museumFacade",
    "wikidata": null,
    "lon": 139.68893,
    "lat": 35.723334,
    "x": -7035.9,
    "z": -4652,
    "distance": 1596,
    "station": 13,
    "stationName": "Mejiro",
    "fromStation": 1609,
    "picked": false
   },
   "geometry": {
    "type": "Point",
    "coordinates": [
     139.68893,
     35.723334
    ]
   }
  },
  {
   "type": "Feature",
   "properties": {
    "id": "osm-node-6589553987",
    "osmType": "node",
    "osmId": 6589553987,
    "name": "サムライミュージアム",
    "nameEn": "Samurai Museum",
    "family": "museum",
    "kind": "museumFacade",
    "wikidata": "Q116917907",
    "lon": 139.703563,
    "lat": 35.695518,
    "x": -5705.7,
    "z": -1568.6,
    "distance": 379,
    "station": 15,
    "stationName": "Shin-Okubo",
    "fromStation": 706,
    "picked": true
   },
   "geometry": {
    "type": "Point",
    "coordinates": [
     139.703563,
     35.695518
    ]
   }
  },
  {
   "type": "Feature",
   "properties": {
    "id": "osm-node-6650881085",
    "osmType": "node",
    "osmId": 6650881085,
    "name": "日本文具資料館",
    "nameEn": "Japan Stationary Museum",
    "family": "museum",
    "kind": "museumFacade",
    "wikidata": null,
    "lon": 139.788832,
    "lat": 35.696772,
    "x": 2010.7,
    "z": -1727.1,
    "distance": 1442,
    "station": 2,
    "stationName": "Akihabara",
    "fromStation": 1443,
    "picked": false
   },
   "geometry": {
    "type": "Point",
    "coordinates": [
     139.788832,
     35.696772
    ]
   }
  },
  {
   "type": "Feature",
   "properties": {
    "id": "osm-node-6677892203",
    "osmType": "node",
    "osmId": 6677892203,
    "name": "眞正寺",
    "nameEn": "Shinshō-ji",
    "family": "worship",
    "kind": "templeRoof",
    "wikidata": "Q97215869",
    "lon": 139.792561,
    "lat": 35.733632,
    "x": 2336,
    "z": -5817.5,
    "distance": 1874,
    "station": 5,
    "stationName": "Uguisudani",
    "fromStation": 1874,
    "picked": false
   },
   "geometry": {
    "type": "Point",
    "coordinates": [
     139.792561,
     35.733632
    ]
   }
  },
  {
   "type": "Feature",
   "properties": {
    "id": "osm-node-6678590654",
    "osmType": "node",
    "osmId": 6678590654,
    "name": "円通寺",
    "nameEn": "Entsū-ji",
    "family": "worship",
    "kind": "templeRoof",
    "wikidata": "Q11394886",
    "lon": 139.792883,
    "lat": 35.733995,
    "x": 2365,
    "z": -5857.8,
    "distance": 1922,
    "station": 5,
    "stationName": "Uguisudani",
    "fromStation": 1923,
    "picked": false
   },
   "geometry": {
    "type": "Point",
    "coordinates": [
     139.792883,
     35.733995
    ]
   }
  },
  {
   "type": "Feature",
   "properties": {
    "id": "osm-node-6868678288",
    "osmType": "node",
    "osmId": 6868678288,
    "name": "御林稲荷社",
    "nameEn": "Ohayashi Inari Shrine",
    "family": "worship",
    "kind": "templeRoof",
    "wikidata": "Q111588242",
    "lon": 139.757689,
    "lat": 35.725107,
    "x": -815.9,
    "z": -4862.8,
    "distance": 1104,
    "station": 7,
    "stationName": "Nishi-Nippori",
    "fromStation": 1128,
    "picked": false
   },
   "geometry": {
    "type": "Point",
    "coordinates": [
     139.757689,
     35.725107
    ]
   }
  },
  {
   "type": "Feature",
   "properties": {
    "id": "osm-node-7007531447",
    "osmType": "node",
    "osmId": 7007531447,
    "name": "NHK放送博物館",
    "nameEn": "NHK Museum of Broadcasting",
    "family": "museum",
    "kind": "museumFacade",
    "wikidata": "Q11235312",
    "lon": 139.74826,
    "lat": 35.663725,
    "x": -1651.8,
    "z": 1949.3,
    "distance": 919,
    "station": 28,
    "stationName": "Shimbashi",
    "fromStation": 930,
    "picked": false
   },
   "geometry": {
    "type": "Point",
    "coordinates": [
     139.74826,
     35.663725
    ]
   }
  },
  {
   "type": "Feature",
   "properties": {
    "id": "osm-node-7125341600",
    "osmType": "node",
    "osmId": 7125341600,
    "name": "日本オリンピックミュージアム",
    "nameEn": "JAPAN OLYMPIC MUSEUM",
    "family": "museum",
    "kind": "museumFacade",
    "wikidata": "Q140042196",
    "lon": 139.715156,
    "lat": 35.674948,
    "x": -4651.6,
    "z": 711.2,
    "distance": 1012,
    "station": 18,
    "stationName": "Harajuku",
    "fromStation": 1263,
    "picked": false
   },
   "geometry": {
    "type": "Point",
    "coordinates": [
     139.715156,
     35.674948
    ]
   }
  },
  {
   "type": "Feature",
   "properties": {
    "id": "osm-node-7125341604",
    "osmType": "node",
    "osmId": 7125341604,
    "name": "ピエール・ド・クーベルタン",
    "nameEn": "Pierre de Coubertin",
    "family": "historic",
    "kind": "museumFacade",
    "wikidata": "Q85847340",
    "lon": 139.715085,
    "lat": 35.67521,
    "x": -4658,
    "z": 682.1,
    "distance": 1004,
    "station": 18,
    "stationName": "Harajuku",
    "fromStation": 1269,
    "picked": true
   },
   "geometry": {
    "type": "Point",
    "coordinates": [
     139.715085,
     35.67521
    ]
   }
  },
  {
   "type": "Feature",
   "properties": {
    "id": "osm-node-7231031105",
    "osmType": "node",
    "osmId": 7231031105,
    "name": "六本木ミュージアム",
    "nameEn": "Roppongi Museum",
    "family": "museum",
    "kind": "museumFacade",
    "wikidata": "Q115977950",
    "lon": 139.734014,
    "lat": 35.659576,
    "x": -2940.4,
    "z": 2412.7,
    "distance": 1954,
    "station": 26,
    "stationName": "Tamachi",
    "fromStation": 1970,
    "picked": false
   },
   "geometry": {
    "type": "Point",
    "coordinates": [
     139.734014,
     35.659576
    ]
   }
  },
  {
   "type": "Feature",
   "properties": {
    "id": "osm-node-7275694868",
    "osmType": "node",
    "osmId": 7275694868,
    "name": "白金龍昇宮",
    "nameEn": null,
    "family": "worship",
    "kind": "templeRoof",
    "wikidata": "Q121833170",
    "lon": 139.683253,
    "lat": 35.698661,
    "x": -7544.4,
    "z": -1913.7,
    "distance": 1487,
    "station": 15,
    "stationName": "Shin-Okubo",
    "fromStation": 1570,
    "picked": false
   },
   "geometry": {
    "type": "Point",
    "coordinates": [
     139.683253,
     35.698661
    ]
   }
  },
  {
   "type": "Feature",
   "properties": {
    "id": "osm-node-7280047327",
    "osmType": "node",
    "osmId": 7280047327,
    "name": "WHAT Museum",
    "nameEn": "WHAT MUSEUM",
    "family": "museum",
    "kind": "museumFacade",
    "wikidata": "Q38266999",
    "lon": 139.748564,
    "lat": 35.620685,
    "x": -1612.1,
    "z": 6724.2,
    "distance": 977,
    "station": 24,
    "stationName": "Shinagawa",
    "fromStation": 1279,
    "picked": false
   },
   "geometry": {
    "type": "Point",
    "coordinates": [
     139.748564,
     35.620685
    ]
   }
  },
  {
   "type": "Feature",
   "properties": {
    "id": "osm-node-7626875701",
    "osmType": "node",
    "osmId": 7626875701,
    "name": "駒形堂",
    "nameEn": "Komakata-do Temple",
    "family": "worship",
    "kind": "templeRoof",
    "wikidata": "Q100597198",
    "lon": 139.796712,
    "lat": 35.708953,
    "x": 2719.8,
    "z": -3080.6,
    "distance": 1838,
    "station": 4,
    "stationName": "Ueno",
    "fromStation": 1936,
    "picked": false
   },
   "geometry": {
    "type": "Point",
    "coordinates": [
     139.796712,
     35.708953
    ]
   }
  },
  {
   "type": "Feature",
   "properties": {
    "id": "osm-node-7627418373",
    "osmType": "node",
    "osmId": 7627418373,
    "name": "池波正太郎記念文庫",
    "nameEn": "Ikenami Shotaro Memorial Museum",
    "family": "museum",
    "kind": "museumFacade",
    "wikidata": "Q139814437",
    "lon": 139.789628,
    "lat": 35.717434,
    "x": 2076,
    "z": -4019.6,
    "distance": 907,
    "station": 5,
    "stationName": "Uguisudani",
    "fromStation": 1161,
    "picked": false
   },
   "geometry": {
    "type": "Point",
    "coordinates": [
     139.789628,
     35.717434
    ]
   }
  },
  {
   "type": "Feature",
   "properties": {
    "id": "osm-node-7638842706",
    "osmType": "node",
    "osmId": 7638842706,
    "name": "歌舞伎座ギャラリー",
    "nameEn": "Kabukiza Gallery",
    "family": "museum",
    "kind": "museumFacade",
    "wikidata": null,
    "lon": 139.767938,
    "lat": 35.669669,
    "x": 128.1,
    "z": 1285.1,
    "distance": 732,
    "station": 29,
    "stationName": "Yurakucho",
    "fromStation": 737,
    "picked": false
   },
   "geometry": {
    "type": "Point",
    "coordinates": [
     139.767938,
     35.669669
    ]
   }
  },
  {
   "type": "Feature",
   "properties": {
    "id": "osm-node-7653795130",
    "osmType": "node",
    "osmId": 7653795130,
    "name": "松島神社",
    "nameEn": "Matsushima Jinja",
    "family": "worship",
    "kind": "templeRoof",
    "wikidata": "Q106852385",
    "lon": 139.785439,
    "lat": 35.684647,
    "x": 1707.6,
    "z": -381,
    "distance": 1495,
    "station": 1,
    "stationName": "Kanda",
    "fromStation": 1531,
    "picked": false
   },
   "geometry": {
    "type": "Point",
    "coordinates": [
     139.785439,
     35.684647
    ]
   }
  },
  {
   "type": "Feature",
   "properties": {
    "id": "osm-node-7895901792",
    "osmType": "node",
    "osmId": 7895901792,
    "name": "龍寳寺",
    "nameEn": null,
    "family": "worship",
    "kind": "templeRoof",
    "wikidata": "Q107137105",
    "lon": 139.78869,
    "lat": 35.705996,
    "x": 1994.9,
    "z": -2750.3,
    "distance": 1277,
    "station": 3,
    "stationName": "Okachimachi",
    "fromStation": 1279,
    "picked": false
   },
   "geometry": {
    "type": "Point",
    "coordinates": [
     139.78869,
     35.705996
    ]
   }
  },
  {
   "type": "Feature",
   "properties": {
    "id": "osm-node-8213940657",
    "osmType": "node",
    "osmId": 8213940657,
    "name": "トキワ荘マンガミュージアム",
    "nameEn": "Toshima City Tokiwaso Manga Museum",
    "family": "museum",
    "kind": "museumFacade",
    "wikidata": "Q96707302",
    "lon": 139.686043,
    "lat": 35.724274,
    "x": -7297.4,
    "z": -4755.7,
    "distance": 1875,
    "station": 13,
    "stationName": "Mejiro",
    "fromStation": 1884,
    "picked": false
   },
   "geometry": {
    "type": "Point",
    "coordinates": [
     139.686043,
     35.724274
    ]
   }
  },
  {
   "type": "Feature",
   "properties": {
    "id": "osm-node-8242812282",
    "osmType": "node",
    "osmId": 8242812282,
    "name": "法泉寺",
    "nameEn": null,
    "family": "worship",
    "kind": "templeRoof",
    "wikidata": "Q30929049",
    "lon": 139.784601,
    "lat": 35.708675,
    "x": 1624,
    "z": -3046.5,
    "distance": 879,
    "station": 3,
    "stationName": "Okachimachi",
    "fromStation": 924,
    "picked": false
   },
   "geometry": {
    "type": "Point",
    "coordinates": [
     139.784601,
     35.708675
    ]
   }
  },
  {
   "type": "Feature",
   "properties": {
    "id": "osm-node-8540191217",
    "osmType": "node",
    "osmId": 8540191217,
    "name": "醤油会館",
    "nameEn": "Soy Sauce Centre (Shoyu Kaikan)",
    "family": "museum",
    "kind": "museumFacade",
    "wikidata": null,
    "lon": 139.782707,
    "lat": 35.681187,
    "x": 1461.4,
    "z": 3.6,
    "distance": 1380,
    "station": 0,
    "stationName": "Tokyo",
    "fromStation": 1461,
    "picked": false
   },
   "geometry": {
    "type": "Point",
    "coordinates": [
     139.782707,
     35.681187
    ]
   }
  },
  {
   "type": "Feature",
   "properties": {
    "id": "osm-node-8780921024",
    "osmType": "node",
    "osmId": 8780921024,
    "name": "法林寺",
    "nameEn": null,
    "family": "worship",
    "kind": "templeRoof",
    "wikidata": "Q112628419",
    "lon": 139.789128,
    "lat": 35.703385,
    "x": 2035.4,
    "z": -2460.9,
    "distance": 1355,
    "station": 3,
    "stationName": "Okachimachi",
    "fromStation": 1372,
    "picked": false
   },
   "geometry": {
    "type": "Point",
    "coordinates": [
     139.789128,
     35.703385
    ]
   }
  },
  {
   "type": "Feature",
   "properties": {
    "id": "osm-node-8780921025",
    "osmType": "node",
    "osmId": 8780921025,
    "name": "松平西福寺",
    "nameEn": null,
    "family": "worship",
    "kind": "templeRoof",
    "wikidata": "Q106836719",
    "lon": 139.788734,
    "lat": 35.703504,
    "x": 1999.7,
    "z": -2473.9,
    "distance": 1318,
    "station": 3,
    "stationName": "Okachimachi",
    "fromStation": 1334,
    "picked": false
   },
   "geometry": {
    "type": "Point",
    "coordinates": [
     139.788734,
     35.703504
    ]
   }
  },
  {
   "type": "Feature",
   "properties": {
    "id": "osm-node-8780921026",
    "osmType": "node",
    "osmId": 8780921026,
    "name": "真行院",
    "nameEn": null,
    "family": "worship",
    "kind": "templeRoof",
    "wikidata": "Q112220116",
    "lon": 139.788715,
    "lat": 35.703151,
    "x": 1998.1,
    "z": -2434.8,
    "distance": 1321,
    "station": 3,
    "stationName": "Okachimachi",
    "fromStation": 1344,
    "picked": false
   },
   "geometry": {
    "type": "Point",
    "coordinates": [
     139.788715,
     35.703151
    ]
   }
  },
  {
   "type": "Feature",
   "properties": {
    "id": "osm-node-8780921027",
    "osmType": "node",
    "osmId": 8780921027,
    "name": "長応院",
    "nameEn": null,
    "family": "worship",
    "kind": "templeRoof",
    "wikidata": "Q112228351",
    "lon": 139.788694,
    "lat": 35.70382,
    "x": 1995.9,
    "z": -2509,
    "distance": 1310,
    "station": 3,
    "stationName": "Okachimachi",
    "fromStation": 1321,
    "picked": false
   },
   "geometry": {
    "type": "Point",
    "coordinates": [
     139.788694,
     35.70382
    ]
   }
  },
  {
   "type": "Feature",
   "properties": {
    "id": "osm-node-9025821955",
    "osmType": "node",
    "osmId": 9025821955,
    "name": "常楽院阿弥陀堂",
    "nameEn": null,
    "family": "worship",
    "kind": "templeRoof",
    "wikidata": "Q112607898",
    "lon": 139.768158,
    "lat": 35.710406,
    "x": 135.6,
    "z": -3234.4,
    "distance": 587,
    "station": 3,
    "stationName": "Okachimachi",
    "fromStation": 698,
    "picked": false
   },
   "geometry": {
    "type": "Point",
    "coordinates": [
     139.768158,
     35.710406
    ]
   }
  },
  {
   "type": "Feature",
   "properties": {
    "id": "osm-node-9194884405",
    "osmType": "node",
    "osmId": 9194884405,
    "name": "石川島資料館",
    "nameEn": "Ishikawajima Museum",
    "family": "museum",
    "kind": "museumFacade",
    "wikidata": null,
    "lon": 139.784323,
    "lat": 35.669909,
    "x": 1611.3,
    "z": 1254.4,
    "distance": 1909,
    "station": 29,
    "stationName": "Yurakucho",
    "fromStation": 2008,
    "picked": false
   },
   "geometry": {
    "type": "Point",
    "coordinates": [
     139.784323,
     35.669909
    ]
   }
  },
  {
   "type": "Feature",
   "properties": {
    "id": "osm-node-9210529918",
    "osmType": "node",
    "osmId": 9210529918,
    "name": "セイコーミュージアム",
    "nameEn": "Seiko Museum",
    "family": "museum",
    "kind": "museumFacade",
    "wikidata": null,
    "lon": 139.764424,
    "lat": 35.672371,
    "x": -190.9,
    "z": 986.2,
    "distance": 296,
    "station": 29,
    "stationName": "Yurakucho",
    "fromStation": 315,
    "picked": false
   },
   "geometry": {
    "type": "Point",
    "coordinates": [
     139.764424,
     35.672371
    ]
   }
  },
  {
   "type": "Feature",
   "properties": {
    "id": "osm-node-9223580418",
    "osmType": "node",
    "osmId": 9223580418,
    "name": "クロネコヤマトミュージアム",
    "nameEn": null,
    "family": "museum",
    "kind": "museumFacade",
    "wikidata": null,
    "lon": 139.745248,
    "lat": 35.62668,
    "x": -1914.2,
    "z": 6059.7,
    "distance": 598,
    "station": 24,
    "stationName": "Shinagawa",
    "fromStation": 662,
    "picked": false
   },
   "geometry": {
    "type": "Point",
    "coordinates": [
     139.745248,
     35.62668
    ]
   }
  },
  {
   "type": "Feature",
   "properties": {
    "id": "osm-node-9234146642",
    "osmType": "node",
    "osmId": 9234146642,
    "name": "San Francisco Fillmore Wolfgang's Vault Art Museum",
    "nameEn": null,
    "family": "museum",
    "kind": "museumFacade",
    "wikidata": null,
    "lon": 139.777275,
    "lat": 35.697401,
    "x": 964.6,
    "z": -1793.8,
    "distance": 395,
    "station": 2,
    "stationName": "Akihabara",
    "fromStation": 400,
    "picked": false
   },
   "geometry": {
    "type": "Point",
    "coordinates": [
     139.777275,
     35.697401
    ]
   }
  },
  {
   "type": "Feature",
   "properties": {
    "id": "osm-node-9365684343",
    "osmType": "node",
    "osmId": 9365684343,
    "name": "玉宗寺",
    "nameEn": null,
    "family": "worship",
    "kind": "templeRoof",
    "wikidata": "Q111991766",
    "lon": 139.789301,
    "lat": 35.708867,
    "x": 2049.2,
    "z": -3069.1,
    "distance": 1292,
    "station": 4,
    "stationName": "Ueno",
    "fromStation": 1306,
    "picked": false
   },
   "geometry": {
    "type": "Point",
    "coordinates": [
     139.789301,
     35.708867
    ]
   }
  },
  {
   "type": "Feature",
   "properties": {
    "id": "osm-node-9652985255",
    "osmType": "node",
    "osmId": 9652985255,
    "name": "いせ辰",
    "nameEn": "Isetatsu",
    "family": "historic",
    "kind": "museumFacade",
    "wikidata": "Q97163671",
    "lon": 139.764972,
    "lat": 35.724294,
    "x": -156.9,
    "z": -4774.4,
    "distance": 637,
    "station": 6,
    "stationName": "Nippori",
    "fromStation": 639,
    "picked": false
   },
   "geometry": {
    "type": "Point",
    "coordinates": [
     139.764972,
     35.724294
    ]
   }
  },
  {
   "type": "Feature",
   "properties": {
    "id": "osm-node-9671797545",
    "osmType": "node",
    "osmId": 9671797545,
    "name": "笠森稲荷堂",
    "nameEn": null,
    "family": "worship",
    "kind": "templeRoof",
    "wikidata": "Q111632741",
    "lon": 139.769295,
    "lat": 35.7248,
    "x": 234.1,
    "z": -4831.5,
    "distance": 316,
    "station": 6,
    "stationName": "Nippori",
    "fromStation": 366,
    "picked": false
   },
   "geometry": {
    "type": "Point",
    "coordinates": [
     139.769295,
     35.7248
    ]
   }
  },
  {
   "type": "Feature",
   "properties": {
    "id": "osm-node-9671797546",
    "osmType": "node",
    "osmId": 9671797546,
    "name": "功徳林寺",
    "nameEn": null,
    "family": "worship",
    "kind": "templeRoof",
    "wikidata": "Q106836644",
    "lon": 139.768875,
    "lat": 35.724998,
    "x": 196.1,
    "z": -4853.4,
    "distance": 327,
    "station": 6,
    "stationName": "Nippori",
    "fromStation": 358,
    "picked": false
   },
   "geometry": {
    "type": "Point",
    "coordinates": [
     139.768875,
     35.724998
    ]
   }
  },
  {
   "type": "Feature",
   "properties": {
    "id": "osm-node-9684523514",
    "osmType": "node",
    "osmId": 9684523514,
    "name": "徳雲禅院",
    "nameEn": null,
    "family": "worship",
    "kind": "templeRoof",
    "wikidata": "Q106836942",
    "lon": 139.780258,
    "lat": 35.712006,
    "x": 1230,
    "z": -3414.9,
    "distance": 415,
    "station": 4,
    "stationName": "Ueno",
    "fromStation": 417,
    "picked": false
   },
   "geometry": {
    "type": "Point",
    "coordinates": [
     139.780258,
     35.712006
    ]
   }
  },
  {
   "type": "Feature",
   "properties": {
    "id": "osm-node-9684624103",
    "osmType": "node",
    "osmId": 9684624103,
    "name": "専念寺",
    "nameEn": null,
    "family": "worship",
    "kind": "templeRoof",
    "wikidata": "Q111693704",
    "lon": 139.784606,
    "lat": 35.712235,
    "x": 1623.3,
    "z": -3441.5,
    "distance": 729,
    "station": 4,
    "stationName": "Ueno",
    "fromStation": 786,
    "picked": false
   },
   "geometry": {
    "type": "Point",
    "coordinates": [
     139.784606,
     35.712235
    ]
   }
  },
  {
   "type": "Feature",
   "properties": {
    "id": "osm-node-9684892309",
    "osmType": "node",
    "osmId": 9684892309,
    "name": "養蓮寺",
    "nameEn": null,
    "family": "worship",
    "kind": "templeRoof",
    "wikidata": "Q111702137",
    "lon": 139.784796,
    "lat": 35.713517,
    "x": 1640.1,
    "z": -3583.7,
    "distance": 660,
    "station": 4,
    "stationName": "Ueno",
    "fromStation": 788,
    "picked": false
   },
   "geometry": {
    "type": "Point",
    "coordinates": [
     139.784796,
     35.713517
    ]
   }
  },
  {
   "type": "Feature",
   "properties": {
    "id": "osm-node-9684897248",
    "osmType": "node",
    "osmId": 9684897248,
    "name": "林光寺",
    "nameEn": null,
    "family": "worship",
    "kind": "templeRoof",
    "wikidata": "Q111702292",
    "lon": 139.784913,
    "lat": 35.712386,
    "x": 1651.1,
    "z": -3458.3,
    "distance": 742,
    "station": 4,
    "stationName": "Ueno",
    "fromStation": 810,
    "picked": false
   },
   "geometry": {
    "type": "Point",
    "coordinates": [
     139.784913,
     35.712386
    ]
   }
  },
  {
   "type": "Feature",
   "properties": {
    "id": "osm-node-9684920646",
    "osmType": "node",
    "osmId": 9684920646,
    "name": "長龍寺",
    "nameEn": null,
    "family": "worship",
    "kind": "templeRoof",
    "wikidata": "Q111702098",
    "lon": 139.784375,
    "lat": 35.713419,
    "x": 1602,
    "z": -3572.8,
    "distance": 635,
    "station": 4,
    "stationName": "Ueno",
    "fromStation": 750,
    "picked": false
   },
   "geometry": {
    "type": "Point",
    "coordinates": [
     139.784375,
     35.713419
    ]
   }
  },
  {
   "type": "Feature",
   "properties": {
    "id": "osm-node-9684928553",
    "osmType": "node",
    "osmId": 9684928553,
    "name": "長善寺",
    "nameEn": null,
    "family": "worship",
    "kind": "templeRoof",
    "wikidata": "Q111702264",
    "lon": 139.78493,
    "lat": 35.712566,
    "x": 1652.6,
    "z": -3478.3,
    "distance": 731,
    "station": 4,
    "stationName": "Ueno",
    "fromStation": 809,
    "picked": false
   },
   "geometry": {
    "type": "Point",
    "coordinates": [
     139.78493,
     35.712566
    ]
   }
  },
  {
   "type": "Feature",
   "properties": {
    "id": "osm-node-9688932901",
    "osmType": "node",
    "osmId": 9688932901,
    "name": "春性院",
    "nameEn": null,
    "family": "worship",
    "kind": "templeRoof",
    "wikidata": "Q111772138",
    "lon": 139.778251,
    "lat": 35.718008,
    "x": 1046.4,
    "z": -4080.3,
    "distance": 111,
    "station": 5,
    "stationName": "Uguisudani",
    "fromStation": 410,
    "picked": false
   },
   "geometry": {
    "type": "Point",
    "coordinates": [
     139.778251,
     35.718008
    ]
   }
  },
  {
   "type": "Feature",
   "properties": {
    "id": "osm-node-9688938480",
    "osmType": "node",
    "osmId": 9688938480,
    "name": "泉龍院",
    "nameEn": null,
    "family": "worship",
    "kind": "templeRoof",
    "wikidata": "Q111793392",
    "lon": 139.778001,
    "lat": 35.718325,
    "x": 1023.7,
    "z": -4115.4,
    "distance": 145,
    "station": 5,
    "stationName": "Uguisudani",
    "fromStation": 374,
    "picked": false
   },
   "geometry": {
    "type": "Point",
    "coordinates": [
     139.778001,
     35.718325
    ]
   }
  },
  {
   "type": "Feature",
   "properties": {
    "id": "osm-node-9688949287",
    "osmType": "node",
    "osmId": 9688949287,
    "name": "修禅院",
    "nameEn": null,
    "family": "worship",
    "kind": "templeRoof",
    "wikidata": "Q111793218",
    "lon": 139.777835,
    "lat": 35.71814,
    "x": 1008.8,
    "z": -4094.8,
    "distance": 151,
    "station": 5,
    "stationName": "Uguisudani",
    "fromStation": 394,
    "picked": false
   },
   "geometry": {
    "type": "Point",
    "coordinates": [
     139.777835,
     35.71814
    ]
   }
  },
  {
   "type": "Feature",
   "properties": {
    "id": "osm-node-9710457511",
    "osmType": "node",
    "osmId": 9710457511,
    "name": "三島神社",
    "nameEn": null,
    "family": "worship",
    "kind": "templeRoof",
    "wikidata": "Q24873400",
    "lon": 139.786139,
    "lat": 35.724701,
    "x": 1758,
    "z": -4824.9,
    "distance": 791,
    "station": 5,
    "stationName": "Uguisudani",
    "fromStation": 816,
    "picked": false
   },
   "geometry": {
    "type": "Point",
    "coordinates": [
     139.786139,
     35.724701
    ]
   }
  },
  {
   "type": "Feature",
   "properties": {
    "id": "osm-node-9718326140",
    "osmType": "node",
    "osmId": 9718326140,
    "name": "子安稲荷神社",
    "nameEn": null,
    "family": "worship",
    "kind": "templeRoof",
    "wikidata": "Q111304814",
    "lon": 139.718266,
    "lat": 35.736203,
    "x": -4385.1,
    "z": -6085.1,
    "distance": 196,
    "station": 12,
    "stationName": "Ikebukuro",
    "fromStation": 933,
    "picked": false
   },
   "geometry": {
    "type": "Point",
    "coordinates": [
     139.718266,
     35.736203
    ]
   }
  },
  {
   "type": "Feature",
   "properties": {
    "id": "osm-node-9719696821",
    "osmType": "node",
    "osmId": 9719696821,
    "name": "松秀寺",
    "nameEn": null,
    "family": "worship",
    "kind": "templeRoof",
    "wikidata": "Q111903479",
    "lon": 139.73338,
    "lat": 35.64278,
    "x": -2993.4,
    "z": 4276.3,
    "distance": 878,
    "station": 25,
    "stationName": "Takanawa Gateway",
    "fromStation": 1040,
    "picked": false
   },
   "geometry": {
    "type": "Point",
    "coordinates": [
     139.73338,
     35.64278
    ]
   }
  },
  {
   "type": "Feature",
   "properties": {
    "id": "osm-node-9719748889",
    "osmType": "node",
    "osmId": 9719748889,
    "name": "明王院",
    "nameEn": null,
    "family": "worship",
    "kind": "templeRoof",
    "wikidata": "Q111904873",
    "lon": 139.739044,
    "lat": 35.644909,
    "x": -2481,
    "z": 4038.8,
    "distance": 463,
    "station": 26,
    "stationName": "Tamachi",
    "fromStation": 787,
    "picked": false
   },
   "geometry": {
    "type": "Point",
    "coordinates": [
     139.739044,
     35.644909
    ]
   }
  },
  {
   "type": "Feature",
   "properties": {
    "id": "osm-node-9720258837",
    "osmType": "node",
    "osmId": 9720258837,
    "name": "仙翁寺",
    "nameEn": null,
    "family": "worship",
    "kind": "templeRoof",
    "wikidata": "Q111904785",
    "lon": 139.738969,
    "lat": 35.64393,
    "x": -2487.5,
    "z": 4147.4,
    "distance": 423,
    "station": 26,
    "stationName": "Tamachi",
    "fromStation": 814,
    "picked": false
   },
   "geometry": {
    "type": "Point",
    "coordinates": [
     139.738969,
     35.64393
    ]
   }
  },
  {
   "type": "Feature",
   "properties": {
    "id": "osm-node-9721828215",
    "osmType": "node",
    "osmId": 9721828215,
    "name": "宗円寺",
    "nameEn": null,
    "family": "worship",
    "kind": "templeRoof",
    "wikidata": "Q111992366",
    "lon": 139.788683,
    "lat": 35.709868,
    "x": 1993,
    "z": -3180,
    "distance": 1182,
    "station": 4,
    "stationName": "Ueno",
    "fromStation": 1213,
    "picked": false
   },
   "geometry": {
    "type": "Point",
    "coordinates": [
     139.788683,
     35.709868
    ]
   }
  },
  {
   "type": "Feature",
   "properties": {
    "id": "osm-node-9721929327",
    "osmType": "node",
    "osmId": 9721929327,
    "name": "常福寺",
    "nameEn": null,
    "family": "worship",
    "kind": "templeRoof",
    "wikidata": "Q111991285",
    "lon": 139.788543,
    "lat": 35.708886,
    "x": 1980.7,
    "z": -3071,
    "distance": 1233,
    "station": 4,
    "stationName": "Ueno",
    "fromStation": 1243,
    "picked": false
   },
   "geometry": {
    "type": "Point",
    "coordinates": [
     139.788543,
     35.708886
    ]
   }
  },
  {
   "type": "Feature",
   "properties": {
    "id": "osm-node-9721941208",
    "osmType": "node",
    "osmId": 9721941208,
    "name": "覚音寺",
    "nameEn": null,
    "family": "worship",
    "kind": "templeRoof",
    "wikidata": "Q111989569",
    "lon": 139.785531,
    "lat": 35.708148,
    "x": 1708.3,
    "z": -2988.3,
    "distance": 965,
    "station": 3,
    "stationName": "Okachimachi",
    "fromStation": 997,
    "picked": false
   },
   "geometry": {
    "type": "Point",
    "coordinates": [
     139.785531,
     35.708148
    ]
   }
  },
  {
   "type": "Feature",
   "properties": {
    "id": "osm-node-9721941209",
    "osmType": "node",
    "osmId": 9721941209,
    "name": "最尊寺",
    "nameEn": null,
    "family": "worship",
    "kind": "templeRoof",
    "wikidata": "Q111989861",
    "lon": 139.785882,
    "lat": 35.708122,
    "x": 1740.1,
    "z": -2985.5,
    "distance": 997,
    "station": 3,
    "stationName": "Okachimachi",
    "fromStation": 1028,
    "picked": false
   },
   "geometry": {
    "type": "Point",
    "coordinates": [
     139.785882,
     35.708122
    ]
   }
  },
  {
   "type": "Feature",
   "properties": {
    "id": "osm-node-9721959535",
    "osmType": "node",
    "osmId": 9721959535,
    "name": "等光寺",
    "nameEn": null,
    "family": "worship",
    "kind": "templeRoof",
    "wikidata": "Q111994524",
    "lon": 139.790666,
    "lat": 35.710839,
    "x": 2172.1,
    "z": -3288.3,
    "distance": 1264,
    "station": 4,
    "stationName": "Ueno",
    "fromStation": 1354,
    "picked": false
   },
   "geometry": {
    "type": "Point",
    "coordinates": [
     139.790666,
     35.710839
    ]
   }
  },
  {
   "type": "Feature",
   "properties": {
    "id": "osm-node-9721969094",
    "osmType": "node",
    "osmId": 9721969094,
    "name": "不動院",
    "nameEn": null,
    "family": "worship",
    "kind": "templeRoof",
    "wikidata": "Q111991691",
    "lon": 139.789146,
    "lat": 35.708729,
    "x": 2035.3,
    "z": -3053.7,
    "distance": 1288,
    "station": 4,
    "stationName": "Ueno",
    "fromStation": 1300,
    "picked": false
   },
   "geometry": {
    "type": "Point",
    "coordinates": [
     139.789146,
     35.708729
    ]
   }
  },
  {
   "type": "Feature",
   "properties": {
    "id": "osm-node-9738901867",
    "osmType": "node",
    "osmId": 9738901867,
    "name": "柄井川柳碑",
    "nameEn": null,
    "family": "historic",
    "kind": "museumFacade",
    "wikidata": "Q111991044",
    "lon": 139.78683,
    "lat": 35.708785,
    "x": 1825.7,
    "z": -3059.4,
    "distance": 1081,
    "station": 4,
    "stationName": "Ueno",
    "fromStation": 1109,
    "picked": false
   },
   "geometry": {
    "type": "Point",
    "coordinates": [
     139.78683,
     35.708785
    ]
   }
  },
  {
   "type": "Feature",
   "properties": {
    "id": "osm-node-9739564723",
    "osmType": "node",
    "osmId": 9739564723,
    "name": "来應寺",
    "nameEn": null,
    "family": "worship",
    "kind": "templeRoof",
    "wikidata": "Q111994838",
    "lon": 139.790554,
    "lat": 35.711417,
    "x": 2161.8,
    "z": -3352.3,
    "distance": 1220,
    "station": 4,
    "stationName": "Ueno",
    "fromStation": 1331,
    "picked": false
   },
   "geometry": {
    "type": "Point",
    "coordinates": [
     139.790554,
     35.711417
    ]
   }
  },
  {
   "type": "Feature",
   "properties": {
    "id": "osm-node-9756193113",
    "osmType": "node",
    "osmId": 9756193113,
    "name": "光岳院",
    "nameEn": null,
    "family": "worship",
    "kind": "templeRoof",
    "wikidata": "Q112083732",
    "lon": 139.747323,
    "lat": 35.665111,
    "x": -1736.9,
    "z": 1795.7,
    "distance": 981,
    "station": 28,
    "stationName": "Shimbashi",
    "fromStation": 981,
    "picked": false
   },
   "geometry": {
    "type": "Point",
    "coordinates": [
     139.747323,
     35.665111
    ]
   }
  },
  {
   "type": "Feature",
   "properties": {
    "id": "osm-node-9756193114",
    "osmType": "node",
    "osmId": 9756193114,
    "name": "榮閑院",
    "nameEn": null,
    "family": "worship",
    "kind": "templeRoof",
    "wikidata": "Q97376113",
    "lon": 139.747979,
    "lat": 35.665158,
    "x": -1677.5,
    "z": 1790.4,
    "distance": 922,
    "station": 28,
    "stationName": "Shimbashi",
    "fromStation": 922,
    "picked": false
   },
   "geometry": {
    "type": "Point",
    "coordinates": [
     139.747979,
     35.665158
    ]
   }
  },
  {
   "type": "Feature",
   "properties": {
    "id": "osm-node-9756193115",
    "osmType": "node",
    "osmId": 9756193115,
    "name": "榮立院",
    "nameEn": null,
    "family": "worship",
    "kind": "templeRoof",
    "wikidata": "Q112083793",
    "lon": 139.747241,
    "lat": 35.664918,
    "x": -1744.4,
    "z": 1817.2,
    "distance": 992,
    "station": 28,
    "stationName": "Shimbashi",
    "fromStation": 992,
    "picked": false
   },
   "geometry": {
    "type": "Point",
    "coordinates": [
     139.747241,
     35.664918
    ]
   }
  },
  {
   "type": "Feature",
   "properties": {
    "id": "osm-node-9756199905",
    "osmType": "node",
    "osmId": 9756199905,
    "name": "寶瑞院",
    "nameEn": null,
    "family": "worship",
    "kind": "templeRoof",
    "wikidata": "Q112084078",
    "lon": 139.747413,
    "lat": 35.665454,
    "x": -1728.9,
    "z": 1757.6,
    "distance": 969,
    "station": 28,
    "stationName": "Shimbashi",
    "fromStation": 970,
    "picked": false
   },
   "geometry": {
    "type": "Point",
    "coordinates": [
     139.747413,
     35.665454
    ]
   }
  },
  {
   "type": "Feature",
   "properties": {
    "id": "osm-node-9789522979",
    "osmType": "node",
    "osmId": 9789522979,
    "name": "本松寺",
    "nameEn": null,
    "family": "worship",
    "kind": "templeRoof",
    "wikidata": "Q115121919",
    "lon": 139.720832,
    "lat": 35.703913,
    "x": -4145,
    "z": -2503.4,
    "distance": 1761,
    "station": 14,
    "stationName": "Takadanobaba",
    "fromStation": 1831,
    "picked": false
   },
   "geometry": {
    "type": "Point",
    "coordinates": [
     139.720832,
     35.703913
    ]
   }
  },
  {
   "type": "Feature",
   "properties": {
    "id": "osm-node-9789522980",
    "osmType": "node",
    "osmId": 9789522980,
    "name": "妙泉寺",
    "nameEn": null,
    "family": "worship",
    "kind": "templeRoof",
    "wikidata": "Q115116545",
    "lon": 139.720623,
    "lat": 35.703898,
    "x": -4163.9,
    "z": -2501.6,
    "distance": 1743,
    "station": 14,
    "stationName": "Takadanobaba",
    "fromStation": 1816,
    "picked": false
   },
   "geometry": {
    "type": "Point",
    "coordinates": [
     139.720623,
     35.703898
    ]
   }
  },
  {
   "type": "Feature",
   "properties": {
    "id": "osm-node-9789522985",
    "osmType": "node",
    "osmId": 9789522985,
    "name": "専念寺",
    "nameEn": null,
    "family": "worship",
    "kind": "templeRoof",
    "wikidata": "Q115136730",
    "lon": 139.722216,
    "lat": 35.702129,
    "x": -4019.2,
    "z": -2305.8,
    "distance": 1935,
    "station": 15,
    "stationName": "Shin-Okubo",
    "fromStation": 1986,
    "picked": false
   },
   "geometry": {
    "type": "Point",
    "coordinates": [
     139.722216,
     35.702129
    ]
   }
  },
  {
   "type": "Feature",
   "properties": {
    "id": "osm-node-9823900706",
    "osmType": "node",
    "osmId": 9823900706,
    "name": "稱仰院",
    "nameEn": null,
    "family": "worship",
    "kind": "templeRoof",
    "wikidata": "Q112607593",
    "lon": 139.767647,
    "lat": 35.710881,
    "x": 89.3,
    "z": -3286.9,
    "distance": 633,
    "station": 3,
    "stationName": "Okachimachi",
    "fromStation": 766,
    "picked": false
   },
   "geometry": {
    "type": "Point",
    "coordinates": [
     139.767647,
     35.710881
    ]
   }
  },
  {
   "type": "Feature",
   "properties": {
    "id": "osm-node-9829891086",
    "osmType": "node",
    "osmId": 9829891086,
    "name": "本法寺",
    "nameEn": null,
    "family": "worship",
    "kind": "templeRoof",
    "wikidata": "Q43594306",
    "lon": 139.790135,
    "lat": 35.709527,
    "x": 2124.5,
    "z": -3142.5,
    "distance": 1310,
    "station": 4,
    "stationName": "Ueno",
    "fromStation": 1349,
    "picked": false
   },
   "geometry": {
    "type": "Point",
    "coordinates": [
     139.790135,
     35.709527
    ]
   }
  },
  {
   "type": "Feature",
   "properties": {
    "id": "osm-node-9830692895",
    "osmType": "node",
    "osmId": 9830692895,
    "name": "唯念寺",
    "nameEn": null,
    "family": "worship",
    "kind": "templeRoof",
    "wikidata": "Q105699095",
    "lon": 139.783504,
    "lat": 35.710837,
    "x": 1524,
    "z": -3286.1,
    "distance": 733,
    "station": 4,
    "stationName": "Ueno",
    "fromStation": 738,
    "picked": false
   },
   "geometry": {
    "type": "Point",
    "coordinates": [
     139.783504,
     35.710837
    ]
   }
  },
  {
   "type": "Feature",
   "properties": {
    "id": "osm-node-9894232313",
    "osmType": "node",
    "osmId": 9894232313,
    "name": "本照寺",
    "nameEn": null,
    "family": "worship",
    "kind": "templeRoof",
    "wikidata": "Q97165464",
    "lon": 139.74189,
    "lat": 35.617335,
    "x": -2215.8,
    "z": 7097.3,
    "distance": 484,
    "station": 23,
    "stationName": "Osaki",
    "fromStation": 1212,
    "picked": false
   },
   "geometry": {
    "type": "Point",
    "coordinates": [
     139.74189,
     35.617335
    ]
   }
  },
  {
   "type": "Feature",
   "properties": {
    "id": "osm-node-9894397312",
    "osmType": "node",
    "osmId": 9894397312,
    "name": "蓮長寺",
    "nameEn": null,
    "family": "worship",
    "kind": "templeRoof",
    "wikidata": "Q30930442",
    "lon": 139.741904,
    "lat": 35.615156,
    "x": -2213.9,
    "z": 7339,
    "distance": 606,
    "station": 23,
    "stationName": "Osaki",
    "fromStation": 1283,
    "picked": false
   },
   "geometry": {
    "type": "Point",
    "coordinates": [
     139.741904,
     35.615156
    ]
   }
  },
  {
   "type": "Feature",
   "properties": {
    "id": "osm-node-9894426977",
    "osmType": "node",
    "osmId": 9894426977,
    "name": "本榮寺",
    "nameEn": null,
    "family": "worship",
    "kind": "templeRoof",
    "wikidata": "Q30929638",
    "lon": 139.742203,
    "lat": 35.615177,
    "x": -2186.8,
    "z": 7336.6,
    "distance": 626,
    "station": 23,
    "stationName": "Osaki",
    "fromStation": 1308,
    "picked": false
   },
   "geometry": {
    "type": "Point",
    "coordinates": [
     139.742203,
     35.615177
    ]
   }
  },
  {
   "type": "Feature",
   "properties": {
    "id": "osm-node-9894437007",
    "osmType": "node",
    "osmId": 9894437007,
    "name": "本覚寺",
    "nameEn": null,
    "family": "worship",
    "kind": "templeRoof",
    "wikidata": "Q97165496",
    "lon": 139.742647,
    "lat": 35.615222,
    "x": -2146.7,
    "z": 7331.6,
    "distance": 656,
    "station": 23,
    "stationName": "Osaki",
    "fromStation": 1343,
    "picked": false
   },
   "geometry": {
    "type": "Point",
    "coordinates": [
     139.742647,
     35.615222
    ]
   }
  },
  {
   "type": "Feature",
   "properties": {
    "id": "osm-node-9894441805",
    "osmType": "node",
    "osmId": 9894441805,
    "name": "妙蓮寺",
    "nameEn": null,
    "family": "worship",
    "kind": "templeRoof",
    "wikidata": "Q97164868",
    "lon": 139.741489,
    "lat": 35.61512,
    "x": -2251.5,
    "z": 7343.2,
    "distance": 578,
    "station": 23,
    "stationName": "Osaki",
    "fromStation": 1250,
    "picked": false
   },
   "geometry": {
    "type": "Point",
    "coordinates": [
     139.741489,
     35.61512
    ]
   }
  },
  {
   "type": "Feature",
   "properties": {
    "id": "osm-node-9894460162",
    "osmType": "node",
    "osmId": 9894460162,
    "name": "心海寺",
    "nameEn": null,
    "family": "worship",
    "kind": "templeRoof",
    "wikidata": "Q97165265",
    "lon": 139.742642,
    "lat": 35.614419,
    "x": -2146.8,
    "z": 7420.6,
    "distance": 708,
    "station": 23,
    "stationName": "Osaki",
    "fromStation": 1377,
    "picked": false
   },
   "geometry": {
    "type": "Point",
    "coordinates": [
     139.742642,
     35.614419
    ]
   }
  },
  {
   "type": "Feature",
   "properties": {
    "id": "osm-node-9963091511",
    "osmType": "node",
    "osmId": 9963091511,
    "name": "末廣稲荷大明神",
    "nameEn": null,
    "family": "worship",
    "kind": "templeRoof",
    "wikidata": "Q113634745",
    "lon": 139.750808,
    "lat": 35.664771,
    "x": -1421.4,
    "z": 1832.7,
    "distance": 675,
    "station": 28,
    "stationName": "Shimbashi",
    "fromStation": 677,
    "picked": false
   },
   "geometry": {
    "type": "Point",
    "coordinates": [
     139.750808,
     35.664771
    ]
   }
  },
  {
   "type": "Feature",
   "properties": {
    "id": "osm-node-9963091512",
    "osmType": "node",
    "osmId": 9963091512,
    "name": "鏡照院",
    "nameEn": null,
    "family": "worship",
    "kind": "templeRoof",
    "wikidata": "Q113634723",
    "lon": 139.750757,
    "lat": 35.664769,
    "x": -1425.9,
    "z": 1832.8,
    "distance": 680,
    "station": 28,
    "stationName": "Shimbashi",
    "fromStation": 681,
    "picked": false
   },
   "geometry": {
    "type": "Point",
    "coordinates": [
     139.750757,
     35.664769
    ]
   }
  },
  {
   "type": "Feature",
   "properties": {
    "id": "osm-node-9963109571",
    "osmType": "node",
    "osmId": 9963109571,
    "name": "善処稲荷大明神",
    "nameEn": null,
    "family": "worship",
    "kind": "templeRoof",
    "wikidata": "Q113634793",
    "lon": 139.754666,
    "lat": 35.665706,
    "x": -1072.3,
    "z": 1728,
    "distance": 314,
    "station": 28,
    "stationName": "Shimbashi",
    "fromStation": 314,
    "picked": false
   },
   "geometry": {
    "type": "Point",
    "coordinates": [
     139.754666,
     35.665706
    ]
   }
  },
  {
   "type": "Feature",
   "properties": {
    "id": "osm-node-9963119666",
    "osmType": "node",
    "osmId": 9963119666,
    "name": "田村銀杏稲荷大明神",
    "nameEn": null,
    "family": "worship",
    "kind": "templeRoof",
    "wikidata": "Q113634852",
    "lon": 139.754758,
    "lat": 35.664144,
    "x": -1063.5,
    "z": 1901.3,
    "distance": 329,
    "station": 28,
    "stationName": "Shimbashi",
    "fromStation": 376,
    "picked": false
   },
   "geometry": {
    "type": "Point",
    "coordinates": [
     139.754758,
     35.664144
    ]
   }
  },
  {
   "type": "Feature",
   "properties": {
    "id": "osm-node-10120011679",
    "osmType": "node",
    "osmId": 10120011679,
    "name": "福狩稲荷",
    "nameEn": null,
    "family": "historic",
    "kind": "museumFacade",
    "wikidata": "Q114821906",
    "lon": 139.758702,
    "lat": 35.71124,
    "x": -720.2,
    "z": -3324.6,
    "distance": 1444,
    "station": 3,
    "stationName": "Okachimachi",
    "fromStation": 1516,
    "picked": false
   },
   "geometry": {
    "type": "Point",
    "coordinates": [
     139.758702,
     35.71124
    ]
   }
  },
  {
   "type": "Feature",
   "properties": {
    "id": "osm-node-10123420295",
    "osmType": "node",
    "osmId": 10123420295,
    "name": "雲照寺",
    "nameEn": null,
    "family": "worship",
    "kind": "templeRoof",
    "wikidata": "Q106836706",
    "lon": 139.682317,
    "lat": 35.671605,
    "x": -7623.6,
    "z": 1088.1,
    "distance": 1830,
    "station": 18,
    "stationName": "Harajuku",
    "fromStation": 1831,
    "picked": false
   },
   "geometry": {
    "type": "Point",
    "coordinates": [
     139.682317,
     35.671605
    ]
   }
  },
  {
   "type": "Feature",
   "properties": {
    "id": "osm-node-10153758246",
    "osmType": "node",
    "osmId": 10153758246,
    "name": "正法寺",
    "nameEn": null,
    "family": "worship",
    "kind": "templeRoof",
    "wikidata": "Q115100762",
    "lon": 139.721744,
    "lat": 35.705241,
    "x": -4062.8,
    "z": -2650.9,
    "distance": 1799,
    "station": 14,
    "stationName": "Takadanobaba",
    "fromStation": 1830,
    "picked": false
   },
   "geometry": {
    "type": "Point",
    "coordinates": [
     139.721744,
     35.705241
    ]
   }
  },
  {
   "type": "Feature",
   "properties": {
    "id": "osm-node-10153806924",
    "osmType": "node",
    "osmId": 10153806924,
    "name": "龍泉院",
    "nameEn": null,
    "family": "worship",
    "kind": "templeRoof",
    "wikidata": "Q115102813",
    "lon": 139.718717,
    "lat": 35.706987,
    "x": -4337.1,
    "z": -2844,
    "distance": 1482,
    "station": 14,
    "stationName": "Takadanobaba",
    "fromStation": 1499,
    "picked": false
   },
   "geometry": {
    "type": "Point",
    "coordinates": [
     139.718717,
     35.706987
    ]
   }
  },
  {
   "type": "Feature",
   "properties": {
    "id": "osm-node-10153811506",
    "osmType": "node",
    "osmId": 10153811506,
    "name": "専行寺",
    "nameEn": null,
    "family": "worship",
    "kind": "templeRoof",
    "wikidata": "Q107922274",
    "lon": 139.722375,
    "lat": 35.700382,
    "x": -4004.5,
    "z": -2111.9,
    "distance": 2000,
    "station": 15,
    "stationName": "Shin-Okubo",
    "fromStation": 2001,
    "picked": false
   },
   "geometry": {
    "type": "Point",
    "coordinates": [
     139.722375,
     35.700382
    ]
   }
  },
  {
   "type": "Feature",
   "properties": {
    "id": "osm-node-10153811507",
    "osmType": "node",
    "osmId": 10153811507,
    "name": "積徳寺",
    "nameEn": null,
    "family": "worship",
    "kind": "templeRoof",
    "wikidata": "Q115148280",
    "lon": 139.721945,
    "lat": 35.700471,
    "x": -4043.4,
    "z": -2121.8,
    "distance": 1960,
    "station": 15,
    "stationName": "Shin-Okubo",
    "fromStation": 1961,
    "picked": false
   },
   "geometry": {
    "type": "Point",
    "coordinates": [
     139.721945,
     35.700471
    ]
   }
  },
  {
   "type": "Feature",
   "properties": {
    "id": "osm-node-10158318764",
    "osmType": "node",
    "osmId": 10158318764,
    "name": "三峯神社",
    "nameEn": null,
    "family": "worship",
    "kind": "templeRoof",
    "wikidata": "Q115187053",
    "lon": 139.78267,
    "lat": 35.735073,
    "x": 1440.9,
    "z": -5974.7,
    "distance": 1331,
    "station": 6,
    "stationName": "Nippori",
    "fromStation": 1361,
    "picked": false
   },
   "geometry": {
    "type": "Point",
    "coordinates": [
     139.78267,
     35.735073
    ]
   }
  },
  {
   "type": "Feature",
   "properties": {
    "id": "osm-node-10158318765",
    "osmType": "node",
    "osmId": 10158318765,
    "name": "袈裟塚の耳無不動",
    "nameEn": null,
    "family": "historic",
    "kind": "museumFacade",
    "wikidata": "Q115187122",
    "lon": 139.782632,
    "lat": 35.735054,
    "x": 1437.4,
    "z": -5972.5,
    "distance": 1327,
    "station": 6,
    "stationName": "Nippori",
    "fromStation": 1357,
    "picked": false
   },
   "geometry": {
    "type": "Point",
    "coordinates": [
     139.782632,
     35.735054
    ]
   }
  },
  {
   "type": "Feature",
   "properties": {
    "id": "osm-node-10158820519",
    "osmType": "node",
    "osmId": 10158820519,
    "name": "馬場子育稲荷大明神",
    "nameEn": null,
    "family": "worship",
    "kind": "templeRoof",
    "wikidata": "Q115190414",
    "lon": 139.76336,
    "lat": 35.752784,
    "x": -311.1,
    "z": -7934.7,
    "distance": 1484,
    "station": 8,
    "stationName": "Tabata",
    "fromStation": 1718,
    "picked": false
   },
   "geometry": {
    "type": "Point",
    "coordinates": [
     139.76336,
     35.752784
    ]
   }
  },
  {
   "type": "Feature",
   "properties": {
    "id": "osm-node-10163996662",
    "osmType": "node",
    "osmId": 10163996662,
    "name": "勝どき・豊海歴史資料展示館",
    "nameEn": "Kachidoki-Toyoumi Historical Materials Exhibition Hall",
    "family": "museum",
    "kind": "museumFacade",
    "wikidata": null,
    "lon": 139.776216,
    "lat": 35.659067,
    "x": 880.8,
    "z": 2459.2,
    "distance": 1621,
    "station": 27,
    "stationName": "Hamamatsucho",
    "fromStation": 1791,
    "picked": true
   },
   "geometry": {
    "type": "Point",
    "coordinates": [
     139.776216,
     35.659067
    ]
   }
  },
  {
   "type": "Feature",
   "properties": {
    "id": "osm-node-10271111779",
    "osmType": "node",
    "osmId": 10271111779,
    "name": "Art Aquarium Museum GINZA",
    "nameEn": "Art Aquarium Museum GINZA",
    "family": "museum",
    "kind": "museumFacade",
    "wikidata": "Q116921556",
    "lon": 139.765708,
    "lat": 35.67138,
    "x": -74.3,
    "z": 1095.9,
    "distance": 456,
    "station": 29,
    "stationName": "Yurakucho",
    "fromStation": 466,
    "picked": false
   },
   "geometry": {
    "type": "Point",
    "coordinates": [
     139.765708,
     35.67138
    ]
   }
  },
  {
   "type": "Feature",
   "properties": {
    "id": "osm-node-10285630891",
    "osmType": "node",
    "osmId": 10285630891,
    "name": "四本木稲荷神社",
    "nameEn": null,
    "family": "worship",
    "kind": "templeRoof",
    "wikidata": "Q22118972",
    "lon": 139.729161,
    "lat": 35.749707,
    "x": -3403.2,
    "z": -7585.6,
    "distance": 1923,
    "station": 11,
    "stationName": "Otsuka",
    "fromStation": 2006,
    "picked": false
   },
   "geometry": {
    "type": "Point",
    "coordinates": [
     139.729161,
     35.749707
    ]
   }
  },
  {
   "type": "Feature",
   "properties": {
    "id": "osm-node-10289966935",
    "osmType": "node",
    "osmId": 10289966935,
    "name": "東京アニメセンター",
    "nameEn": "Tokyo Anime Center",
    "family": "museum",
    "kind": "museumFacade",
    "wikidata": "Q6128676",
    "lon": 139.70057,
    "lat": 35.661394,
    "x": -5968.8,
    "z": 2217.7,
    "distance": 71,
    "station": 19,
    "stationName": "Shibuya",
    "fromStation": 383,
    "picked": true
   },
   "geometry": {
    "type": "Point",
    "coordinates": [
     139.70057,
     35.661394
    ]
   }
  },
  {
   "type": "Feature",
   "properties": {
    "id": "osm-node-10314076038",
    "osmType": "node",
    "osmId": 10314076038,
    "name": "正法寺",
    "nameEn": null,
    "family": "worship",
    "kind": "templeRoof",
    "wikidata": "Q30929015",
    "lon": 139.80156,
    "lat": 35.7202,
    "x": 3154.7,
    "z": -4329.7,
    "distance": 1980,
    "station": 5,
    "stationName": "Uguisudani",
    "fromStation": 2147,
    "picked": false
   },
   "geometry": {
    "type": "Point",
    "coordinates": [
     139.80156,
     35.7202
    ]
   }
  },
  {
   "type": "Feature",
   "properties": {
    "id": "osm-node-10610473162",
    "osmType": "node",
    "osmId": 10610473162,
    "name": "長善寺",
    "nameEn": null,
    "family": "worship",
    "kind": "templeRoof",
    "wikidata": "Q106902555",
    "lon": 139.71481,
    "lat": 35.690103,
    "x": -4686.5,
    "z": -970,
    "distance": 1297,
    "station": 16,
    "stationName": "Shinjuku",
    "fromStation": 1316,
    "picked": false
   },
   "geometry": {
    "type": "Point",
    "coordinates": [
     139.71481,
     35.690103
    ]
   }
  },
  {
   "type": "Feature",
   "properties": {
    "id": "osm-node-10806528645",
    "osmType": "node",
    "osmId": 10806528645,
    "name": "日本浮世絵博物館　東京",
    "nameEn": null,
    "family": "museum",
    "kind": "museumFacade",
    "wikidata": null,
    "lon": 139.794617,
    "lat": 35.711711,
    "x": 2529.3,
    "z": -3386,
    "distance": 1526,
    "station": 4,
    "stationName": "Ueno",
    "fromStation": 1690,
    "picked": false
   },
   "geometry": {
    "type": "Point",
    "coordinates": [
     139.794617,
     35.711711
    ]
   }
  },
  {
   "type": "Feature",
   "properties": {
    "id": "osm-node-10875818018",
    "osmType": "node",
    "osmId": 10875818018,
    "name": "食とくらしの小さな博物館",
    "nameEn": "A small museum of food and life",
    "family": "museum",
    "kind": "museumFacade",
    "wikidata": null,
    "lon": 139.732884,
    "lat": 35.632912,
    "x": -3035.7,
    "z": 5371.1,
    "distance": 572,
    "station": 24,
    "stationName": "Shinagawa",
    "fromStation": 685,
    "picked": false
   },
   "geometry": {
    "type": "Point",
    "coordinates": [
     139.732884,
     35.632912
    ]
   }
  },
  {
   "type": "Feature",
   "properties": {
    "id": "osm-node-10933634354",
    "osmType": "node",
    "osmId": 10933634354,
    "name": "早稲田スポーツミュージアム",
    "nameEn": "Waseda Sports Museum",
    "family": "museum",
    "kind": "museumFacade",
    "wikidata": null,
    "lon": 139.716978,
    "lat": 35.706188,
    "x": -4494.2,
    "z": -2755,
    "distance": 1355,
    "station": 14,
    "stationName": "Takadanobaba",
    "fromStation": 1402,
    "picked": false
   },
   "geometry": {
    "type": "Point",
    "coordinates": [
     139.716978,
     35.706188
    ]
   }
  },
  {
   "type": "Feature",
   "properties": {
    "id": "osm-node-11074541976",
    "osmType": "node",
    "osmId": 11074541976,
    "name": "善仁寺",
    "nameEn": null,
    "family": "worship",
    "kind": "templeRoof",
    "wikidata": "Q106836770",
    "lon": 139.743836,
    "lat": 35.715632,
    "x": -2066.5,
    "z": -3808.4,
    "distance": 1931,
    "station": 10,
    "stationName": "Sugamo",
    "fromStation": 2006,
    "picked": false
   },
   "geometry": {
    "type": "Point",
    "coordinates": [
     139.743836,
     35.715632
    ]
   }
  },
  {
   "type": "Feature",
   "properties": {
    "id": "osm-node-11083151042",
    "osmType": "node",
    "osmId": 11083151042,
    "name": "大雲寺",
    "nameEn": null,
    "family": "worship",
    "kind": "templeRoof",
    "wikidata": "Q106836767",
    "lon": 139.74504,
    "lat": 35.717338,
    "x": -1958.1,
    "z": -3997.9,
    "distance": 1810,
    "station": 10,
    "stationName": "Sugamo",
    "fromStation": 1848,
    "picked": false
   },
   "geometry": {
    "type": "Point",
    "coordinates": [
     139.74504,
     35.717338
    ]
   }
  },
  {
   "type": "Feature",
   "properties": {
    "id": "osm-node-11108994428",
    "osmType": "node",
    "osmId": 11108994428,
    "name": "青原寺",
    "nameEn": null,
    "family": "worship",
    "kind": "templeRoof",
    "wikidata": "Q97310748",
    "lon": 139.680379,
    "lat": 35.70941,
    "x": -7806.7,
    "z": -3105.7,
    "distance": 1927,
    "station": 15,
    "stationName": "Shin-Okubo",
    "fromStation": 2014,
    "picked": false
   },
   "geometry": {
    "type": "Point",
    "coordinates": [
     139.680379,
     35.70941
    ]
   }
  },
  {
   "type": "Feature",
   "properties": {
    "id": "osm-node-11129056358",
    "osmType": "node",
    "osmId": 11129056358,
    "name": "教誓寺",
    "nameEn": null,
    "family": "worship",
    "kind": "templeRoof",
    "wikidata": "Q122010554",
    "lon": 139.739144,
    "lat": 35.652417,
    "x": -2474,
    "z": 3205.9,
    "distance": 1037,
    "station": 26,
    "stationName": "Tamachi",
    "fromStation": 1069,
    "picked": false
   },
   "geometry": {
    "type": "Point",
    "coordinates": [
     139.739144,
     35.652417
    ]
   }
  },
  {
   "type": "Feature",
   "properties": {
    "id": "osm-node-11129071902",
    "osmType": "node",
    "osmId": 11129071902,
    "name": "光善寺",
    "nameEn": null,
    "family": "worship",
    "kind": "templeRoof",
    "wikidata": "Q119927212",
    "lon": 139.733961,
    "lat": 35.652966,
    "x": -2943.5,
    "z": 3146.1,
    "distance": 1378,
    "station": 26,
    "stationName": "Tamachi",
    "fromStation": 1477,
    "picked": false
   },
   "geometry": {
    "type": "Point",
    "coordinates": [
     139.733961,
     35.652966
    ]
   }
  },
  {
   "type": "Feature",
   "properties": {
    "id": "osm-node-11129088468",
    "osmType": "node",
    "osmId": 11129088468,
    "name": "金蔵寺",
    "nameEn": null,
    "family": "worship",
    "kind": "templeRoof",
    "wikidata": "Q116831638",
    "lon": 139.734085,
    "lat": 35.653574,
    "x": -2932.4,
    "z": 3078.6,
    "distance": 1419,
    "station": 26,
    "stationName": "Tamachi",
    "fromStation": 1505,
    "picked": false
   },
   "geometry": {
    "type": "Point",
    "coordinates": [
     139.734085,
     35.653574
    ]
   }
  },
  {
   "type": "Feature",
   "properties": {
    "id": "osm-node-11129088469",
    "osmType": "node",
    "osmId": 11129088469,
    "name": "善光寺",
    "nameEn": null,
    "family": "worship",
    "kind": "templeRoof",
    "wikidata": "Q122161452",
    "lon": 139.733715,
    "lat": 35.653148,
    "x": -2965.8,
    "z": 3126,
    "distance": 1407,
    "station": 26,
    "stationName": "Tamachi",
    "fromStation": 1507,
    "picked": false
   },
   "geometry": {
    "type": "Point",
    "coordinates": [
     139.733715,
     35.653148
    ]
   }
  },
  {
   "type": "Feature",
   "properties": {
    "id": "osm-node-11129088470",
    "osmType": "node",
    "osmId": 11129088470,
    "name": "真福寺",
    "nameEn": null,
    "family": "worship",
    "kind": "templeRoof",
    "wikidata": "Q122163770",
    "lon": 139.733679,
    "lat": 35.653428,
    "x": -2969.1,
    "z": 3094.9,
    "distance": 1432,
    "station": 26,
    "stationName": "Tamachi",
    "fromStation": 1527,
    "picked": false
   },
   "geometry": {
    "type": "Point",
    "coordinates": [
     139.733679,
     35.653428
    ]
   }
  },
  {
   "type": "Feature",
   "properties": {
    "id": "osm-node-11129088471",
    "osmType": "node",
    "osmId": 11129088471,
    "name": "善正寺",
    "nameEn": null,
    "family": "worship",
    "kind": "templeRoof",
    "wikidata": "Q122164732",
    "lon": 139.733583,
    "lat": 35.653632,
    "x": -2977.9,
    "z": 3072.3,
    "distance": 1455,
    "station": 26,
    "stationName": "Tamachi",
    "fromStation": 1546,
    "picked": false
   },
   "geometry": {
    "type": "Point",
    "coordinates": [
     139.733583,
     35.653632
    ]
   }
  },
  {
   "type": "Feature",
   "properties": {
    "id": "osm-node-11129088472",
    "osmType": "node",
    "osmId": 11129088472,
    "name": "善通寺",
    "nameEn": null,
    "family": "worship",
    "kind": "templeRoof",
    "wikidata": "Q122165270",
    "lon": 139.73349,
    "lat": 35.653187,
    "x": -2986.2,
    "z": 3121.7,
    "distance": 1425,
    "station": 26,
    "stationName": "Tamachi",
    "fromStation": 1526,
    "picked": false
   },
   "geometry": {
    "type": "Point",
    "coordinates": [
     139.73349,
     35.653187
    ]
   }
  },
  {
   "type": "Feature",
   "properties": {
    "id": "osm-node-11129188727",
    "osmType": "node",
    "osmId": 11129188727,
    "name": "賢崇寺",
    "nameEn": null,
    "family": "worship",
    "kind": "templeRoof",
    "wikidata": "Q11635080",
    "lon": 139.733366,
    "lat": 35.654407,
    "x": -2997.7,
    "z": 2986.3,
    "distance": 1532,
    "station": 26,
    "stationName": "Tamachi",
    "fromStation": 1612,
    "picked": false
   },
   "geometry": {
    "type": "Point",
    "coordinates": [
     139.733366,
     35.654407
    ]
   }
  },
  {
   "type": "Feature",
   "properties": {
    "id": "osm-node-11129188728",
    "osmType": "node",
    "osmId": 11129188728,
    "name": "徳正寺",
    "nameEn": null,
    "family": "worship",
    "kind": "templeRoof",
    "wikidata": "Q122187018",
    "lon": 139.733608,
    "lat": 35.655151,
    "x": -2976,
    "z": 2903.7,
    "distance": 1581,
    "station": 26,
    "stationName": "Tamachi",
    "fromStation": 1646,
    "picked": false
   },
   "geometry": {
    "type": "Point",
    "coordinates": [
     139.733608,
     35.655151
    ]
   }
  },
  {
   "type": "Feature",
   "properties": {
    "id": "osm-node-11129188730",
    "osmType": "node",
    "osmId": 11129188730,
    "name": "長伝寺",
    "nameEn": null,
    "family": "worship",
    "kind": "templeRoof",
    "wikidata": "Q122188943",
    "lon": 139.732559,
    "lat": 35.654748,
    "x": -3070.9,
    "z": 2948.7,
    "distance": 1609,
    "station": 26,
    "stationName": "Tamachi",
    "fromStation": 1694,
    "picked": false
   },
   "geometry": {
    "type": "Point",
    "coordinates": [
     139.732559,
     35.654748
    ]
   }
  },
  {
   "type": "Feature",
   "properties": {
    "id": "osm-node-11129188731",
    "osmType": "node",
    "osmId": 11129188731,
    "name": "遍照寺",
    "nameEn": null,
    "family": "worship",
    "kind": "templeRoof",
    "wikidata": "Q122198139",
    "lon": 139.73041,
    "lat": 35.650486,
    "x": -3264.3,
    "z": 3422,
    "distance": 1451,
    "station": 26,
    "stationName": "Tamachi",
    "fromStation": 1649,
    "picked": false
   },
   "geometry": {
    "type": "Point",
    "coordinates": [
     139.73041,
     35.650486
    ]
   }
  },
  {
   "type": "Feature",
   "properties": {
    "id": "osm-node-11129188732",
    "osmType": "node",
    "osmId": 11129188732,
    "name": "称念寺",
    "nameEn": null,
    "family": "worship",
    "kind": "templeRoof",
    "wikidata": "Q122198204",
    "lon": 139.73077,
    "lat": 35.649755,
    "x": -3231.6,
    "z": 3503,
    "distance": 1380,
    "station": 26,
    "stationName": "Tamachi",
    "fromStation": 1594,
    "picked": false
   },
   "geometry": {
    "type": "Point",
    "coordinates": [
     139.73077,
     35.649755
    ]
   }
  },
  {
   "type": "Feature",
   "properties": {
    "id": "osm-node-11129188735",
    "osmType": "node",
    "osmId": 11129188735,
    "name": "佑浩寺",
    "nameEn": null,
    "family": "worship",
    "kind": "templeRoof",
    "wikidata": "Q119926710",
    "lon": 139.72345,
    "lat": 35.647681,
    "x": -3893.9,
    "z": 3734.6,
    "distance": 1147,
    "station": 20,
    "stationName": "Ebisu",
    "fromStation": 1209,
    "picked": false
   },
   "geometry": {
    "type": "Point",
    "coordinates": [
     139.72345,
     35.647681
    ]
   }
  },
  {
   "type": "Feature",
   "properties": {
    "id": "osm-node-11145437242",
    "osmType": "node",
    "osmId": 11145437242,
    "name": "光隆寺",
    "nameEn": null,
    "family": "worship",
    "kind": "templeRoof",
    "wikidata": "Q50418229",
    "lon": 139.730999,
    "lat": 35.656364,
    "x": -3212.6,
    "z": 2769.7,
    "distance": 1836,
    "station": 26,
    "stationName": "Tamachi",
    "fromStation": 1914,
    "picked": false
   },
   "geometry": {
    "type": "Point",
    "coordinates": [
     139.730999,
     35.656364
    ]
   }
  },
  {
   "type": "Feature",
   "properties": {
    "id": "osm-node-11164243227",
    "osmType": "node",
    "osmId": 11164243227,
    "name": "安藤記念教会",
    "nameEn": null,
    "family": "worship",
    "kind": "templeRoof",
    "wikidata": "Q122197784",
    "lon": 139.73053,
    "lat": 35.652402,
    "x": -3254,
    "z": 3209.4,
    "distance": 1567,
    "station": 26,
    "stationName": "Tamachi",
    "fromStation": 1719,
    "picked": false
   },
   "geometry": {
    "type": "Point",
    "coordinates": [
     139.73053,
     35.652402
    ]
   }
  },
  {
   "type": "Feature",
   "properties": {
    "id": "osm-node-11262093573",
    "osmType": "node",
    "osmId": 11262093573,
    "name": "The History Museum of J-Koreans",
    "nameEn": "History Museum of J-Koreans",
    "family": "museum",
    "kind": "museumFacade",
    "wikidata": "Q122929555",
    "lon": 139.737046,
    "lat": 35.651475,
    "x": -2663.7,
    "z": 3310.8,
    "distance": 1068,
    "station": 26,
    "stationName": "Tamachi",
    "fromStation": 1153,
    "picked": true
   },
   "geometry": {
    "type": "Point",
    "coordinates": [
     139.737046,
     35.651475
    ]
   }
  },
  {
   "type": "Feature",
   "properties": {
    "id": "osm-node-11334772769",
    "osmType": "node",
    "osmId": 11334772769,
    "name": "静嘉堂美術館",
    "nameEn": "Seikado Bunko Art Museum",
    "family": "museum",
    "kind": "museumFacade",
    "wikidata": null,
    "lon": 139.761404,
    "lat": 35.67878,
    "x": -466.1,
    "z": 276,
    "distance": 380,
    "station": 29,
    "stationName": "Yurakucho",
    "fromStation": 447,
    "picked": false
   },
   "geometry": {
    "type": "Point",
    "coordinates": [
     139.761404,
     35.67878
    ]
   }
  },
  {
   "type": "Feature",
   "properties": {
    "id": "osm-node-11499624953",
    "osmType": "node",
    "osmId": 11499624953,
    "name": "了善寺",
    "nameEn": null,
    "family": "worship",
    "kind": "templeRoof",
    "wikidata": "Q131990962",
    "lon": 139.754298,
    "lat": 35.649969,
    "x": -1101.1,
    "z": 3474,
    "distance": 48,
    "station": 27,
    "stationName": "Hamamatsucho",
    "fromStation": 622,
    "picked": false
   },
   "geometry": {
    "type": "Point",
    "coordinates": [
     139.754298,
     35.649969
    ]
   }
  },
  {
   "type": "Feature",
   "properties": {
    "id": "osm-node-11499641072",
    "osmType": "node",
    "osmId": 11499641072,
    "name": "圓珠寺",
    "nameEn": null,
    "family": "worship",
    "kind": "templeRoof",
    "wikidata": "Q131990894",
    "lon": 139.754479,
    "lat": 35.650077,
    "x": -1084.8,
    "z": 3462,
    "distance": 42,
    "station": 27,
    "stationName": "Hamamatsucho",
    "fromStation": 605,
    "picked": false
   },
   "geometry": {
    "type": "Point",
    "coordinates": [
     139.754479,
     35.650077
    ]
   }
  },
  {
   "type": "Feature",
   "properties": {
    "id": "osm-node-11499641095",
    "osmType": "node",
    "osmId": 11499641095,
    "name": "勧勝寺",
    "nameEn": null,
    "family": "worship",
    "kind": "templeRoof",
    "wikidata": "Q131932722",
    "lon": 139.754603,
    "lat": 35.651182,
    "x": -1073.9,
    "z": 3339.3,
    "distance": 94,
    "station": 27,
    "stationName": "Hamamatsucho",
    "fromStation": 489,
    "picked": false
   },
   "geometry": {
    "type": "Point",
    "coordinates": [
     139.754603,
     35.651182
    ]
   }
  },
  {
   "type": "Feature",
   "properties": {
    "id": "osm-node-11503128602",
    "osmType": "node",
    "osmId": 11503128602,
    "name": "サムライ忍者体験ミュージアム東京",
    "nameEn": "SAMURAI NINJA MUSEUM TOKYO With Experience",
    "family": "museum",
    "kind": "museumFacade",
    "wikidata": null,
    "lon": 139.791783,
    "lat": 35.711573,
    "x": 2272.9,
    "z": -3369.9,
    "distance": 1306,
    "station": 4,
    "stationName": "Ueno",
    "fromStation": 1438,
    "picked": false
   },
   "geometry": {
    "type": "Point",
    "coordinates": [
     139.791783,
     35.711573
    ]
   }
  },
  {
   "type": "Feature",
   "properties": {
    "id": "osm-node-11512273700",
    "osmType": "node",
    "osmId": 11512273700,
    "name": "teamLab Borderless Museum",
    "nameEn": "teamLab Borderless",
    "family": "museum",
    "kind": "museumFacade",
    "wikidata": "Q131314431",
    "lon": 139.743418,
    "lat": 35.662002,
    "x": -2089.6,
    "z": 2141.5,
    "distance": 1363,
    "station": 28,
    "stationName": "Shimbashi",
    "fromStation": 1406,
    "picked": false
   },
   "geometry": {
    "type": "Point",
    "coordinates": [
     139.743418,
     35.662002
    ]
   }
  },
  {
   "type": "Feature",
   "properties": {
    "id": "osm-node-11513601556",
    "osmType": "node",
    "osmId": 11513601556,
    "name": "HANASAKA STAND",
    "nameEn": null,
    "family": "museum",
    "kind": "museumFacade",
    "wikidata": null,
    "lon": 139.769477,
    "lat": 35.679813,
    "x": 264.3,
    "z": 159.4,
    "distance": 299,
    "station": 0,
    "stationName": "Tokyo",
    "fromStation": 309,
    "picked": false
   },
   "geometry": {
    "type": "Point",
    "coordinates": [
     139.769477,
     35.679813
    ]
   }
  },
  {
   "type": "Feature",
   "properties": {
    "id": "osm-node-11533489568",
    "osmType": "node",
    "osmId": 11533489568,
    "name": "瑞華院",
    "nameEn": null,
    "family": "worship",
    "kind": "templeRoof",
    "wikidata": "Q119928676",
    "lon": 139.723082,
    "lat": 35.655733,
    "x": -3929.2,
    "z": 2841.4,
    "distance": 1481,
    "station": 20,
    "stationName": "Ebisu",
    "fromStation": 1558,
    "picked": false
   },
   "geometry": {
    "type": "Point",
    "coordinates": [
     139.723082,
     35.655733
    ]
   }
  },
  {
   "type": "Feature",
   "properties": {
    "id": "osm-node-11583277392",
    "osmType": "node",
    "osmId": 11583277392,
    "name": "法円寺",
    "nameEn": null,
    "family": "worship",
    "kind": "templeRoof",
    "wikidata": "Q131932645",
    "lon": 139.754622,
    "lat": 35.651484,
    "x": -1072.2,
    "z": 3305.9,
    "distance": 107,
    "station": 27,
    "stationName": "Hamamatsucho",
    "fromStation": 458,
    "picked": false
   },
   "geometry": {
    "type": "Point",
    "coordinates": [
     139.754622,
     35.651484
    ]
   }
  },
  {
   "type": "Feature",
   "properties": {
    "id": "osm-node-11583277411",
    "osmType": "node",
    "osmId": 11583277411,
    "name": "瘡守稲荷大明神",
    "nameEn": null,
    "family": "worship",
    "kind": "templeRoof",
    "wikidata": "Q131925898",
    "lon": 139.752382,
    "lat": 35.653599,
    "x": -1275.7,
    "z": 3071.7,
    "distance": 376,
    "station": 27,
    "stationName": "Hamamatsucho",
    "fromStation": 454,
    "picked": false
   },
   "geometry": {
    "type": "Point",
    "coordinates": [
     139.752382,
     35.653599
    ]
   }
  },
  {
   "type": "Feature",
   "properties": {
    "id": "osm-node-11736273728",
    "osmType": "node",
    "osmId": 11736273728,
    "name": "港区立みなと科学館",
    "nameEn": "Minato Science Museum",
    "family": "museum",
    "kind": "museumFacade",
    "wikidata": null,
    "lon": 139.746011,
    "lat": 35.665584,
    "x": -1855.9,
    "z": 1743.6,
    "distance": 1094,
    "station": 28,
    "stationName": "Shimbashi",
    "fromStation": 1095,
    "picked": false
   },
   "geometry": {
    "type": "Point",
    "coordinates": [
     139.746011,
     35.665584
    ]
   }
  },
  {
   "type": "Feature",
   "properties": {
    "id": "osm-node-11993719386",
    "osmType": "node",
    "osmId": 11993719386,
    "name": "井上円了記念博物館",
    "nameEn": "Inoue Enryo Memorial Museum",
    "family": "museum",
    "kind": "museumFacade",
    "wikidata": "Q11527629",
    "lon": 139.749815,
    "lat": 35.723643,
    "x": -1527.8,
    "z": -4698.6,
    "distance": 1384,
    "station": 10,
    "stationName": "Sugamo",
    "fromStation": 1428,
    "picked": false
   },
   "geometry": {
    "type": "Point",
    "coordinates": [
     139.749815,
     35.723643
    ]
   }
  },
  {
   "type": "Feature",
   "properties": {
    "id": "osm-node-12049828662",
    "osmType": "node",
    "osmId": 12049828662,
    "name": "越前堀跡",
    "nameEn": null,
    "family": "historic",
    "kind": "museumFacade",
    "wikidata": "Q55521394",
    "lon": 139.782194,
    "lat": 35.676226,
    "x": 1416.6,
    "z": 554.1,
    "distance": 1508,
    "station": 0,
    "stationName": "Tokyo",
    "fromStation": 1521,
    "picked": false
   },
   "geometry": {
    "type": "Point",
    "coordinates": [
     139.782194,
     35.676226
    ]
   }
  },
  {
   "type": "Feature",
   "properties": {
    "id": "osm-node-12085101795",
    "osmType": "node",
    "osmId": 12085101795,
    "name": "しょうけい館",
    "nameEn": "War Wounded and Sick Historical Museum",
    "family": "museum",
    "kind": "museumFacade",
    "wikidata": "Q11269143",
    "lon": 139.751081,
    "lat": 35.697076,
    "x": -1405.8,
    "z": -1751.4,
    "distance": 1893,
    "station": 1,
    "stationName": "Kanda",
    "fromStation": 1893,
    "picked": false
   },
   "geometry": {
    "type": "Point",
    "coordinates": [
     139.751081,
     35.697076
    ]
   }
  },
  {
   "type": "Feature",
   "properties": {
    "id": "osm-node-12111649056",
    "osmType": "node",
    "osmId": 12111649056,
    "name": "雉子神社",
    "nameEn": null,
    "family": "worship",
    "kind": "templeRoof",
    "wikidata": "Q11659360",
    "lon": 139.726952,
    "lat": 35.628837,
    "x": -3572,
    "z": 5824.4,
    "distance": 403,
    "station": 22,
    "stationName": "Gotanda",
    "fromStation": 409,
    "picked": false
   },
   "geometry": {
    "type": "Point",
    "coordinates": [
     139.726952,
     35.628837
    ]
   }
  },
  {
   "type": "Feature",
   "properties": {
    "id": "osm-node-12111649066",
    "osmType": "node",
    "osmId": 12111649066,
    "name": "本立寺",
    "nameEn": null,
    "family": "worship",
    "kind": "templeRoof",
    "wikidata": "Q97165484",
    "lon": 139.729736,
    "lat": 35.629491,
    "x": -3320,
    "z": 5751.3,
    "distance": 652,
    "station": 22,
    "stationName": "Gotanda",
    "fromStation": 652,
    "picked": false
   },
   "geometry": {
    "type": "Point",
    "coordinates": [
     139.729736,
     35.629491
    ]
   }
  },
  {
   "type": "Feature",
   "properties": {
    "id": "osm-node-12111707494",
    "osmType": "node",
    "osmId": 12111707494,
    "name": "常行寺",
    "nameEn": null,
    "family": "worship",
    "kind": "templeRoof",
    "wikidata": "Q97165203",
    "lon": 139.742817,
    "lat": 35.613586,
    "x": -2130.8,
    "z": 7513,
    "distance": 778,
    "station": 23,
    "stationName": "Osaki",
    "fromStation": 1432,
    "picked": false
   },
   "geometry": {
    "type": "Point",
    "coordinates": [
     139.742817,
     35.613586
    ]
   }
  },
  {
   "type": "Feature",
   "properties": {
    "id": "osm-node-12111707495",
    "osmType": "node",
    "osmId": 12111707495,
    "name": "願行寺",
    "nameEn": null,
    "family": "worship",
    "kind": "templeRoof",
    "wikidata": "Q97166796",
    "lon": 139.741698,
    "lat": 35.614009,
    "x": -2232.2,
    "z": 7466.3,
    "distance": 671,
    "station": 23,
    "stationName": "Osaki",
    "fromStation": 1320,
    "picked": false
   },
   "geometry": {
    "type": "Point",
    "coordinates": [
     139.741698,
     35.614009
    ]
   }
  },
  {
   "type": "Feature",
   "properties": {
    "id": "osm-node-12308555809",
    "osmType": "node",
    "osmId": 12308555809,
    "name": "伊場仙浮世絵ミュージアム",
    "nameEn": "Ibasen Ukiyo-e Museum",
    "family": "museum",
    "kind": "museumFacade",
    "wikidata": null,
    "lon": 139.777286,
    "lat": 35.687431,
    "x": 968.8,
    "z": -687.8,
    "distance": 696,
    "station": 1,
    "stationName": "Kanda",
    "fromStation": 748,
    "picked": false
   },
   "geometry": {
    "type": "Point",
    "coordinates": [
     139.777286,
     35.687431
    ]
   }
  },
  {
   "type": "Feature",
   "properties": {
    "id": "osm-node-12434584778",
    "osmType": "node",
    "osmId": 12434584778,
    "name": "木組み博物館",
    "nameEn": "Kigumi museum",
    "family": "museum",
    "kind": "museumFacade",
    "wikidata": null,
    "lon": 139.71741,
    "lat": 35.707887,
    "x": -4455.6,
    "z": -2943.6,
    "distance": 1341,
    "station": 14,
    "stationName": "Takadanobaba",
    "fromStation": 1351,
    "picked": false
   },
   "geometry": {
    "type": "Point",
    "coordinates": [
     139.71741,
     35.707887
    ]
   }
  },
  {
   "type": "Feature",
   "properties": {
    "id": "osm-node-12538036885",
    "osmType": "node",
    "osmId": 12538036885,
    "name": "讃岐小白稲荷神社",
    "nameEn": null,
    "family": "worship",
    "kind": "templeRoof",
    "wikidata": "Q131924400",
    "lon": 139.756143,
    "lat": 35.65398,
    "x": -935.2,
    "z": 3028.5,
    "distance": 52,
    "station": 27,
    "stationName": "Hamamatsucho",
    "fromStation": 150,
    "picked": true
   },
   "geometry": {
    "type": "Point",
    "coordinates": [
     139.756143,
     35.65398
    ]
   }
  },
  {
   "type": "Feature",
   "properties": {
    "id": "osm-node-12538725013",
    "osmType": "node",
    "osmId": 12538725013,
    "name": "安楽寺",
    "nameEn": null,
    "family": "worship",
    "kind": "templeRoof",
    "wikidata": "Q119927217",
    "lon": 139.752546,
    "lat": 35.650073,
    "x": -1259.8,
    "z": 3462.9,
    "distance": 173,
    "station": 26,
    "stationName": "Tamachi",
    "fromStation": 651,
    "picked": false
   },
   "geometry": {
    "type": "Point",
    "coordinates": [
     139.752546,
     35.650073
    ]
   }
  },
  {
   "type": "Feature",
   "properties": {
    "id": "osm-node-12538725014",
    "osmType": "node",
    "osmId": 12538725014,
    "name": "仏願寺",
    "nameEn": null,
    "family": "worship",
    "kind": "templeRoof",
    "wikidata": "Q131925660",
    "lon": 139.753737,
    "lat": 35.657441,
    "x": -1154,
    "z": 2645.1,
    "distance": 347,
    "station": 27,
    "stationName": "Hamamatsucho",
    "fromStation": 395,
    "picked": false
   },
   "geometry": {
    "type": "Point",
    "coordinates": [
     139.753737,
     35.657441
    ]
   }
  },
  {
   "type": "Feature",
   "properties": {
    "id": "osm-node-12538725015",
    "osmType": "node",
    "osmId": 12538725015,
    "name": "経覚寺",
    "nameEn": null,
    "family": "worship",
    "kind": "templeRoof",
    "wikidata": "Q131985956",
    "lon": 139.754593,
    "lat": 35.650752,
    "x": -1074.7,
    "z": 3387.1,
    "distance": 73,
    "station": 27,
    "stationName": "Hamamatsucho",
    "fromStation": 532,
    "picked": false
   },
   "geometry": {
    "type": "Point",
    "coordinates": [
     139.754593,
     35.650752
    ]
   }
  },
  {
   "type": "Feature",
   "properties": {
    "id": "osm-node-12538725017",
    "osmType": "node",
    "osmId": 12538725017,
    "name": "安楽寺",
    "nameEn": null,
    "family": "worship",
    "kind": "templeRoof",
    "wikidata": "Q115324498",
    "lon": 139.754765,
    "lat": 35.650586,
    "x": -1059,
    "z": 3405.5,
    "distance": 50,
    "station": 27,
    "stationName": "Hamamatsucho",
    "fromStation": 543,
    "picked": false
   },
   "geometry": {
    "type": "Point",
    "coordinates": [
     139.754765,
     35.650586
    ]
   }
  },
  {
   "type": "Feature",
   "properties": {
    "id": "osm-node-12538725018",
    "osmType": "node",
    "osmId": 12538725018,
    "name": "首尾稲荷大明神",
    "nameEn": null,
    "family": "historic",
    "kind": "museumFacade",
    "wikidata": "Q131925805",
    "lon": 139.75315,
    "lat": 35.655464,
    "x": -1206.7,
    "z": 2864.6,
    "distance": 352,
    "station": 27,
    "stationName": "Hamamatsucho",
    "fromStation": 354,
    "picked": true
   },
   "geometry": {
    "type": "Point",
    "coordinates": [
     139.75315,
     35.655464
    ]
   }
  },
  {
   "type": "Feature",
   "properties": {
    "id": "osm-node-12593014303",
    "osmType": "node",
    "osmId": 12593014303,
    "name": "動輪の広場(C62形蒸気機関車)",
    "nameEn": "Dōrin Square B1 (C62 Steam Locomotive)",
    "family": "historic",
    "kind": "museumFacade",
    "wikidata": null,
    "lon": 139.764956,
    "lat": 35.68111,
    "x": -145.3,
    "z": 16.6,
    "distance": 134,
    "station": 0,
    "stationName": "Tokyo",
    "fromStation": 146,
    "picked": false
   },
   "geometry": {
    "type": "Point",
    "coordinates": [
     139.764956,
     35.68111
    ]
   }
  },
  {
   "type": "Feature",
   "properties": {
    "id": "osm-node-12767832234",
    "osmType": "node",
    "osmId": 12767832234,
    "name": "Creative Museum Tokyo",
    "nameEn": null,
    "family": "museum",
    "kind": "museumFacade",
    "wikidata": null,
    "lon": 139.771649,
    "lat": 35.67817,
    "x": 461.4,
    "z": 341.2,
    "distance": 529,
    "station": 0,
    "stationName": "Tokyo",
    "fromStation": 574,
    "picked": false
   },
   "geometry": {
    "type": "Point",
    "coordinates": [
     139.771649,
     35.67817
    ]
   }
  },
  {
   "type": "Feature",
   "properties": {
    "id": "osm-node-12790627761",
    "osmType": "node",
    "osmId": 12790627761,
    "name": "西浅草八幡神社",
    "nameEn": null,
    "family": "worship",
    "kind": "templeRoof",
    "wikidata": "Q134149661",
    "lon": 139.791495,
    "lat": 35.712797,
    "x": 2246.5,
    "z": -3505.7,
    "distance": 1219,
    "station": 4,
    "stationName": "Ueno",
    "fromStation": 1397,
    "picked": false
   },
   "geometry": {
    "type": "Point",
    "coordinates": [
     139.791495,
     35.712797
    ]
   }
  },
  {
   "type": "Feature",
   "properties": {
    "id": "osm-node-12918716601",
    "osmType": "node",
    "osmId": 12918716601,
    "name": "中央区立郷土資料館",
    "nameEn": "Chuo Ward Local History Museum",
    "family": "museum",
    "kind": "museumFacade",
    "wikidata": null,
    "lon": 139.775306,
    "lat": 35.67369,
    "x": 793.8,
    "z": 837.2,
    "distance": 994,
    "station": 29,
    "stationName": "Yurakucho",
    "fromStation": 1120,
    "picked": false
   },
   "geometry": {
    "type": "Point",
    "coordinates": [
     139.775306,
     35.67369
    ]
   }
  },
  {
   "type": "Feature",
   "properties": {
    "id": "osm-node-13064892465",
    "osmType": "node",
    "osmId": 13064892465,
    "name": "C58407",
    "nameEn": null,
    "family": "historic",
    "kind": "museumFacade",
    "wikidata": null,
    "lon": 139.72571,
    "lat": 35.730109,
    "x": -3710.2,
    "z": -5410.6,
    "distance": 241,
    "station": 11,
    "stationName": "Otsuka",
    "fromStation": 310,
    "picked": false
   },
   "geometry": {
    "type": "Point",
    "coordinates": [
     139.72571,
     35.730109
    ]
   }
  },
  {
   "type": "Feature",
   "properties": {
    "id": "osm-node-13284174057",
    "osmType": "node",
    "osmId": 13284174057,
    "name": "絶滅メディア博物館",
    "nameEn": "Extinct Media Museum",
    "family": "museum",
    "kind": "museumFacade",
    "wikidata": null,
    "lon": 139.767861,
    "lat": 35.689613,
    "x": 115,
    "z": -927.4,
    "distance": 189,
    "station": 1,
    "stationName": "Kanda",
    "fromStation": 370,
    "picked": false
   },
   "geometry": {
    "type": "Point",
    "coordinates": [
     139.767861,
     35.689613
    ]
   }
  },
  {
   "type": "Feature",
   "properties": {
    "id": "osm-node-13385682801",
    "osmType": "node",
    "osmId": 13385682801,
    "name": "ジャンボコック像",
    "nameEn": "Niimi Jumbo Cook",
    "family": "historic",
    "kind": "museumFacade",
    "wikidata": "Q137455763",
    "lon": 139.78813,
    "lat": 35.71056,
    "x": 1942.8,
    "z": -3256.5,
    "distance": 1096,
    "station": 4,
    "stationName": "Ueno",
    "fromStation": 1141,
    "picked": false
   },
   "geometry": {
    "type": "Point",
    "coordinates": [
     139.78813,
     35.71056
    ]
   }
  },
  {
   "type": "Feature",
   "properties": {
    "id": "osm-node-13449380634",
    "osmType": "node",
    "osmId": 13449380634,
    "name": "お茶の文化創造博物館",
    "nameEn": "Ocha Culture Creation Museum",
    "family": "museum",
    "kind": "museumFacade",
    "wikidata": null,
    "lon": 139.761364,
    "lat": 35.666004,
    "x": -466,
    "z": 1693.3,
    "distance": 290,
    "station": 28,
    "stationName": "Shimbashi",
    "fromStation": 297,
    "picked": false
   },
   "geometry": {
    "type": "Point",
    "coordinates": [
     139.761364,
     35.666004
    ]
   }
  },
  {
   "type": "Feature",
   "properties": {
    "id": "osm-node-13524208445",
    "osmType": "node",
    "osmId": 13524208445,
    "name": "Parco Museum Tokyo",
    "nameEn": "Parco Museum Tokyo",
    "family": "museum",
    "kind": "museumFacade",
    "wikidata": null,
    "lon": 139.699006,
    "lat": 35.661839,
    "x": -6110.5,
    "z": 2168.7,
    "distance": 215,
    "station": 19,
    "stationName": "Shibuya",
    "fromStation": 486,
    "picked": false
   },
   "geometry": {
    "type": "Point",
    "coordinates": [
     139.699006,
     35.661839
    ]
   }
  },
  {
   "type": "Feature",
   "properties": {
    "id": "osm-node-13564912583",
    "osmType": "node",
    "osmId": 13564912583,
    "name": "ヤン・ヨーステン記念像",
    "nameEn": "Jan Joosten van Lodensteijn Memorial Statue (B1)",
    "family": "historic",
    "kind": "museumFacade",
    "wikidata": "Q599058",
    "lon": 139.768508,
    "lat": 35.679931,
    "x": 176.6,
    "z": 146.5,
    "distance": 212,
    "station": 0,
    "stationName": "Tokyo",
    "fromStation": 229,
    "picked": true
   },
   "geometry": {
    "type": "Point",
    "coordinates": [
     139.768508,
     35.679931
    ]
   }
  },
  {
   "type": "Feature",
   "properties": {
    "id": "osm-node-13569363447",
    "osmType": "node",
    "osmId": 13569363447,
    "name": "アクティブ・ミュージアム「女たちの戦争と平和資料館」（wam）",
    "nameEn": "Women's Active Museum on War and Peace",
    "family": "museum",
    "kind": "museumFacade",
    "wikidata": "Q11446206",
    "lon": 139.71625,
    "lat": 35.707915,
    "x": -4560.6,
    "z": -2946.4,
    "distance": 1239,
    "station": 14,
    "stationName": "Takadanobaba",
    "fromStation": 1254,
    "picked": true
   },
   "geometry": {
    "type": "Point",
    "coordinates": [
     139.71625,
     35.707915
    ]
   }
  },
  {
   "type": "Feature",
   "properties": {
    "id": "osm-node-13588730450",
    "osmType": "node",
    "osmId": 13588730450,
    "name": "QUARK MUSEUM",
    "nameEn": "QUARK MUSEUM",
    "family": "museum",
    "kind": "museumFacade",
    "wikidata": null,
    "lon": 139.775277,
    "lat": 35.707635,
    "x": 780.7,
    "z": -2928.8,
    "distance": 49,
    "station": 3,
    "stationName": "Okachimachi",
    "fromStation": 97,
    "picked": false
   },
   "geometry": {
    "type": "Point",
    "coordinates": [
     139.775277,
     35.707635
    ]
   }
  },
  {
   "type": "Feature",
   "properties": {
    "id": "osm-node-13603964428",
    "osmType": "node",
    "osmId": 13603964428,
    "name": "巣鴨拘置所",
    "nameEn": "Sugamo Prison memorial",
    "family": "historic",
    "kind": "museumFacade",
    "wikidata": "Q699579",
    "lon": 139.718503,
    "lat": 35.730367,
    "x": -4362.3,
    "z": -5437.8,
    "distance": 416,
    "station": 12,
    "stationName": "Ikebukuro",
    "fromStation": 680,
    "picked": true
   },
   "geometry": {
    "type": "Point",
    "coordinates": [
     139.718503,
     35.730367
    ]
   }
  },
  {
   "type": "Feature",
   "properties": {
    "id": "osm-node-13603987511",
    "osmType": "node",
    "osmId": 13603987511,
    "name": "巣鴨プリズン跡",
    "nameEn": "Remnant of Sugamo Prison",
    "family": "historic",
    "kind": "museumFacade",
    "wikidata": "Q699579",
    "lon": 139.722201,
    "lat": 35.726826,
    "x": -4026.9,
    "z": -5045.6,
    "distance": 686,
    "station": 11,
    "stationName": "Otsuka",
    "fromStation": 786,
    "picked": true
   },
   "geometry": {
    "type": "Point",
    "coordinates": [
     139.722201,
     35.726826
    ]
   }
  },
  {
   "type": "Feature",
   "properties": {
    "id": "osm-node-13606792473",
    "osmType": "node",
    "osmId": 13606792473,
    "name": "三菱UFJ信託銀行 信託博物館",
    "nameEn": "Mitsubishi UFJ Trust and Banking Museum",
    "family": "museum",
    "kind": "museumFacade",
    "wikidata": null,
    "lon": 139.764931,
    "lat": 35.683296,
    "x": -148.3,
    "z": -225.9,
    "distance": 213,
    "station": 0,
    "stationName": "Tokyo",
    "fromStation": 270,
    "picked": false
   },
   "geometry": {
    "type": "Point",
    "coordinates": [
     139.764931,
     35.683296
    ]
   }
  },
  {
   "type": "Feature",
   "properties": {
    "id": "osm-node-13763336521",
    "osmType": "node",
    "osmId": 13763336521,
    "name": "子規庵に",
    "nameEn": "Shikian",
    "family": "museum",
    "kind": "museumFacade",
    "wikidata": null,
    "lon": 139.77644,
    "lat": 35.724459,
    "x": 880.7,
    "z": -4795.6,
    "distance": 109,
    "station": 5,
    "stationName": "Uguisudani",
    "fromStation": 334,
    "picked": false
   },
   "geometry": {
    "type": "Point",
    "coordinates": [
     139.77644,
     35.724459
    ]
   }
  },
  {
   "type": "Feature",
   "properties": {
    "id": "osm-node-13881133162",
    "osmType": "node",
    "osmId": 13881133162,
    "name": "旧東京音楽学校奏楽堂",
    "nameEn": "Sogakudo of the Former Tokyo Music School",
    "family": "museum",
    "kind": "museumFacade",
    "wikidata": null,
    "lon": 139.773306,
    "lat": 35.717985,
    "x": 599.1,
    "z": -4076.5,
    "distance": 474,
    "station": 4,
    "stationName": "Ueno",
    "fromStation": 548,
    "picked": false
   },
   "geometry": {
    "type": "Point",
    "coordinates": [
     139.773306,
     35.717985
    ]
   }
  },
  {
   "type": "Feature",
   "properties": {
    "id": "osm-node-13881422535",
    "osmType": "node",
    "osmId": 13881422535,
    "name": "郷さくら美術館",
    "nameEn": "Sato Sakura Museum",
    "family": "museum",
    "kind": "museumFacade",
    "wikidata": null,
    "lon": 139.699877,
    "lat": 35.645634,
    "x": -6028.1,
    "z": 3966.3,
    "distance": 895,
    "station": 20,
    "stationName": "Ebisu",
    "fromStation": 938,
    "picked": false
   },
   "geometry": {
    "type": "Point",
    "coordinates": [
     139.699877,
     35.645634
    ]
   }
  },
  {
   "type": "Feature",
   "properties": {
    "id": "osm-node-13915543276",
    "osmType": "node",
    "osmId": 13915543276,
    "name": "ヨドバシ フジサワ カメラミュージアム",
    "nameEn": "Yodobashi Fujisawa Camera Museum",
    "family": "museum",
    "kind": "museumFacade",
    "wikidata": null,
    "lon": 139.711088,
    "lat": 35.69178,
    "x": -5023.8,
    "z": -1155.4,
    "distance": 1001,
    "station": 16,
    "stationName": "Shinjuku",
    "fromStation": 1022,
    "picked": false
   },
   "geometry": {
    "type": "Point",
    "coordinates": [
     139.711088,
     35.69178
    ]
   }
  },
  {
   "type": "Feature",
   "properties": {
    "id": "osm-node-13915592157",
    "osmType": "node",
    "osmId": 13915592157,
    "name": "川本喜八郎人形ギャラリー",
    "nameEn": "Kihachiro Kawamoto Doll Gallery",
    "family": "museum",
    "kind": "museumFacade",
    "wikidata": null,
    "lon": 139.703206,
    "lat": 35.659079,
    "x": -5729.7,
    "z": 2474.1,
    "distance": 164,
    "station": 19,
    "stationName": "Shibuya",
    "fromStation": 172,
    "picked": false
   },
   "geometry": {
    "type": "Point",
    "coordinates": [
     139.703206,
     35.659079
    ]
   }
  },
  {
   "type": "Feature",
   "properties": {
    "id": "osm-node-14013678196",
    "osmType": "node",
    "osmId": 14013678196,
    "name": "Samurai Museum Tokyo",
    "nameEn": null,
    "family": "museum",
    "kind": "museumFacade",
    "wikidata": null,
    "lon": 139.705294,
    "lat": 35.692792,
    "x": -5548.4,
    "z": -1266.6,
    "distance": 480,
    "station": 16,
    "stationName": "Shinjuku",
    "fromStation": 618,
    "picked": false
   },
   "geometry": {
    "type": "Point",
    "coordinates": [
     139.705294,
     35.692792
    ]
   }
  },
  {
   "type": "Feature",
   "properties": {
    "id": "osm-way-4848909",
    "osmType": "way",
    "osmId": 4848909,
    "name": "旧芝離宮恩賜庭園",
    "nameEn": "Kyu Shiba Rikyu Garden",
    "family": "park",
    "kind": "forestMass",
    "wikidata": "Q3266874",
    "lon": 139.758566,
    "lat": 35.654979,
    "x": -716.1,
    "z": 2917.2,
    "distance": 139,
    "station": 27,
    "stationName": "Hamamatsucho",
    "fromStation": 139,
    "picked": true
   },
   "geometry": {
    "type": "Point",
    "coordinates": [
     139.758566,
     35.654979
    ]
   }
  },
  {
   "type": "Feature",
   "properties": {
    "id": "osm-way-7836744",
    "osmType": "way",
    "osmId": 7836744,
    "name": "浜離宮恩賜庭園",
    "nameEn": "Hama-rikyu Gardens",
    "family": "park",
    "kind": "forestMass",
    "wikidata": "Q1033333",
    "lon": 139.7637,
    "lat": 35.660203,
    "x": -252.8,
    "z": 2336.3,
    "distance": 481,
    "station": 27,
    "stationName": "Hamamatsucho",
    "fromStation": 826,
    "picked": false
   },
   "geometry": {
    "type": "Point",
    "coordinates": [
     139.7637,
     35.660203
    ]
   }
  },
  {
   "type": "Feature",
   "properties": {
    "id": "osm-way-15772074",
    "osmType": "way",
    "osmId": 15772074,
    "name": "新宿御苑",
    "nameEn": "Shinjuku Gyoen National Garden",
    "family": "park",
    "kind": "forestMass",
    "wikidata": "Q776863",
    "lon": 139.709892,
    "lat": 35.685103,
    "x": -5130.4,
    "z": -414.3,
    "distance": 721,
    "station": 17,
    "stationName": "Yoyogi",
    "fromStation": 723,
    "picked": true
   },
   "geometry": {
    "type": "Point",
    "coordinates": [
     139.709892,
     35.685103
    ]
   }
  },
  {
   "type": "Feature",
   "properties": {
    "id": "osm-way-27994730",
    "osmType": "way",
    "osmId": 27994730,
    "name": "都立明治公園",
    "nameEn": "Meiji Park",
    "family": "park",
    "kind": "forestMass",
    "wikidata": "Q11512308",
    "lon": 139.713757,
    "lat": 35.675052,
    "x": -4778.2,
    "z": 700,
    "distance": 885,
    "station": 18,
    "stationName": "Harajuku",
    "fromStation": 1154,
    "picked": false
   },
   "geometry": {
    "type": "Point",
    "coordinates": [
     139.713757,
     35.675052
    ]
   }
  },
  {
   "type": "Feature",
   "properties": {
    "id": "osm-way-28144706",
    "osmType": "way",
    "osmId": 28144706,
    "name": "旧前田家本邸洋館",
    "nameEn": "Former Marquis Maeda Mansion",
    "family": "museum",
    "kind": "museumFacade",
    "wikidata": null,
    "lon": 139.680123,
    "lat": 35.662224,
    "x": -7820.3,
    "z": 2129.2,
    "distance": 1924,
    "station": 19,
    "stationName": "Shibuya",
    "fromStation": 2012,
    "picked": false
   },
   "geometry": {
    "type": "Point",
    "coordinates": [
     139.680123,
     35.662224
    ]
   }
  },
  {
   "type": "Feature",
   "properties": {
    "id": "osm-way-28144849",
    "osmType": "way",
    "osmId": 28144849,
    "name": "日本近代文学館",
    "nameEn": "Museum of Modern Japanese Literature",
    "family": "museum",
    "kind": "museumFacade",
    "wikidata": "Q1954709",
    "lon": 139.68092,
    "lat": 35.6628,
    "x": -7748.2,
    "z": 2065.2,
    "distance": 1856,
    "station": 19,
    "stationName": "Shibuya",
    "fromStation": 1958,
    "picked": false
   },
   "geometry": {
    "type": "Point",
    "coordinates": [
     139.68092,
     35.6628
    ]
   }
  },
  {
   "type": "Feature",
   "properties": {
    "id": "osm-way-28145214",
    "osmType": "way",
    "osmId": 28145214,
    "name": "旧前田家本邸和館",
    "nameEn": "Former Marquis Maeda Mansion",
    "family": "museum",
    "kind": "museumFacade",
    "wikidata": null,
    "lon": 139.68073,
    "lat": 35.662305,
    "x": -7765.3,
    "z": 2120.1,
    "distance": 1870,
    "station": 19,
    "stationName": "Shibuya",
    "fromStation": 1960,
    "picked": false
   },
   "geometry": {
    "type": "Point",
    "coordinates": [
     139.68073,
     35.662305
    ]
   }
  },
  {
   "type": "Feature",
   "properties": {
    "id": "osm-way-28145788",
    "osmType": "way",
    "osmId": 28145788,
    "name": "駒場公園",
    "nameEn": "Komaba Park",
    "family": "park",
    "kind": "forestMass",
    "wikidata": "Q11668323",
    "lon": 139.680194,
    "lat": 35.662143,
    "x": -7813.8,
    "z": 2138.2,
    "distance": 1917,
    "station": 19,
    "stationName": "Shibuya",
    "fromStation": 2003,
    "picked": false
   },
   "geometry": {
    "type": "Point",
    "coordinates": [
     139.680194,
     35.662143
    ]
   }
  },
  {
   "type": "Feature",
   "properties": {
    "id": "osm-way-30520683",
    "osmType": "way",
    "osmId": 30520683,
    "name": "芝公園",
    "nameEn": "Shiba Park",
    "family": "park",
    "kind": "forestMass",
    "wikidata": "Q3266956",
    "lon": 139.750134,
    "lat": 35.660446,
    "x": -1481.1,
    "z": 2312.6,
    "distance": 733,
    "station": 27,
    "stationName": "Hamamatsucho",
    "fromStation": 860,
    "picked": false
   },
   "geometry": {
    "type": "Point",
    "coordinates": [
     139.750134,
     35.660446
    ]
   }
  },
  {
   "type": "Feature",
   "properties": {
    "id": "osm-way-33439660",
    "osmType": "way",
    "osmId": 33439660,
    "name": "東京国立博物館",
    "nameEn": "Tokyo National Museum",
    "family": "museum",
    "kind": "museumFacade",
    "wikidata": "Q653433",
    "lon": 139.775816,
    "lat": 35.719066,
    "x": 825.9,
    "z": -4197,
    "distance": 329,
    "station": 5,
    "stationName": "Uguisudani",
    "fromStation": 348,
    "picked": true
   },
   "geometry": {
    "type": "Point",
    "coordinates": [
     139.775816,
     35.719066
    ]
   }
  },
  {
   "type": "Feature",
   "properties": {
    "id": "osm-way-33440458",
    "osmType": "way",
    "osmId": 33440458,
    "name": "東京都美術館",
    "nameEn": "Tokyo Metropolitan Art Museum",
    "family": "museum",
    "kind": "museumFacade",
    "wikidata": "Q864957",
    "lon": 139.773177,
    "lat": 35.717107,
    "x": 587.7,
    "z": -3979.1,
    "distance": 430,
    "station": 4,
    "stationName": "Ueno",
    "fromStation": 470,
    "picked": false
   },
   "geometry": {
    "type": "Point",
    "coordinates": [
     139.773177,
     35.717107
    ]
   }
  },
  {
   "type": "Feature",
   "properties": {
    "id": "osm-way-38017808",
    "osmType": "way",
    "osmId": 38017808,
    "name": "飛鳥山公園",
    "nameEn": "Asukayama Park",
    "family": "park",
    "kind": "forestMass",
    "wikidata": "Q901172",
    "lon": 139.73875,
    "lat": 35.750574,
    "x": -2536.2,
    "z": -7683.8,
    "distance": 1735,
    "station": 9,
    "stationName": "Komagome",
    "fromStation": 1735,
    "picked": false
   },
   "geometry": {
    "type": "Point",
    "coordinates": [
     139.73875,
     35.750574
    ]
   }
  },
  {
   "type": "Feature",
   "properties": {
    "id": "osm-way-41500740",
    "osmType": "way",
    "osmId": 41500740,
    "name": "東光寺",
    "nameEn": "Tokoji Temple",
    "family": "worship",
    "kind": "templeRoof",
    "wikidata": "Q97210364",
    "lon": 139.715023,
    "lat": 35.749993,
    "x": -4681.8,
    "z": -7614.4,
    "distance": 1712,
    "station": 12,
    "stationName": "Ikebukuro",
    "fromStation": 2221,
    "picked": false
   },
   "geometry": {
    "type": "Point",
    "coordinates": [
     139.715023,
     35.749993
    ]
   }
  },
  {
   "type": "Feature",
   "properties": {
    "id": "osm-way-43898324",
    "osmType": "way",
    "osmId": 43898324,
    "name": "科学技術館",
    "nameEn": "Science Museum",
    "family": "museum",
    "kind": "museumFacade",
    "wikidata": "Q10855424",
    "lon": 139.75308,
    "lat": 35.691563,
    "x": -1223.3,
    "z": -1140.2,
    "distance": 1527,
    "station": 1,
    "stationName": "Kanda",
    "fromStation": 1619,
    "picked": false
   },
   "geometry": {
    "type": "Point",
    "coordinates": [
     139.75308,
     35.691563
    ]
   }
  },
  {
   "type": "Feature",
   "properties": {
    "id": "osm-way-43934324",
    "osmType": "way",
    "osmId": 43934324,
    "name": "東京国立近代美術館",
    "nameEn": "National Museum of Modern Art, Tokyo",
    "family": "museum",
    "kind": "museumFacade",
    "wikidata": "Q1359908",
    "lon": 139.75462,
    "lat": 35.690495,
    "x": -1083.6,
    "z": -1022.1,
    "distance": 1358,
    "station": 1,
    "stationName": "Kanda",
    "fromStation": 1486,
    "picked": false
   },
   "geometry": {
    "type": "Point",
    "coordinates": [
     139.75462,
     35.690495
    ]
   }
  },
  {
   "type": "Feature",
   "properties": {
    "id": "osm-way-43935790",
    "osmType": "way",
    "osmId": 43935790,
    "name": "清水門",
    "nameEn": "Shimizu Gate",
    "family": "historic",
    "kind": "museumFacade",
    "wikidata": "Q28685861",
    "lon": 139.752562,
    "lat": 35.692738,
    "x": -1270.5,
    "z": -1270.4,
    "distance": 1612,
    "station": 1,
    "stationName": "Kanda",
    "fromStation": 1669,
    "picked": true
   },
   "geometry": {
    "type": "Point",
    "coordinates": [
     139.752562,
     35.692738
    ]
   }
  },
  {
   "type": "Feature",
   "properties": {
    "id": "osm-way-45738210",
    "osmType": "way",
    "osmId": 45738210,
    "name": "岡倉天心 記念公園",
    "nameEn": "Okakura Tenshin Memorial Park",
    "family": "park",
    "kind": "forestMass",
    "wikidata": "Q42311758",
    "lon": 139.766401,
    "lat": 35.726328,
    "x": -28.1,
    "z": -5000.4,
    "distance": 389,
    "station": 6,
    "stationName": "Nippori",
    "fromStation": 405,
    "picked": true
   },
   "geometry": {
    "type": "Point",
    "coordinates": [
     139.766401,
     35.726328
    ]
   }
  },
  {
   "type": "Feature",
   "properties": {
    "id": "osm-way-46983897",
    "osmType": "way",
    "osmId": 46983897,
    "name": "柳森神社",
    "nameEn": "Yanagimori Jinja Shrine",
    "family": "worship",
    "kind": "templeRoof",
    "wikidata": "Q55532885",
    "lon": 139.773457,
    "lat": 35.696734,
    "x": 619.3,
    "z": -1718.8,
    "distance": 58,
    "station": 2,
    "stationName": "Akihabara",
    "fromStation": 185,
    "picked": true
   },
   "geometry": {
    "type": "Point",
    "coordinates": [
     139.773457,
     35.696734
    ]
   }
  },
  {
   "type": "Feature",
   "properties": {
    "id": "osm-way-46985717",
    "osmType": "way",
    "osmId": 46985717,
    "name": "湯島聖堂",
    "nameEn": "Yushimaseido Temple",
    "family": "worship",
    "kind": "templeRoof",
    "wikidata": "Q1760591",
    "lon": 139.766558,
    "lat": 35.700425,
    "x": -6.1,
    "z": -2126.7,
    "distance": 605,
    "station": 2,
    "stationName": "Akihabara",
    "fromStation": 627,
    "picked": false
   },
   "geometry": {
    "type": "Point",
    "coordinates": [
     139.766558,
     35.700425
    ]
   }
  },
  {
   "type": "Feature",
   "properties": {
    "id": "osm-way-52890106",
    "osmType": "way",
    "osmId": 52890106,
    "name": "氷川神社",
    "nameEn": null,
    "family": "worship",
    "kind": "templeRoof",
    "wikidata": "Q11549604",
    "lon": 139.682968,
    "lat": 35.702324,
    "x": -7571,
    "z": -2320.1,
    "distance": 1572,
    "station": 15,
    "stationName": "Shin-Okubo",
    "fromStation": 1572,
    "picked": false
   },
   "geometry": {
    "type": "Point",
    "coordinates": [
     139.682968,
     35.702324
    ]
   }
  },
  {
   "type": "Feature",
   "properties": {
    "id": "osm-way-55219711",
    "osmType": "way",
    "osmId": 55219711,
    "name": "渋谷区立鍋島松涛公園",
    "nameEn": null,
    "family": "park",
    "kind": "forestMass",
    "wikidata": "Q11650653",
    "lon": 139.691258,
    "lat": 35.65975,
    "x": -6811.6,
    "z": 2401.8,
    "distance": 905,
    "station": 19,
    "stationName": "Shibuya",
    "fromStation": 968,
    "picked": false
   },
   "geometry": {
    "type": "Point",
    "coordinates": [
     139.691258,
     35.65975
    ]
   }
  },
  {
   "type": "Feature",
   "properties": {
    "id": "osm-way-59749165",
    "osmType": "way",
    "osmId": 59749165,
    "name": "鉢山公園",
    "nameEn": null,
    "family": "park",
    "kind": "forestMass",
    "wikidata": "Q42312093",
    "lon": 139.698865,
    "lat": 35.653023,
    "x": -6121.3,
    "z": 3146.7,
    "distance": 511,
    "station": 19,
    "stationName": "Shibuya",
    "fromStation": 618,
    "picked": false
   },
   "geometry": {
    "type": "Point",
    "coordinates": [
     139.698865,
     35.653023
    ]
   }
  },
  {
   "type": "Feature",
   "properties": {
    "id": "osm-way-68327932",
    "osmType": "way",
    "osmId": 68327932,
    "name": "宝仙寺",
    "nameEn": "Hosenji",
    "family": "worship",
    "kind": "templeRoof",
    "wikidata": "Q11452336",
    "lon": 139.679559,
    "lat": 35.698725,
    "x": -7878.8,
    "z": -1920.1,
    "distance": 1818,
    "station": 15,
    "stationName": "Shin-Okubo",
    "fromStation": 1898,
    "picked": false
   },
   "geometry": {
    "type": "Point",
    "coordinates": [
     139.679559,
     35.698725
    ]
   }
  },
  {
   "type": "Feature",
   "properties": {
    "id": "osm-way-85701277",
    "osmType": "way",
    "osmId": 85701277,
    "name": "有栖川宮記念公園",
    "nameEn": "Prince Arisugawa Memorial Park",
    "family": "park",
    "kind": "forestMass",
    "wikidata": "Q4791114",
    "lon": 139.725784,
    "lat": 35.652261,
    "x": -3683.7,
    "z": 3226,
    "distance": 1553,
    "station": 20,
    "stationName": "Ebisu",
    "fromStation": 1553,
    "picked": false
   },
   "geometry": {
    "type": "Point",
    "coordinates": [
     139.725784,
     35.652261
    ]
   }
  },
  {
   "type": "Feature",
   "properties": {
    "id": "osm-way-87439175",
    "osmType": "way",
    "osmId": 87439175,
    "name": "旧台徳院霊廟惣門",
    "nameEn": "Somon (Gate of Daitokuin Mausoleum)",
    "family": "historic",
    "kind": "museumFacade",
    "wikidata": "Q113385105",
    "lon": 139.749691,
    "lat": 35.656158,
    "x": -1520,
    "z": 2788.5,
    "distance": 674,
    "station": 27,
    "stationName": "Hamamatsucho",
    "fromStation": 675,
    "picked": false
   },
   "geometry": {
    "type": "Point",
    "coordinates": [
     139.749691,
     35.656158
    ]
   }
  },
  {
   "type": "Feature",
   "properties": {
    "id": "osm-way-87510469",
    "osmType": "way",
    "osmId": 87510469,
    "name": "御穂鹿嶋神社",
    "nameEn": "Miho Kashima-jinja Shrine",
    "family": "worship",
    "kind": "templeRoof",
    "wikidata": "Q113386352",
    "lon": 139.749199,
    "lat": 35.646991,
    "x": -1562,
    "z": 3805.6,
    "distance": 47,
    "station": 26,
    "stationName": "Tamachi",
    "fromStation": 195,
    "picked": true
   },
   "geometry": {
    "type": "Point",
    "coordinates": [
     139.749199,
     35.646991
    ]
   }
  },
  {
   "type": "Feature",
   "properties": {
    "id": "osm-way-89041321",
    "osmType": "way",
    "osmId": 89041321,
    "name": "東洋館",
    "nameEn": "Toyokan (Asian Gallery)",
    "family": "museum",
    "kind": "museumFacade",
    "wikidata": null,
    "lon": 139.77687,
    "lat": 35.717849,
    "x": 921.6,
    "z": -4062.3,
    "distance": 203,
    "station": 5,
    "stationName": "Uguisudani",
    "fromStation": 437,
    "picked": false
   },
   "geometry": {
    "type": "Point",
    "coordinates": [
     139.77687,
     35.717849
    ]
   }
  },
  {
   "type": "Feature",
   "properties": {
    "id": "osm-way-89431876",
    "osmType": "way",
    "osmId": 89431876,
    "name": "神田明神",
    "nameEn": "Kanda-myojin",
    "family": "worship",
    "kind": "templeRoof",
    "wikidata": "Q717682",
    "lon": 139.767752,
    "lat": 35.701966,
    "x": 101.5,
    "z": -2297.9,
    "distance": 517,
    "station": 2,
    "stationName": "Akihabara",
    "fromStation": 622,
    "picked": false
   },
   "geometry": {
    "type": "Point",
    "coordinates": [
     139.767752,
     35.701966
    ]
   }
  },
  {
   "type": "Feature",
   "properties": {
    "id": "osm-way-91234941",
    "osmType": "way",
    "osmId": 91234941,
    "name": "神田明神資料館",
    "nameEn": "Kanda Myojin Museum",
    "family": "museum",
    "kind": "museumFacade",
    "wikidata": null,
    "lon": 139.767845,
    "lat": 35.702257,
    "x": 109.8,
    "z": -2330.2,
    "distance": 513,
    "station": 2,
    "stationName": "Akihabara",
    "fromStation": 637,
    "picked": false
   },
   "geometry": {
    "type": "Point",
    "coordinates": [
     139.767845,
     35.702257
    ]
   }
  },
  {
   "type": "Feature",
   "properties": {
    "id": "osm-way-91596806",
    "osmType": "way",
    "osmId": 91596806,
    "name": "飯倉公園",
    "nameEn": null,
    "family": "park",
    "kind": "forestMass",
    "wikidata": "Q42311528",
    "lon": 139.743834,
    "lat": 35.655756,
    "x": -2050.3,
    "z": 2834.4,
    "distance": 1132,
    "station": 26,
    "stationName": "Tamachi",
    "fromStation": 1163,
    "picked": false
   },
   "geometry": {
    "type": "Point",
    "coordinates": [
     139.743834,
     35.655756
    ]
   }
  },
  {
   "type": "Feature",
   "properties": {
    "id": "osm-way-91725747",
    "osmType": "way",
    "osmId": 91725747,
    "name": "不忍池弁天堂",
    "nameEn": "Shinobazu no ike Bentendo",
    "family": "worship",
    "kind": "templeRoof",
    "wikidata": "Q66380855",
    "lon": 139.771157,
    "lat": 35.712132,
    "x": 406.5,
    "z": -3426.6,
    "distance": 334,
    "station": 4,
    "stationName": "Ueno",
    "fromStation": 475,
    "picked": false
   },
   "geometry": {
    "type": "Point",
    "coordinates": [
     139.771157,
     35.712132
    ]
   }
  },
  {
   "type": "Feature",
   "properties": {
    "id": "osm-way-92037459",
    "osmType": "way",
    "osmId": 92037459,
    "name": "浅草神社",
    "nameEn": "Asakusa Shrine",
    "family": "worship",
    "kind": "templeRoof",
    "wikidata": "Q670049",
    "lon": 139.797547,
    "lat": 35.714924,
    "x": 2793.3,
    "z": -3743.3,
    "distance": 1661,
    "station": 5,
    "stationName": "Uguisudani",
    "fromStation": 1929,
    "picked": false
   },
   "geometry": {
    "type": "Point",
    "coordinates": [
     139.797547,
     35.714924
    ]
   }
  },
  {
   "type": "Feature",
   "properties": {
    "id": "osm-way-93174651",
    "osmType": "way",
    "osmId": 93174651,
    "name": "済海寺",
    "nameEn": null,
    "family": "worship",
    "kind": "templeRoof",
    "wikidata": "Q3461609",
    "lon": 139.741487,
    "lat": 35.643653,
    "x": -2259.4,
    "z": 4177.6,
    "distance": 203,
    "station": 26,
    "stationName": "Tamachi",
    "fromStation": 607,
    "picked": false
   },
   "geometry": {
    "type": "Point",
    "coordinates": [
     139.741487,
     35.643653
    ]
   }
  },
  {
   "type": "Feature",
   "properties": {
    "id": "osm-way-93186977",
    "osmType": "way",
    "osmId": 93186977,
    "name": "重秀寺",
    "nameEn": null,
    "family": "worship",
    "kind": "templeRoof",
    "wikidata": "Q111903859",
    "lon": 139.731693,
    "lat": 35.642463,
    "x": -3146.1,
    "z": 4311.7,
    "distance": 1016,
    "station": 25,
    "stationName": "Takanawa Gateway",
    "fromStation": 1117,
    "picked": false
   },
   "geometry": {
    "type": "Point",
    "coordinates": [
     139.731693,
     35.642463
    ]
   }
  },
  {
   "type": "Feature",
   "properties": {
    "id": "osm-way-94093773",
    "osmType": "way",
    "osmId": 94093773,
    "name": "甘泉園公園",
    "nameEn": "Kansen-en Park",
    "family": "park",
    "kind": "forestMass",
    "wikidata": "Q4404489",
    "lon": 139.716021,
    "lat": 35.711728,
    "x": -4582.2,
    "z": -3369.3,
    "distance": 1103,
    "station": 14,
    "stationName": "Takadanobaba",
    "fromStation": 1121,
    "picked": false
   },
   "geometry": {
    "type": "Point",
    "coordinates": [
     139.716021,
     35.711728
    ]
   }
  },
  {
   "type": "Feature",
   "properties": {
    "id": "osm-way-94104811",
    "osmType": "way",
    "osmId": 94104811,
    "name": "明治神宮聖徳記念絵画館",
    "nameEn": "Meiji Memorial Picture Gallery",
    "family": "museum",
    "kind": "museumFacade",
    "wikidata": "Q5153794",
    "lon": 139.717598,
    "lat": 35.678774,
    "x": -4431.4,
    "z": 286.2,
    "distance": 1245,
    "station": 17,
    "stationName": "Yoyogi",
    "fromStation": 1521,
    "picked": false
   },
   "geometry": {
    "type": "Point",
    "coordinates": [
     139.717598,
     35.678774
    ]
   }
  },
  {
   "type": "Feature",
   "properties": {
    "id": "osm-way-94117009",
    "osmType": "way",
    "osmId": 94117009,
    "name": "早稲田大学坪内博士記念演劇博物館",
    "nameEn": "Tsubouchi Memorial Theatre Museum",
    "family": "museum",
    "kind": "museumFacade",
    "wikidata": "Q3951945",
    "lon": 139.719541,
    "lat": 35.709951,
    "x": -4263.3,
    "z": -3173,
    "distance": 1463,
    "station": 14,
    "stationName": "Takadanobaba",
    "fromStation": 1466,
    "picked": false
   },
   "geometry": {
    "type": "Point",
    "coordinates": [
     139.719541,
     35.709951
    ]
   }
  },
  {
   "type": "Feature",
   "properties": {
    "id": "osm-way-94117018",
    "osmType": "way",
    "osmId": 94117018,
    "name": "早稲田大学大隈記念講堂",
    "nameEn": "Okuma Auditorium",
    "family": "historic",
    "kind": "museumFacade",
    "wikidata": "Q2870807",
    "lon": 139.721581,
    "lat": 35.708943,
    "x": -4078.4,
    "z": -3061.6,
    "distance": 1671,
    "station": 14,
    "stationName": "Takadanobaba",
    "fromStation": 1671,
    "picked": true
   },
   "geometry": {
    "type": "Point",
    "coordinates": [
     139.721581,
     35.708943
    ]
   }
  },
  {
   "type": "Feature",
   "properties": {
    "id": "osm-way-94518684",
    "osmType": "way",
    "osmId": 94518684,
    "name": "都立戸山公園",
    "nameEn": "Toyama Park",
    "family": "park",
    "kind": "forestMass",
    "wikidata": "Q10950260",
    "lon": 139.706083,
    "lat": 35.70648,
    "x": -5480.2,
    "z": -2785.3,
    "distance": 399,
    "station": 14,
    "stationName": "Takadanobaba",
    "fromStation": 721,
    "picked": true
   },
   "geometry": {
    "type": "Point",
    "coordinates": [
     139.706083,
     35.70648
    ]
   }
  },
  {
   "type": "Feature",
   "properties": {
    "id": "osm-way-95497294",
    "osmType": "way",
    "osmId": 95497294,
    "name": "霊雲寺",
    "nameEn": "Reiunji",
    "family": "worship",
    "kind": "templeRoof",
    "wikidata": "Q11660761",
    "lon": 139.765687,
    "lat": 35.705594,
    "x": -86.5,
    "z": -2699.9,
    "distance": 780,
    "station": 3,
    "stationName": "Okachimachi",
    "fromStation": 821,
    "picked": false
   },
   "geometry": {
    "type": "Point",
    "coordinates": [
     139.765687,
     35.705594
    ]
   }
  },
  {
   "type": "Feature",
   "properties": {
    "id": "osm-way-95633646",
    "osmType": "way",
    "osmId": 95633646,
    "name": "渋谷区立松濤美術館",
    "nameEn": "Shoto Museum of Art",
    "family": "museum",
    "kind": "museumFacade",
    "wikidata": "Q11561694",
    "lon": 139.691789,
    "lat": 35.658681,
    "x": -6763.3,
    "z": 2520.3,
    "distance": 863,
    "station": 19,
    "stationName": "Shibuya",
    "fromStation": 905,
    "picked": false
   },
   "geometry": {
    "type": "Point",
    "coordinates": [
     139.691789,
     35.658681
    ]
   }
  },
  {
   "type": "Feature",
   "properties": {
    "id": "osm-way-95937718",
    "osmType": "way",
    "osmId": 95937718,
    "name": "十二社熊野神社",
    "nameEn": "Juniso Kumano Shrine",
    "family": "worship",
    "kind": "templeRoof",
    "wikidata": "Q11568951",
    "lon": 139.688332,
    "lat": 35.690239,
    "x": -7083,
    "z": -980.3,
    "distance": 1061,
    "station": 16,
    "stationName": "Shinjuku",
    "fromStation": 1095,
    "picked": false
   },
   "geometry": {
    "type": "Point",
    "coordinates": [
     139.688332,
     35.690239
    ]
   }
  },
  {
   "type": "Feature",
   "properties": {
    "id": "osm-way-96217105",
    "osmType": "way",
    "osmId": 96217105,
    "name": "諏訪神社",
    "nameEn": "Suwa Shrine",
    "family": "worship",
    "kind": "templeRoof",
    "wikidata": "Q11631928",
    "lon": 139.707676,
    "lat": 35.709034,
    "x": -5336.6,
    "z": -3068.9,
    "distance": 459,
    "station": 14,
    "stationName": "Takadanobaba",
    "fromStation": 542,
    "picked": true
   },
   "geometry": {
    "type": "Point",
    "coordinates": [
     139.707676,
     35.709034
    ]
   }
  },
  {
   "type": "Feature",
   "properties": {
    "id": "osm-way-96225927",
    "osmType": "way",
    "osmId": 96225927,
    "name": "駒場野公園",
    "nameEn": "Komabano Park",
    "family": "park",
    "kind": "forestMass",
    "wikidata": "Q11668330",
    "lon": 139.680748,
    "lat": 35.658486,
    "x": -7762.9,
    "z": 2543.8,
    "distance": 1860,
    "station": 19,
    "stationName": "Shibuya",
    "fromStation": 1902,
    "picked": false
   },
   "geometry": {
    "type": "Point",
    "coordinates": [
     139.680748,
     35.658486
    ]
   }
  },
  {
   "type": "Feature",
   "properties": {
    "id": "osm-way-97234607",
    "osmType": "way",
    "osmId": 97234607,
    "name": "東宮御所",
    "nameEn": "Tōgū Palace",
    "family": "historic",
    "kind": "museumFacade",
    "wikidata": "Q1036008",
    "lon": 139.725092,
    "lat": 35.67809,
    "x": -3752.9,
    "z": 360.7,
    "distance": 1917,
    "station": 17,
    "stationName": "Yoyogi",
    "fromStation": 2186,
    "picked": false
   },
   "geometry": {
    "type": "Point",
    "coordinates": [
     139.725092,
     35.67809
    ]
   }
  },
  {
   "type": "Feature",
   "properties": {
    "id": "osm-way-97685855",
    "osmType": "way",
    "osmId": 97685855,
    "name": "品川寺",
    "nameEn": "Honsenji",
    "family": "worship",
    "kind": "templeRoof",
    "wikidata": "Q11418401",
    "lon": 139.743774,
    "lat": 35.609583,
    "x": -2042.9,
    "z": 7956.8,
    "distance": 1157,
    "station": 23,
    "stationName": "Osaki",
    "fromStation": 1750,
    "picked": false
   },
   "geometry": {
    "type": "Point",
    "coordinates": [
     139.743774,
     35.609583
    ]
   }
  },
  {
   "type": "Feature",
   "properties": {
    "id": "osm-way-97686955",
    "osmType": "way",
    "osmId": 97686955,
    "name": "海雲寺",
    "nameEn": "Kaiun-ji",
    "family": "worship",
    "kind": "templeRoof",
    "wikidata": "Q11559409",
    "lon": 139.74366,
    "lat": 35.609099,
    "x": -2053.2,
    "z": 8010.6,
    "distance": 1193,
    "station": 23,
    "stationName": "Osaki",
    "fromStation": 1776,
    "picked": false
   },
   "geometry": {
    "type": "Point",
    "coordinates": [
     139.74366,
     35.609099
    ]
   }
  },
  {
   "type": "Feature",
   "properties": {
    "id": "osm-way-97687847",
    "osmType": "way",
    "osmId": 97687847,
    "name": "海晏寺",
    "nameEn": "Haiji-ji",
    "family": "worship",
    "kind": "templeRoof",
    "wikidata": "Q11558954",
    "lon": 139.742459,
    "lat": 35.607685,
    "x": -2161.6,
    "z": 8167.8,
    "distance": 1261,
    "station": 23,
    "stationName": "Osaki",
    "fromStation": 1806,
    "picked": false
   },
   "geometry": {
    "type": "Point",
    "coordinates": [
     139.742459,
     35.607685
    ]
   }
  },
  {
   "type": "Feature",
   "properties": {
    "id": "osm-way-97689105",
    "osmType": "way",
    "osmId": 97689105,
    "name": "諏訪神社",
    "nameEn": "Suwa shrine",
    "family": "worship",
    "kind": "templeRoof",
    "wikidata": "Q97166574",
    "lon": 139.743714,
    "lat": 35.61136,
    "x": -2048.9,
    "z": 7759.8,
    "distance": 1007,
    "station": 23,
    "stationName": "Osaki",
    "fromStation": 1628,
    "picked": false
   },
   "geometry": {
    "type": "Point",
    "coordinates": [
     139.743714,
     35.61136
    ]
   }
  },
  {
   "type": "Feature",
   "properties": {
    "id": "osm-way-97689108",
    "osmType": "way",
    "osmId": 97689108,
    "name": "鳳凰山 天妙国寺",
    "nameEn": "Tenmyokokuji",
    "family": "worship",
    "kind": "templeRoof",
    "wikidata": "Q11442516",
    "lon": 139.743395,
    "lat": 35.611896,
    "x": -2077.9,
    "z": 7700.4,
    "distance": 944,
    "station": 23,
    "stationName": "Osaki",
    "fromStation": 1571,
    "picked": false
   },
   "geometry": {
    "type": "Point",
    "coordinates": [
     139.743395,
     35.611896
    ]
   }
  },
  {
   "type": "Feature",
   "properties": {
    "id": "osm-way-97689115",
    "osmType": "way",
    "osmId": 97689115,
    "name": "時宗 長徳寺",
    "nameEn": "Tokimune Eitoku",
    "family": "worship",
    "kind": "templeRoof",
    "wikidata": "Q97166713",
    "lon": 139.743522,
    "lat": 35.613079,
    "x": -2066.8,
    "z": 7569.1,
    "distance": 863,
    "station": 23,
    "stationName": "Osaki",
    "fromStation": 1515,
    "picked": false
   },
   "geometry": {
    "type": "Point",
    "coordinates": [
     139.743522,
     35.613079
    ]
   }
  },
  {
   "type": "Feature",
   "properties": {
    "id": "osm-way-98402891",
    "osmType": "way",
    "osmId": 98402891,
    "name": "水天宮",
    "nameEn": "Suitengu Shrine",
    "family": "worship",
    "kind": "templeRoof",
    "wikidata": "Q3503320",
    "lon": 139.785186,
    "lat": 35.683527,
    "x": 1685,
    "z": -256.7,
    "distance": 1512,
    "station": 1,
    "stationName": "Kanda",
    "fromStation": 1580,
    "picked": false
   },
   "geometry": {
    "type": "Point",
    "coordinates": [
     139.785186,
     35.683527
    ]
   }
  },
  {
   "type": "Feature",
   "properties": {
    "id": "osm-way-98883462",
    "osmType": "way",
    "osmId": 98883462,
    "name": "蔵前神社",
    "nameEn": "Kuramae Shrine",
    "family": "worship",
    "kind": "templeRoof",
    "wikidata": "Q106852394",
    "lon": 139.791833,
    "lat": 35.704792,
    "x": 2279.7,
    "z": -2617.7,
    "distance": 1577,
    "station": 3,
    "stationName": "Okachimachi",
    "fromStation": 1577,
    "picked": false
   },
   "geometry": {
    "type": "Point",
    "coordinates": [
     139.791833,
     35.704792
    ]
   }
  },
  {
   "type": "Feature",
   "properties": {
    "id": "osm-way-102792887",
    "osmType": "way",
    "osmId": 102792887,
    "name": "花園神社",
    "nameEn": "Hanazono Jinja Shrine",
    "family": "worship",
    "kind": "templeRoof",
    "wikidata": "Q3126680",
    "lon": 139.705587,
    "lat": 35.69334,
    "x": -5522.1,
    "z": -1327.4,
    "distance": 512,
    "station": 16,
    "stationName": "Shinjuku",
    "fromStation": 679,
    "picked": false
   },
   "geometry": {
    "type": "Point",
    "coordinates": [
     139.705587,
     35.69334
    ]
   }
  },
  {
   "type": "Feature",
   "properties": {
    "id": "osm-way-103280980",
    "osmType": "way",
    "osmId": 103280980,
    "name": "大久保公園",
    "nameEn": "Okubo Park",
    "family": "park",
    "kind": "forestMass",
    "wikidata": "Q126454791",
    "lon": 139.701334,
    "lat": 35.697408,
    "x": -5907.9,
    "z": -1777.8,
    "distance": 139,
    "station": 15,
    "stationName": "Shin-Okubo",
    "fromStation": 442,
    "picked": true
   },
   "geometry": {
    "type": "Point",
    "coordinates": [
     139.701334,
     35.697408
    ]
   }
  },
  {
   "type": "Feature",
   "properties": {
    "id": "osm-way-104112028",
    "osmType": "way",
    "osmId": 104112028,
    "name": "本芝公園",
    "nameEn": "Honshiba Park",
    "family": "park",
    "kind": "forestMass",
    "wikidata": "Q42311596",
    "lon": 139.749966,
    "lat": 35.647072,
    "x": -1492.5,
    "z": 3796.4,
    "distance": 20,
    "station": 26,
    "stationName": "Tamachi",
    "fromStation": 254,
    "picked": true
   },
   "geometry": {
    "type": "Point",
    "coordinates": [
     139.749966,
     35.647072
    ]
   }
  },
  {
   "type": "Feature",
   "properties": {
    "id": "osm-way-109684527",
    "osmType": "way",
    "osmId": 109684527,
    "name": "都立青山公園　北地区",
    "nameEn": "Aoyama Park",
    "family": "park",
    "kind": "forestMass",
    "wikidata": "Q11661217",
    "lon": 139.724748,
    "lat": 35.670055,
    "x": -3782,
    "z": 1252.2,
    "distance": 1965,
    "station": 18,
    "stationName": "Harajuku",
    "fromStation": 2017,
    "picked": false
   },
   "geometry": {
    "type": "Point",
    "coordinates": [
     139.724748,
     35.670055
    ]
   }
  },
  {
   "type": "Feature",
   "properties": {
    "id": "osm-way-109684528",
    "osmType": "way",
    "osmId": 109684528,
    "name": "青葉公園",
    "nameEn": "Aoba Park",
    "family": "park",
    "kind": "forestMass",
    "wikidata": "Q42311549",
    "lon": 139.724591,
    "lat": 35.67061,
    "x": -3796.4,
    "z": 1190.6,
    "distance": 1936,
    "station": 18,
    "stationName": "Harajuku",
    "fromStation": 2003,
    "picked": false
   },
   "geometry": {
    "type": "Point",
    "coordinates": [
     139.724591,
     35.67061
    ]
   }
  },
  {
   "type": "Feature",
   "properties": {
    "id": "osm-way-115521393",
    "osmType": "way",
    "osmId": 115521393,
    "name": "護国寺",
    "nameEn": "Gokokuji Temple",
    "family": "worship",
    "kind": "templeRoof",
    "wikidata": "Q1534481",
    "lon": 139.726848,
    "lat": 35.721101,
    "x": -3605,
    "z": -4411.5,
    "distance": 1163,
    "station": 11,
    "stationName": "Otsuka",
    "fromStation": 1179,
    "picked": false
   },
   "geometry": {
    "type": "Point",
    "coordinates": [
     139.726848,
     35.721101
    ]
   }
  },
  {
   "type": "Feature",
   "properties": {
    "id": "osm-way-116806278",
    "osmType": "way",
    "osmId": 116806278,
    "name": "宮下公園",
    "nameEn": "Miyashita Park",
    "family": "park",
    "kind": "forestMass",
    "wikidata": "Q6884419",
    "lon": 139.701756,
    "lat": 35.66194,
    "x": -5861.6,
    "z": 2156.9,
    "distance": 33,
    "station": 19,
    "stationName": "Shibuya",
    "fromStation": 429,
    "picked": true
   },
   "geometry": {
    "type": "Point",
    "coordinates": [
     139.701756,
     35.66194
    ]
   }
  },
  {
   "type": "Feature",
   "properties": {
    "id": "osm-way-117928766",
    "osmType": "way",
    "osmId": 117928766,
    "name": "LIXILギャラリー",
    "nameEn": "LIXIL Gallery",
    "family": "museum",
    "kind": "museumFacade",
    "wikidata": null,
    "lon": 139.769575,
    "lat": 35.675346,
    "x": 274.5,
    "z": 654.9,
    "distance": 444,
    "station": 29,
    "stationName": "Yurakucho",
    "fromStation": 594,
    "picked": false
   },
   "geometry": {
    "type": "Point",
    "coordinates": [
     139.769575,
     35.675346
    ]
   }
  },
  {
   "type": "Feature",
   "properties": {
    "id": "osm-way-120269977",
    "osmType": "way",
    "osmId": 120269977,
    "name": "東京海洋大学 マリンサイエンスミュージアム",
    "nameEn": null,
    "family": "museum",
    "kind": "museumFacade",
    "wikidata": "Q133225949",
    "lon": 139.748192,
    "lat": 35.627619,
    "x": -1647.7,
    "z": 5954.9,
    "distance": 875,
    "station": 24,
    "stationName": "Shinagawa",
    "fromStation": 899,
    "picked": false
   },
   "geometry": {
    "type": "Point",
    "coordinates": [
     139.748192,
     35.627619
    ]
   }
  },
  {
   "type": "Feature",
   "properties": {
    "id": "osm-way-120269991",
    "osmType": "way",
    "osmId": 120269991,
    "name": "東京海洋大学 鯨ギャラリー",
    "nameEn": null,
    "family": "museum",
    "kind": "museumFacade",
    "wikidata": null,
    "lon": 139.747951,
    "lat": 35.627599,
    "x": -1669.6,
    "z": 5957.2,
    "distance": 853,
    "station": 24,
    "stationName": "Shinagawa",
    "fromStation": 877,
    "picked": false
   },
   "geometry": {
    "type": "Point",
    "coordinates": [
     139.747951,
     35.627599
    ]
   }
  },
  {
   "type": "Feature",
   "properties": {
    "id": "osm-way-120704384",
    "osmType": "way",
    "osmId": 120704384,
    "name": "東京カテドラル聖マリア大聖堂",
    "nameEn": "St. Mary's Cathedral",
    "family": "worship",
    "kind": "templeRoof",
    "wikidata": "Q1193480",
    "lon": 139.72657,
    "lat": 35.714278,
    "x": -3628.4,
    "z": -3654.4,
    "distance": 1901,
    "station": 11,
    "stationName": "Otsuka",
    "fromStation": 1934,
    "picked": false
   },
   "geometry": {
    "type": "Point",
    "coordinates": [
     139.72657,
     35.714278
    ]
   }
  },
  {
   "type": "Feature",
   "properties": {
    "id": "osm-way-126946381",
    "osmType": "way",
    "osmId": 126946381,
    "name": "正徳寺",
    "nameEn": "Shotoku-ji",
    "family": "worship",
    "kind": "templeRoof",
    "wikidata": "Q97165807",
    "lon": 139.742707,
    "lat": 35.618583,
    "x": -2142.1,
    "z": 6958.6,
    "distance": 512,
    "station": 24,
    "stationName": "Shinagawa",
    "fromStation": 1184,
    "picked": false
   },
   "geometry": {
    "type": "Point",
    "coordinates": [
     139.742707,
     35.618583
    ]
   }
  },
  {
   "type": "Feature",
   "properties": {
    "id": "osm-way-126946384",
    "osmType": "way",
    "osmId": 126946384,
    "name": "法禅寺",
    "nameEn": null,
    "family": "worship",
    "kind": "templeRoof",
    "wikidata": "Q97165878",
    "lon": 139.741548,
    "lat": 35.61954,
    "x": -2247.4,
    "z": 6852.8,
    "distance": 385,
    "station": 24,
    "stationName": "Shinagawa",
    "fromStation": 1051,
    "picked": false
   },
   "geometry": {
    "type": "Point",
    "coordinates": [
     139.741548,
     35.61954
    ]
   }
  },
  {
   "type": "Feature",
   "properties": {
    "id": "osm-way-133340564",
    "osmType": "way",
    "osmId": 133340564,
    "name": "日本民藝館",
    "nameEn": "Japanese Folk Crafts Museum",
    "family": "museum",
    "kind": "museumFacade",
    "wikidata": "Q3789149",
    "lon": 139.679282,
    "lat": 35.660814,
    "x": -7896.1,
    "z": 2285.8,
    "distance": 1991,
    "station": 19,
    "stationName": "Shibuya",
    "fromStation": 2057,
    "picked": false
   },
   "geometry": {
    "type": "Point",
    "coordinates": [
     139.679282,
     35.660814
    ]
   }
  },
  {
   "type": "Feature",
   "properties": {
    "id": "osm-way-135154427",
    "osmType": "way",
    "osmId": 135154427,
    "name": "しながわ中央公園",
    "nameEn": null,
    "family": "park",
    "kind": "forestMass",
    "wikidata": "Q11268912",
    "lon": 139.728205,
    "lat": 35.609572,
    "x": -3453.5,
    "z": 7961.5,
    "distance": 884,
    "station": 23,
    "stationName": "Osaki",
    "fromStation": 1107,
    "picked": true
   },
   "geometry": {
    "type": "Point",
    "coordinates": [
     139.728205,
     35.609572
    ]
   }
  },
  {
   "type": "Feature",
   "properties": {
    "id": "osm-way-136587732",
    "osmType": "way",
    "osmId": 136587732,
    "name": "ストークビル道玄坂",
    "nameEn": null,
    "family": "museum",
    "kind": "museumFacade",
    "wikidata": null,
    "lon": 139.696081,
    "lat": 35.657672,
    "x": -6374.4,
    "z": 2631.5,
    "distance": 499,
    "station": 19,
    "stationName": "Shibuya",
    "fromStation": 515,
    "picked": false
   },
   "geometry": {
    "type": "Point",
    "coordinates": [
     139.696081,
     35.657672
    ]
   }
  },
  {
   "type": "Feature",
   "properties": {
    "id": "osm-way-137625432",
    "osmType": "way",
    "osmId": 137625432,
    "name": "東京大学総合研究博物館",
    "nameEn": "The University Museum, the University of Tokyo",
    "family": "museum",
    "kind": "museumFacade",
    "wikidata": "Q15524927",
    "lon": 139.761226,
    "lat": 35.708529,
    "x": -491.1,
    "z": -3024.4,
    "distance": 1224,
    "station": 3,
    "stationName": "Okachimachi",
    "fromStation": 1224,
    "picked": false
   },
   "geometry": {
    "type": "Point",
    "coordinates": [
     139.761226,
     35.708529
    ]
   }
  },
  {
   "type": "Feature",
   "properties": {
    "id": "osm-way-138522541",
    "osmType": "way",
    "osmId": 138522541,
    "name": "新宿瑠璃光院白蓮華堂",
    "nameEn": null,
    "family": "worship",
    "kind": "templeRoof",
    "wikidata": "Q127271380",
    "lon": 139.698688,
    "lat": 35.687286,
    "x": -6145.1,
    "z": -654.5,
    "distance": 189,
    "station": 16,
    "stationName": "Shinjuku",
    "fromStation": 239,
    "picked": true
   },
   "geometry": {
    "type": "Point",
    "coordinates": [
     139.698688,
     35.687286
    ]
   }
  },
  {
   "type": "Feature",
   "properties": {
    "id": "osm-way-138576906",
    "osmType": "way",
    "osmId": 138576906,
    "name": "北谷公園",
    "nameEn": "Shibuya Kitaya Park",
    "family": "park",
    "kind": "forestMass",
    "wikidata": "Q42312080",
    "lon": 139.699646,
    "lat": 35.664074,
    "x": -6053.1,
    "z": 1920.6,
    "distance": 178,
    "station": 19,
    "stationName": "Shibuya",
    "fromStation": 692,
    "picked": false
   },
   "geometry": {
    "type": "Point",
    "coordinates": [
     139.699646,
     35.664074
    ]
   }
  },
  {
   "type": "Feature",
   "properties": {
    "id": "osm-way-138585452",
    "osmType": "way",
    "osmId": 138585452,
    "name": "清水観音堂",
    "nameEn": "Kiyomizu Kannon-dō",
    "family": "worship",
    "kind": "templeRoof",
    "wikidata": "Q99541117",
    "lon": 139.773539,
    "lat": 35.712718,
    "x": 621.9,
    "z": -3492.2,
    "distance": 156,
    "station": 4,
    "stationName": "Ueno",
    "fromStation": 250,
    "picked": true
   },
   "geometry": {
    "type": "Point",
    "coordinates": [
     139.773539,
     35.712718
    ]
   }
  },
  {
   "type": "Feature",
   "properties": {
    "id": "osm-way-138698485",
    "osmType": "way",
    "osmId": 138698485,
    "name": "明治神宮宝物殿",
    "nameEn": "Meiji Jingu Treasure Museum",
    "family": "museum",
    "kind": "museumFacade",
    "wikidata": "Q133288913",
    "lon": 139.698013,
    "lat": 35.67999,
    "x": -6204.5,
    "z": 155.2,
    "distance": 474,
    "station": 17,
    "stationName": "Yoyogi",
    "fromStation": 570,
    "picked": true
   },
   "geometry": {
    "type": "Point",
    "coordinates": [
     139.698013,
     35.67999
    ]
   }
  },
  {
   "type": "Feature",
   "properties": {
    "id": "osm-way-138917022",
    "osmType": "way",
    "osmId": 138917022,
    "name": "長泉寺",
    "nameEn": "Chōsen-ji",
    "family": "worship",
    "kind": "templeRoof",
    "wikidata": "Q11653234",
    "lon": 139.702801,
    "lat": 35.666119,
    "x": -5767.9,
    "z": 1693.1,
    "distance": 81,
    "station": 18,
    "stationName": "Harajuku",
    "fromStation": 456,
    "picked": false
   },
   "geometry": {
    "type": "Point",
    "coordinates": [
     139.702801,
     35.666119
    ]
   }
  },
  {
   "type": "Feature",
   "properties": {
    "id": "osm-way-138921337",
    "osmType": "way",
    "osmId": 138921337,
    "name": "穏田神社",
    "nameEn": null,
    "family": "worship",
    "kind": "templeRoof",
    "wikidata": "Q38275942",
    "lon": 139.704149,
    "lat": 35.664984,
    "x": -5645.7,
    "z": 1818.8,
    "distance": 216,
    "station": 18,
    "stationName": "Harajuku",
    "fromStation": 600,
    "picked": false
   },
   "geometry": {
    "type": "Point",
    "coordinates": [
     139.704149,
     35.664984
    ]
   }
  },
  {
   "type": "Feature",
   "properties": {
    "id": "osm-way-139043736",
    "osmType": "way",
    "osmId": 139043736,
    "name": "太田記念美術館",
    "nameEn": "Ota Memorial Museum of Art",
    "family": "museum",
    "kind": "museumFacade",
    "wikidata": "Q3815442",
    "lon": 139.704903,
    "lat": 35.669412,
    "x": -5578.4,
    "z": 1327.3,
    "distance": 229,
    "station": 18,
    "stationName": "Harajuku",
    "fromStation": 238,
    "picked": false
   },
   "geometry": {
    "type": "Point",
    "coordinates": [
     139.704903,
     35.669412
    ]
   }
  },
  {
   "type": "Feature",
   "properties": {
    "id": "osm-way-139228634",
    "osmType": "way",
    "osmId": 139228634,
    "name": "善光寺",
    "nameEn": "Zenkōji",
    "family": "worship",
    "kind": "templeRoof",
    "wikidata": "Q48519399",
    "lon": 139.712327,
    "lat": 35.666505,
    "x": -4905.6,
    "z": 1648.5,
    "distance": 933,
    "station": 18,
    "stationName": "Harajuku",
    "fromStation": 983,
    "picked": false
   },
   "geometry": {
    "type": "Point",
    "coordinates": [
     139.712327,
     35.666505
    ]
   }
  },
  {
   "type": "Feature",
   "properties": {
    "id": "osm-way-139712014",
    "osmType": "way",
    "osmId": 139712014,
    "name": "ワタリウム美術館",
    "nameEn": "The Watari Museum Contemporary Art",
    "family": "museum",
    "kind": "museumFacade",
    "wikidata": "Q3915469",
    "lon": 139.713376,
    "lat": 35.670727,
    "x": -4811.7,
    "z": 1179.9,
    "distance": 953,
    "station": 18,
    "stationName": "Harajuku",
    "fromStation": 989,
    "picked": false
   },
   "geometry": {
    "type": "Point",
    "coordinates": [
     139.713376,
     35.670727
    ]
   }
  },
  {
   "type": "Feature",
   "properties": {
    "id": "osm-way-139712051",
    "osmType": "way",
    "osmId": 139712051,
    "name": "長安寺",
    "nameEn": null,
    "family": "worship",
    "kind": "templeRoof",
    "wikidata": "Q17214502",
    "lon": 139.712754,
    "lat": 35.670715,
    "x": -4868,
    "z": 1181.4,
    "distance": 899,
    "station": 18,
    "stationName": "Harajuku",
    "fromStation": 933,
    "picked": false
   },
   "geometry": {
    "type": "Point",
    "coordinates": [
     139.712754,
     35.670715
    ]
   }
  },
  {
   "type": "Feature",
   "properties": {
    "id": "osm-way-139972313",
    "osmType": "way",
    "osmId": 139972313,
    "name": "根津美術館",
    "nameEn": "Nezu Museum",
    "family": "museum",
    "kind": "museumFacade",
    "wikidata": "Q1047097",
    "lon": 139.717353,
    "lat": 35.662194,
    "x": -4449.6,
    "z": 2125.7,
    "distance": 1438,
    "station": 19,
    "stationName": "Shibuya",
    "fromStation": 1485,
    "picked": false
   },
   "geometry": {
    "type": "Point",
    "coordinates": [
     139.717353,
     35.662194
    ]
   }
  },
  {
   "type": "Feature",
   "properties": {
    "id": "osm-way-139972421",
    "osmType": "way",
    "osmId": 139972421,
    "name": "長谷寺",
    "nameEn": null,
    "family": "worship",
    "kind": "templeRoof",
    "wikidata": "Q11653679",
    "lon": 139.71902,
    "lat": 35.660902,
    "x": -4298.3,
    "z": 2268.7,
    "distance": 1469,
    "station": 19,
    "stationName": "Shibuya",
    "fromStation": 1595,
    "picked": false
   },
   "geometry": {
    "type": "Point",
    "coordinates": [
     139.71902,
     35.660902
    ]
   }
  },
  {
   "type": "Feature",
   "properties": {
    "id": "osm-way-140099041",
    "osmType": "way",
    "osmId": 140099041,
    "name": "憲政記念館",
    "nameEn": "Parliamentary Museum",
    "family": "museum",
    "kind": "museumFacade",
    "wikidata": "Q11495238",
    "lon": 139.747012,
    "lat": 35.678347,
    "x": -1768.8,
    "z": 327.4,
    "distance": 1369,
    "station": 29,
    "stationName": "Yurakucho",
    "fromStation": 1498,
    "picked": false
   },
   "geometry": {
    "type": "Point",
    "coordinates": [
     139.747012,
     35.678347
    ]
   }
  },
  {
   "type": "Feature",
   "properties": {
    "id": "osm-way-140349575",
    "osmType": "way",
    "osmId": 140349575,
    "name": "龍泉寺",
    "nameEn": null,
    "family": "worship",
    "kind": "templeRoof",
    "wikidata": "Q119928678",
    "lon": 139.722354,
    "lat": 35.669426,
    "x": -3998.6,
    "z": 1322.4,
    "distance": 1773,
    "station": 18,
    "stationName": "Harajuku",
    "fromStation": 1802,
    "picked": false
   },
   "geometry": {
    "type": "Point",
    "coordinates": [
     139.722354,
     35.669426
    ]
   }
  },
  {
   "type": "Feature",
   "properties": {
    "id": "osm-way-141293484",
    "osmType": "way",
    "osmId": 141293484,
    "name": "金王八幡宮",
    "nameEn": "Konnou Hachimangu Shrine",
    "family": "worship",
    "kind": "templeRoof",
    "wikidata": "Q11647638",
    "lon": 139.706235,
    "lat": 35.657576,
    "x": -5455.1,
    "z": 2640.3,
    "distance": 325,
    "station": 19,
    "stationName": "Shibuya",
    "fromStation": 410,
    "picked": true
   },
   "geometry": {
    "type": "Point",
    "coordinates": [
     139.706235,
     35.657576
    ]
   }
  },
  {
   "type": "Feature",
   "properties": {
    "id": "osm-way-141293900",
    "osmType": "way",
    "osmId": 141293900,
    "name": "東福寺",
    "nameEn": null,
    "family": "worship",
    "kind": "templeRoof",
    "wikidata": "Q21019235",
    "lon": 139.706592,
    "lat": 35.657788,
    "x": -5422.8,
    "z": 2616.7,
    "distance": 365,
    "station": 19,
    "stationName": "Shibuya",
    "fromStation": 439,
    "picked": false
   },
   "geometry": {
    "type": "Point",
    "coordinates": [
     139.706592,
     35.657788
    ]
   }
  },
  {
   "type": "Feature",
   "properties": {
    "id": "osm-way-141296986",
    "osmType": "way",
    "osmId": 141296986,
    "name": "常盤松御用邸",
    "nameEn": "Tokiwa Matsu Imperial Villa",
    "family": "historic",
    "kind": "museumFacade",
    "wikidata": "Q65266322",
    "lon": 139.712723,
    "lat": 35.65758,
    "x": -4867.7,
    "z": 2638.6,
    "distance": 791,
    "station": 19,
    "stationName": "Shibuya",
    "fromStation": 995,
    "picked": false
   },
   "geometry": {
    "type": "Point",
    "coordinates": [
     139.712723,
     35.65758
    ]
   }
  },
  {
   "type": "Feature",
   "properties": {
    "id": "osm-way-145344062",
    "osmType": "way",
    "osmId": 145344062,
    "name": "法隆寺宝物館",
    "nameEn": "The Gallery of Horyuji Treasures",
    "family": "museum",
    "kind": "museumFacade",
    "wikidata": "Q123195811",
    "lon": 139.774094,
    "lat": 35.718678,
    "x": 670.2,
    "z": -4153.6,
    "distance": 461,
    "station": 5,
    "stationName": "Uguisudani",
    "fromStation": 480,
    "picked": false
   },
   "geometry": {
    "type": "Point",
    "coordinates": [
     139.774094,
     35.718678
    ]
   }
  },
  {
   "type": "Feature",
   "properties": {
    "id": "osm-way-145344085",
    "osmType": "way",
    "osmId": 145344085,
    "name": "上野東照宮",
    "nameEn": "Ueno Tōshō-gū Shrine",
    "family": "worship",
    "kind": "templeRoof",
    "wikidata": "Q708550",
    "lon": 139.770632,
    "lat": 35.715398,
    "x": 358,
    "z": -3788.8,
    "distance": 529,
    "station": 4,
    "stationName": "Ueno",
    "fromStation": 532,
    "picked": false
   },
   "geometry": {
    "type": "Point",
    "coordinates": [
     139.770632,
     35.715398
    ]
   }
  },
  {
   "type": "Feature",
   "properties": {
    "id": "osm-way-145344185",
    "osmType": "way",
    "osmId": 145344185,
    "name": "表慶館",
    "nameEn": "Hyokeikan",
    "family": "museum",
    "kind": "museumFacade",
    "wikidata": null,
    "lon": 139.77524,
    "lat": 35.718613,
    "x": 773.9,
    "z": -4146.6,
    "distance": 372,
    "station": 5,
    "stationName": "Uguisudani",
    "fromStation": 418,
    "picked": false
   },
   "geometry": {
    "type": "Point",
    "coordinates": [
     139.77524,
     35.718613
    ]
   }
  },
  {
   "type": "Feature",
   "properties": {
    "id": "osm-way-145344198",
    "osmType": "way",
    "osmId": 145344198,
    "name": "したまちミュージアム",
    "nameEn": "Shitamachi Museum",
    "family": "museum",
    "kind": "museumFacade",
    "wikidata": "Q3915464",
    "lon": 139.772747,
    "lat": 35.710239,
    "x": 550.9,
    "z": -3216.9,
    "distance": 174,
    "station": 3,
    "stationName": "Okachimachi",
    "fromStation": 401,
    "picked": true
   },
   "geometry": {
    "type": "Point",
    "coordinates": [
     139.772747,
     35.710239
    ]
   }
  },
  {
   "type": "Feature",
   "properties": {
    "id": "osm-way-145344201",
    "osmType": "way",
    "osmId": 145344201,
    "name": "開山堂",
    "nameEn": "Tōeizan Kan’ei-ji Kaisandō (Founder’s Hall of Kan’ei-ji)",
    "family": "worship",
    "kind": "templeRoof",
    "wikidata": "Q11637728",
    "lon": 139.777633,
    "lat": 35.717193,
    "x": 990.9,
    "z": -3989.7,
    "distance": 104,
    "station": 4,
    "stationName": "Ueno",
    "fromStation": 423,
    "picked": false
   },
   "geometry": {
    "type": "Point",
    "coordinates": [
     139.777633,
     35.717193
    ]
   }
  },
  {
   "type": "Feature",
   "properties": {
    "id": "osm-way-145400030",
    "osmType": "way",
    "osmId": 145400030,
    "name": "桜田門",
    "nameEn": "Sakurada Gate",
    "family": "historic",
    "kind": "museumFacade",
    "wikidata": "Q5369428",
    "lon": 139.75394,
    "lat": 35.678502,
    "x": -1141.7,
    "z": 308.6,
    "distance": 858,
    "station": 29,
    "stationName": "Yurakucho",
    "fromStation": 911,
    "picked": false
   },
   "geometry": {
    "type": "Point",
    "coordinates": [
     139.75394,
     35.678502
    ]
   }
  },
  {
   "type": "Feature",
   "properties": {
    "id": "osm-way-145408909",
    "osmType": "way",
    "osmId": 145408909,
    "name": "日比谷公園",
    "nameEn": "Hibiya Park",
    "family": "park",
    "kind": "forestMass",
    "wikidata": "Q1378533",
    "lon": 139.756177,
    "lat": 35.673711,
    "x": -937.8,
    "z": 839.5,
    "distance": 396,
    "station": 29,
    "stationName": "Yurakucho",
    "fromStation": 636,
    "picked": true
   },
   "geometry": {
    "type": "Point",
    "coordinates": [
     139.756177,
     35.673711
    ]
   }
  },
  {
   "type": "Feature",
   "properties": {
    "id": "osm-way-145501856",
    "osmType": "way",
    "osmId": 145501856,
    "name": "宮内庁 三の丸尚蔵館",
    "nameEn": "Sannomaru Shozokan",
    "family": "museum",
    "kind": "museumFacade",
    "wikidata": "Q3076188",
    "lon": 139.758946,
    "lat": 35.686537,
    "x": -690.9,
    "z": -584.1,
    "distance": 846,
    "station": 0,
    "stationName": "Tokyo",
    "fromStation": 905,
    "picked": false
   },
   "geometry": {
    "type": "Point",
    "coordinates": [
     139.758946,
     35.686537
    ]
   }
  },
  {
   "type": "Feature",
   "properties": {
    "id": "osm-way-145660758",
    "osmType": "way",
    "osmId": 145660758,
    "name": "金刀比羅宮",
    "nameEn": "Kotohira Shrine",
    "family": "worship",
    "kind": "templeRoof",
    "wikidata": "Q11646485",
    "lon": 139.748011,
    "lat": 35.669594,
    "x": -1675.9,
    "z": 1298.2,
    "distance": 922,
    "station": 28,
    "stationName": "Shimbashi",
    "fromStation": 988,
    "picked": false
   },
   "geometry": {
    "type": "Point",
    "coordinates": [
     139.748011,
     35.669594
    ]
   }
  },
  {
   "type": "Feature",
   "properties": {
    "id": "osm-way-146352413",
    "osmType": "way",
    "osmId": 146352413,
    "name": "蓮城寺",
    "nameEn": "Renjo-ji",
    "family": "worship",
    "kind": "templeRoof",
    "wikidata": "Q111693645",
    "lon": 139.781874,
    "lat": 35.712207,
    "x": 1376.1,
    "z": -3437.6,
    "distance": 527,
    "station": 4,
    "stationName": "Ueno",
    "fromStation": 546,
    "picked": false
   },
   "geometry": {
    "type": "Point",
    "coordinates": [
     139.781874,
     35.712207
    ]
   }
  },
  {
   "type": "Feature",
   "properties": {
    "id": "osm-way-147617674",
    "osmType": "way",
    "osmId": 147617674,
    "name": "池田山公園",
    "nameEn": "Ikedayama Park",
    "family": "park",
    "kind": "forestMass",
    "wikidata": "Q11551828",
    "lon": 139.723496,
    "lat": 35.632267,
    "x": -3885.8,
    "z": 5444.7,
    "distance": 489,
    "station": 22,
    "stationName": "Gotanda",
    "fromStation": 663,
    "picked": false
   },
   "geometry": {
    "type": "Point",
    "coordinates": [
     139.723496,
     35.632267
    ]
   }
  },
  {
   "type": "Feature",
   "properties": {
    "id": "osm-way-148541358",
    "osmType": "way",
    "osmId": 148541358,
    "name": "真宗高田派 方廣山 常國寺",
    "nameEn": "Jokoku-ji Temple",
    "family": "worship",
    "kind": "templeRoof",
    "wikidata": "Q115138917",
    "lon": 139.742502,
    "lat": 35.667709,
    "x": -2174.1,
    "z": 1508.6,
    "distance": 1401,
    "station": 28,
    "stationName": "Shimbashi",
    "fromStation": 1421,
    "picked": false
   },
   "geometry": {
    "type": "Point",
    "coordinates": [
     139.742502,
     35.667709
    ]
   }
  },
  {
   "type": "Feature",
   "properties": {
    "id": "osm-way-148790550",
    "osmType": "way",
    "osmId": 148790550,
    "name": "八幡神社",
    "nameEn": "Hachiman Shrine",
    "family": "worship",
    "kind": "templeRoof",
    "wikidata": "Q11391082",
    "lon": 139.742754,
    "lat": 35.661546,
    "x": -2149.6,
    "z": 2192.3,
    "distance": 1412,
    "station": 27,
    "stationName": "Hamamatsucho",
    "fromStation": 1477,
    "picked": false
   },
   "geometry": {
    "type": "Point",
    "coordinates": [
     139.742754,
     35.661546
    ]
   }
  },
  {
   "type": "Feature",
   "properties": {
    "id": "osm-way-149712472",
    "osmType": "way",
    "osmId": 149712472,
    "name": "天徳寺",
    "nameEn": null,
    "family": "worship",
    "kind": "templeRoof",
    "wikidata": "Q97376117",
    "lon": 139.747004,
    "lat": 35.664197,
    "x": -1765.6,
    "z": 1897.2,
    "distance": 1025,
    "station": 28,
    "stationName": "Shimbashi",
    "fromStation": 1027,
    "picked": false
   },
   "geometry": {
    "type": "Point",
    "coordinates": [
     139.747004,
     35.664197
    ]
   }
  },
  {
   "type": "Feature",
   "properties": {
    "id": "osm-way-149712474",
    "osmType": "way",
    "osmId": 149712474,
    "name": "興昭院",
    "nameEn": null,
    "family": "worship",
    "kind": "templeRoof",
    "wikidata": "Q112083033",
    "lon": 139.747819,
    "lat": 35.66504,
    "x": -1692,
    "z": 1803.5,
    "distance": 938,
    "station": 28,
    "stationName": "Shimbashi",
    "fromStation": 938,
    "picked": false
   },
   "geometry": {
    "type": "Point",
    "coordinates": [
     139.747819,
     35.66504
    ]
   }
  },
  {
   "type": "Feature",
   "properties": {
    "id": "osm-way-149714788",
    "osmType": "way",
    "osmId": 149714788,
    "name": "波除稲荷神社",
    "nameEn": "Namiyoke Inari Shrine",
    "family": "worship",
    "kind": "templeRoof",
    "wikidata": "Q3335477",
    "lon": 139.771549,
    "lat": 35.663491,
    "x": 456.9,
    "z": 1969.7,
    "distance": 1178,
    "station": 28,
    "stationName": "Shimbashi",
    "fromStation": 1254,
    "picked": false
   },
   "geometry": {
    "type": "Point",
    "coordinates": [
     139.771549,
     35.663491
    ]
   }
  },
  {
   "type": "Feature",
   "properties": {
    "id": "osm-way-149718414",
    "osmType": "way",
    "osmId": 149718414,
    "name": "光明寺",
    "nameEn": "Komyoji Temple",
    "family": "worship",
    "kind": "templeRoof",
    "wikidata": "Q132044205",
    "lon": 139.745442,
    "lat": 35.662422,
    "x": -1906.5,
    "z": 2094.5,
    "distance": 1189,
    "station": 28,
    "stationName": "Shimbashi",
    "fromStation": 1218,
    "picked": false
   },
   "geometry": {
    "type": "Point",
    "coordinates": [
     139.745442,
     35.662422
    ]
   }
  },
  {
   "type": "Feature",
   "properties": {
    "id": "osm-way-150624609",
    "osmType": "way",
    "osmId": 150624609,
    "name": "いせ源",
    "nameEn": "Isegen",
    "family": "historic",
    "kind": "museumFacade",
    "wikidata": "Q11259411",
    "lon": 139.769166,
    "lat": 35.696578,
    "x": 231,
    "z": -1700.5,
    "distance": 323,
    "station": 2,
    "stationName": "Akihabara",
    "fromStation": 400,
    "picked": false
   },
   "geometry": {
    "type": "Point",
    "coordinates": [
     139.769166,
     35.696578
    ]
   }
  },
  {
   "type": "Feature",
   "properties": {
    "id": "osm-way-150624644",
    "osmType": "way",
    "osmId": 150624644,
    "name": "出世稲荷神社",
    "nameEn": null,
    "family": "worship",
    "kind": "templeRoof",
    "wikidata": "Q133357554",
    "lon": 139.769256,
    "lat": 35.696428,
    "x": 239.3,
    "z": -1683.9,
    "distance": 311,
    "station": 2,
    "stationName": "Akihabara",
    "fromStation": 401,
    "picked": false
   },
   "geometry": {
    "type": "Point",
    "coordinates": [
     139.769256,
     35.696428
    ]
   }
  },
  {
   "type": "Feature",
   "properties": {
    "id": "osm-way-150773380",
    "osmType": "way",
    "osmId": 150773380,
    "name": "落合中央公園",
    "nameEn": "Ochiai Central Park",
    "family": "park",
    "kind": "forestMass",
    "wikidata": "Q11620561",
    "lon": 139.693241,
    "lat": 35.712576,
    "x": -6643.6,
    "z": -3459.2,
    "distance": 905,
    "station": 14,
    "stationName": "Takadanobaba",
    "fromStation": 945,
    "picked": false
   },
   "geometry": {
    "type": "Point",
    "coordinates": [
     139.693241,
     35.712576
    ]
   }
  },
  {
   "type": "Feature",
   "properties": {
    "id": "osm-way-151332916",
    "osmType": "way",
    "osmId": 151332916,
    "name": "南桜公園",
    "nameEn": "Minamisakura Park",
    "family": "park",
    "kind": "forestMass",
    "wikidata": "Q62678168",
    "lon": 139.752675,
    "lat": 35.666307,
    "x": -1252.7,
    "z": 1661.8,
    "distance": 486,
    "station": 28,
    "stationName": "Shimbashi",
    "fromStation": 490,
    "picked": true
   },
   "geometry": {
    "type": "Point",
    "coordinates": [
     139.752675,
     35.666307
    ]
   }
  },
  {
   "type": "Feature",
   "properties": {
    "id": "osm-way-152340249",
    "osmType": "way",
    "osmId": 152340249,
    "name": "黒田記念館",
    "nameEn": "Kuroda Memorial Hall",
    "family": "museum",
    "kind": "museumFacade",
    "wikidata": "Q123195608",
    "lon": 139.773313,
    "lat": 35.718904,
    "x": 599.4,
    "z": -4178.4,
    "distance": 514,
    "station": 5,
    "stationName": "Uguisudani",
    "fromStation": 518,
    "picked": false
   },
   "geometry": {
    "type": "Point",
    "coordinates": [
     139.773313,
     35.718904
    ]
   }
  },
  {
   "type": "Feature",
   "properties": {
    "id": "osm-way-153990148",
    "osmType": "way",
    "osmId": 153990148,
    "name": "寛永寺",
    "nameEn": "Kan'eiji Temple",
    "family": "worship",
    "kind": "templeRoof",
    "wikidata": "Q3120766",
    "lon": 139.774369,
    "lat": 35.721578,
    "x": 694.2,
    "z": -4475.4,
    "distance": 242,
    "station": 5,
    "stationName": "Uguisudani",
    "fromStation": 320,
    "picked": false
   },
   "geometry": {
    "type": "Point",
    "coordinates": [
     139.774369,
     35.721578
    ]
   }
  },
  {
   "type": "Feature",
   "properties": {
    "id": "osm-way-153990150",
    "osmType": "way",
    "osmId": 153990150,
    "name": "法昌寺",
    "nameEn": "Hosho-ji Temple",
    "family": "worship",
    "kind": "templeRoof",
    "wikidata": "Q106485901",
    "lon": 139.783402,
    "lat": 35.721434,
    "x": 1511.5,
    "z": -4461.7,
    "distance": 392,
    "station": 5,
    "stationName": "Uguisudani",
    "fromStation": 498,
    "picked": false
   },
   "geometry": {
    "type": "Point",
    "coordinates": [
     139.783402,
     35.721434
    ]
   }
  },
  {
   "type": "Feature",
   "properties": {
    "id": "osm-way-153990153",
    "osmType": "way",
    "osmId": 153990153,
    "name": "西念寺",
    "nameEn": null,
    "family": "worship",
    "kind": "templeRoof",
    "wikidata": "Q106836948",
    "lon": 139.782747,
    "lat": 35.723778,
    "x": 1451.4,
    "z": -4721.6,
    "distance": 487,
    "station": 5,
    "stationName": "Uguisudani",
    "fromStation": 495,
    "picked": false
   },
   "geometry": {
    "type": "Point",
    "coordinates": [
     139.782747,
     35.723778
    ]
   }
  },
  {
   "type": "Feature",
   "properties": {
    "id": "osm-way-153990163",
    "osmType": "way",
    "osmId": 153990163,
    "name": "徳川綱吉霊廟勅額門",
    "nameEn": "Tokugawa Tsunayoshi Jōken-in Mausoleum Gate",
    "family": "historic",
    "kind": "museumFacade",
    "wikidata": "Q11481391",
    "lon": 139.776065,
    "lat": 35.721506,
    "x": 847.7,
    "z": -4467.8,
    "distance": 135,
    "station": 5,
    "stationName": "Uguisudani",
    "fromStation": 168,
    "picked": false
   },
   "geometry": {
    "type": "Point",
    "coordinates": [
     139.776065,
     35.721506
    ]
   }
  },
  {
   "type": "Feature",
   "properties": {
    "id": "osm-way-155285250",
    "osmType": "way",
    "osmId": 155285250,
    "name": "天龍寺",
    "nameEn": "Tenryuji Temple",
    "family": "worship",
    "kind": "templeRoof",
    "wikidata": "Q17219126",
    "lon": 139.704201,
    "lat": 35.688741,
    "x": -5646.4,
    "z": -816.9,
    "distance": 335,
    "station": 16,
    "stationName": "Shinjuku",
    "fromStation": 351,
    "picked": false
   },
   "geometry": {
    "type": "Point",
    "coordinates": [
     139.704201,
     35.688741
    ]
   }
  },
  {
   "type": "Feature",
   "properties": {
    "id": "osm-way-155289385",
    "osmType": "way",
    "osmId": 155289385,
    "name": "仙行寺",
    "nameEn": "Sengyōji",
    "family": "worship",
    "kind": "templeRoof",
    "wikidata": "Q29407993",
    "lon": 139.714347,
    "lat": 35.726566,
    "x": -4737.3,
    "z": -5015.3,
    "distance": 423,
    "station": 12,
    "stationName": "Ikebukuro",
    "fromStation": 509,
    "picked": false
   },
   "geometry": {
    "type": "Point",
    "coordinates": [
     139.714347,
     35.726566
    ]
   }
  },
  {
   "type": "Feature",
   "properties": {
    "id": "osm-way-155289523",
    "osmType": "way",
    "osmId": 155289523,
    "name": "南池袋公園",
    "nameEn": null,
    "family": "park",
    "kind": "forestMass",
    "wikidata": "Q11408045",
    "lon": 139.714351,
    "lat": 35.727548,
    "x": -4737.2,
    "z": -5124.2,
    "distance": 390,
    "station": 12,
    "stationName": "Ikebukuro",
    "fromStation": 427,
    "picked": false
   },
   "geometry": {
    "type": "Point",
    "coordinates": [
     139.714351,
     35.727548
    ]
   }
  },
  {
   "type": "Feature",
   "properties": {
    "id": "osm-way-157191107",
    "osmType": "way",
    "osmId": 157191107,
    "name": "東禅寺",
    "nameEn": "Tozen-ji",
    "family": "worship",
    "kind": "templeRoof",
    "wikidata": "Q2750171",
    "lon": 139.735156,
    "lat": 35.634128,
    "x": -2830.2,
    "z": 5235.8,
    "distance": 425,
    "station": 25,
    "stationName": "Takanawa Gateway",
    "fromStation": 508,
    "picked": false
   },
   "geometry": {
    "type": "Point",
    "coordinates": [
     139.735156,
     35.634128
    ]
   }
  },
  {
   "type": "Feature",
   "properties": {
    "id": "osm-way-157214547",
    "osmType": "way",
    "osmId": 157214547,
    "name": "浜町公園",
    "nameEn": "Hamacho Park",
    "family": "park",
    "kind": "forestMass",
    "wikidata": "Q11558030",
    "lon": 139.7889,
    "lat": 35.688252,
    "x": 2019.7,
    "z": -781.9,
    "distance": 1662,
    "station": 1,
    "stationName": "Kanda",
    "fromStation": 1670,
    "picked": false
   },
   "geometry": {
    "type": "Point",
    "coordinates": [
     139.7889,
     35.688252
    ]
   }
  },
  {
   "type": "Feature",
   "properties": {
    "id": "osm-way-157344047",
    "osmType": "way",
    "osmId": 157344047,
    "name": "四谷山 笹寺",
    "nameEn": "Shikokusan Zen Temple",
    "family": "worship",
    "kind": "templeRoof",
    "wikidata": "Q21019163",
    "lon": 139.717857,
    "lat": 35.686575,
    "x": -4409.9,
    "z": -579.3,
    "distance": 1453,
    "station": 17,
    "stationName": "Yoyogi",
    "fromStation": 1462,
    "picked": false
   },
   "geometry": {
    "type": "Point",
    "coordinates": [
     139.717857,
     35.686575
    ]
   }
  },
  {
   "type": "Feature",
   "properties": {
    "id": "osm-way-157391344",
    "osmType": "way",
    "osmId": 157391344,
    "name": "太宗寺",
    "nameEn": "Taisoji Temple",
    "family": "worship",
    "kind": "templeRoof",
    "wikidata": "Q11443889",
    "lon": 139.70923,
    "lat": 35.689693,
    "x": -5191.5,
    "z": -923.5,
    "distance": 801,
    "station": 16,
    "stationName": "Shinjuku",
    "fromStation": 809,
    "picked": false
   },
   "geometry": {
    "type": "Point",
    "coordinates": [
     139.70923,
     35.689693
    ]
   }
  },
  {
   "type": "Feature",
   "properties": {
    "id": "osm-way-157392661",
    "osmType": "way",
    "osmId": 157392661,
    "name": "源慶寺",
    "nameEn": null,
    "family": "worship",
    "kind": "templeRoof",
    "wikidata": "Q120973665",
    "lon": 139.715932,
    "lat": 35.690981,
    "x": -4585.2,
    "z": -1067.7,
    "distance": 1422,
    "station": 16,
    "stationName": "Shinjuku",
    "fromStation": 1430,
    "picked": false
   },
   "geometry": {
    "type": "Point",
    "coordinates": [
     139.715932,
     35.690981
    ]
   }
  },
  {
   "type": "Feature",
   "properties": {
    "id": "osm-way-157392672",
    "osmType": "way",
    "osmId": 157392672,
    "name": "東長寺",
    "nameEn": null,
    "family": "worship",
    "kind": "templeRoof",
    "wikidata": "Q107922267",
    "lon": 139.715478,
    "lat": 35.690652,
    "x": -4626.2,
    "z": -1031.1,
    "distance": 1372,
    "station": 16,
    "stationName": "Shinjuku",
    "fromStation": 1384,
    "picked": false
   },
   "geometry": {
    "type": "Point",
    "coordinates": [
     139.715478,
     35.690652
    ]
   }
  },
  {
   "type": "Feature",
   "properties": {
    "id": "osm-way-157415926",
    "osmType": "way",
    "osmId": 157415926,
    "name": "参宮橋公園",
    "nameEn": null,
    "family": "park",
    "kind": "forestMass",
    "wikidata": "Q42311956",
    "lon": 139.692768,
    "lat": 35.679009,
    "x": -6679.1,
    "z": 264.9,
    "distance": 961,
    "station": 17,
    "stationName": "Yoyogi",
    "fromStation": 1002,
    "picked": false
   },
   "geometry": {
    "type": "Point",
    "coordinates": [
     139.692768,
     35.679009
    ]
   }
  },
  {
   "type": "Feature",
   "properties": {
    "id": "osm-way-157415983",
    "osmType": "way",
    "osmId": 157415983,
    "name": "養國寺",
    "nameEn": "Yokokuji Temple",
    "family": "worship",
    "kind": "templeRoof",
    "wikidata": "Q107922268",
    "lon": 139.720323,
    "lat": 35.691291,
    "x": -4187.9,
    "z": -1102.9,
    "distance": 1813,
    "station": 16,
    "stationName": "Shinjuku",
    "fromStation": 1828,
    "picked": false
   },
   "geometry": {
    "type": "Point",
    "coordinates": [
     139.720323,
     35.691291
    ]
   }
  },
  {
   "type": "Feature",
   "properties": {
    "id": "osm-way-157415986",
    "osmType": "way",
    "osmId": 157415986,
    "name": "瑞円寺",
    "nameEn": "Zuenden-ji",
    "family": "worship",
    "kind": "templeRoof",
    "wikidata": "Q11573866",
    "lon": 139.710854,
    "lat": 35.676674,
    "x": -5041.4,
    "z": 520.6,
    "distance": 622,
    "station": 18,
    "stationName": "Harajuku",
    "fromStation": 1044,
    "picked": false
   },
   "geometry": {
    "type": "Point",
    "coordinates": [
     139.710854,
     35.676674
    ]
   }
  },
  {
   "type": "Feature",
   "properties": {
    "id": "osm-way-157415988",
    "osmType": "way",
    "osmId": 157415988,
    "name": "五劫山　法蔵寺",
    "nameEn": null,
    "family": "worship",
    "kind": "templeRoof",
    "wikidata": "Q106836811",
    "lon": 139.722904,
    "lat": 35.686652,
    "x": -3953.1,
    "z": -588.8,
    "distance": 1890,
    "station": 17,
    "stationName": "Yoyogi",
    "fromStation": 1913,
    "picked": false
   },
   "geometry": {
    "type": "Point",
    "coordinates": [
     139.722904,
     35.686652
    ]
   }
  },
  {
   "type": "Feature",
   "properties": {
    "id": "osm-way-157415989",
    "osmType": "way",
    "osmId": 157415989,
    "name": "仙寿院",
    "nameEn": "Senju-in",
    "family": "worship",
    "kind": "templeRoof",
    "wikidata": "Q11378113",
    "lon": 139.711676,
    "lat": 35.675412,
    "x": -4966.7,
    "z": 660.5,
    "distance": 695,
    "station": 18,
    "stationName": "Harajuku",
    "fromStation": 1013,
    "picked": false
   },
   "geometry": {
    "type": "Point",
    "coordinates": [
     139.711676,
     35.675412
    ]
   }
  },
  {
   "type": "Feature",
   "properties": {
    "id": "osm-way-157415990",
    "osmType": "way",
    "osmId": 157415990,
    "name": "妙行寺",
    "nameEn": "Myogyoji Temple",
    "family": "worship",
    "kind": "templeRoof",
    "wikidata": "Q48754663",
    "lon": 139.72273,
    "lat": 35.68557,
    "x": -3968.6,
    "z": -468.7,
    "distance": 1844,
    "station": 17,
    "stationName": "Yoyogi",
    "fromStation": 1882,
    "picked": false
   },
   "geometry": {
    "type": "Point",
    "coordinates": [
     139.72273,
     35.68557
    ]
   }
  },
  {
   "type": "Feature",
   "properties": {
    "id": "osm-way-157416056",
    "osmType": "way",
    "osmId": 157416056,
    "name": "祥山寺",
    "nameEn": null,
    "family": "worship",
    "kind": "templeRoof",
    "wikidata": "Q106836611",
    "lon": 139.723019,
    "lat": 35.687069,
    "x": -3942.8,
    "z": -635.1,
    "distance": 1914,
    "station": 17,
    "stationName": "Yoyogi",
    "fromStation": 1931,
    "picked": false
   },
   "geometry": {
    "type": "Point",
    "coordinates": [
     139.723019,
     35.687069
    ]
   }
  },
  {
   "type": "Feature",
   "properties": {
    "id": "osm-way-157416101",
    "osmType": "way",
    "osmId": 157416101,
    "name": "全勝寺",
    "nameEn": null,
    "family": "worship",
    "kind": "templeRoof",
    "wikidata": "Q107922242",
    "lon": 139.721302,
    "lat": 35.6907,
    "x": -4099.1,
    "z": -1037.6,
    "distance": 1880,
    "station": 17,
    "stationName": "Yoyogi",
    "fromStation": 1898,
    "picked": false
   },
   "geometry": {
    "type": "Point",
    "coordinates": [
     139.721302,
     35.6907
    ]
   }
  },
  {
   "type": "Feature",
   "properties": {
    "id": "osm-way-157416103",
    "osmType": "way",
    "osmId": 157416103,
    "name": "増光山　浄運寺",
    "nameEn": "Jounji Temple",
    "family": "worship",
    "kind": "templeRoof",
    "wikidata": "Q107922269",
    "lon": 139.719025,
    "lat": 35.690628,
    "x": -4305.2,
    "z": -1029.1,
    "distance": 1681,
    "station": 16,
    "stationName": "Shinjuku",
    "fromStation": 1702,
    "picked": false
   },
   "geometry": {
    "type": "Point",
    "coordinates": [
     139.719025,
     35.690628
    ]
   }
  },
  {
   "type": "Feature",
   "properties": {
    "id": "osm-way-157416109",
    "osmType": "way",
    "osmId": 157416109,
    "name": "正應寺",
    "nameEn": "Sho-oji Temple",
    "family": "worship",
    "kind": "templeRoof",
    "wikidata": "Q120973013",
    "lon": 139.718978,
    "lat": 35.689582,
    "x": -4309.2,
    "z": -913.1,
    "distance": 1641,
    "station": 17,
    "stationName": "Yoyogi",
    "fromStation": 1656,
    "picked": false
   },
   "geometry": {
    "type": "Point",
    "coordinates": [
     139.718978,
     35.689582
    ]
   }
  },
  {
   "type": "Feature",
   "properties": {
    "id": "osm-way-157416153",
    "osmType": "way",
    "osmId": 157416153,
    "name": "全長寺",
    "nameEn": null,
    "family": "worship",
    "kind": "templeRoof",
    "wikidata": "Q120972491",
    "lon": 139.719592,
    "lat": 35.691127,
    "x": -4254,
    "z": -1084.5,
    "distance": 1745,
    "station": 16,
    "stationName": "Shinjuku",
    "fromStation": 1760,
    "picked": false
   },
   "geometry": {
    "type": "Point",
    "coordinates": [
     139.719592,
     35.691127
    ]
   }
  },
  {
   "type": "Feature",
   "properties": {
    "id": "osm-way-157416157",
    "osmType": "way",
    "osmId": 157416157,
    "name": "大黒山　円通寺",
    "nameEn": null,
    "family": "worship",
    "kind": "templeRoof",
    "wikidata": "Q106836803",
    "lon": 139.722464,
    "lat": 35.687046,
    "x": -3993.1,
    "z": -632.4,
    "distance": 1865,
    "station": 17,
    "stationName": "Yoyogi",
    "fromStation": 1881,
    "picked": false
   },
   "geometry": {
    "type": "Point",
    "coordinates": [
     139.722464,
     35.687046
    ]
   }
  },
  {
   "type": "Feature",
   "properties": {
    "id": "osm-way-157416163",
    "osmType": "way",
    "osmId": 157416163,
    "name": "愛染院",
    "nameEn": "Aizen-in Temple",
    "family": "worship",
    "kind": "templeRoof",
    "wikidata": "Q107391084",
    "lon": 139.724382,
    "lat": 35.685558,
    "x": -3819,
    "z": -467.8,
    "distance": 1990,
    "station": 17,
    "stationName": "Yoyogi",
    "fromStation": 2031,
    "picked": false
   },
   "geometry": {
    "type": "Point",
    "coordinates": [
     139.724382,
     35.685558
    ]
   }
  },
  {
   "type": "Feature",
   "properties": {
    "id": "osm-way-157416169",
    "osmType": "way",
    "osmId": 157416169,
    "name": "長安寺",
    "nameEn": null,
    "family": "worship",
    "kind": "templeRoof",
    "wikidata": "Q120965346",
    "lon": 139.719113,
    "lat": 35.684393,
    "x": -4295.7,
    "z": -337.4,
    "distance": 1496,
    "station": 17,
    "stationName": "Yoyogi",
    "fromStation": 1547,
    "picked": false
   },
   "geometry": {
    "type": "Point",
    "coordinates": [
     139.719113,
     35.684393
    ]
   }
  },
  {
   "type": "Feature",
   "properties": {
    "id": "osm-way-157416181",
    "osmType": "way",
    "osmId": 157416181,
    "name": "眞英寺",
    "nameEn": "Shin'eiji Temple",
    "family": "worship",
    "kind": "templeRoof",
    "wikidata": "Q106836613",
    "lon": 139.723362,
    "lat": 35.686175,
    "x": -3911.5,
    "z": -536,
    "distance": 1916,
    "station": 17,
    "stationName": "Yoyogi",
    "fromStation": 1946,
    "picked": false
   },
   "geometry": {
    "type": "Point",
    "coordinates": [
     139.723362,
     35.686175
    ]
   }
  },
  {
   "type": "Feature",
   "properties": {
    "id": "osm-way-157416184",
    "osmType": "way",
    "osmId": 157416184,
    "name": "勝興寺",
    "nameEn": "Shokoji Temple",
    "family": "worship",
    "kind": "templeRoof",
    "wikidata": "Q106836804",
    "lon": 139.722787,
    "lat": 35.684576,
    "x": -3963.2,
    "z": -358.5,
    "distance": 1825,
    "station": 17,
    "stationName": "Yoyogi",
    "fromStation": 1880,
    "picked": false
   },
   "geometry": {
    "type": "Point",
    "coordinates": [
     139.722787,
     35.684576
    ]
   }
  },
  {
   "type": "Feature",
   "properties": {
    "id": "osm-way-157416187",
    "osmType": "way",
    "osmId": 157416187,
    "name": "西應寺",
    "nameEn": "Saioji Temple",
    "family": "worship",
    "kind": "templeRoof",
    "wikidata": "Q106836806",
    "lon": 139.722918,
    "lat": 35.683816,
    "x": -3951.1,
    "z": -274.2,
    "distance": 1818,
    "station": 17,
    "stationName": "Yoyogi",
    "fromStation": 1890,
    "picked": false
   },
   "geometry": {
    "type": "Point",
    "coordinates": [
     139.722918,
     35.683816
    ]
   }
  },
  {
   "type": "Feature",
   "properties": {
    "id": "osm-way-157416192",
    "osmType": "way",
    "osmId": 157416192,
    "name": "宗福寺",
    "nameEn": "Sofukuji Temple",
    "family": "worship",
    "kind": "templeRoof",
    "wikidata": "Q106836800",
    "lon": 139.723979,
    "lat": 35.683658,
    "x": -3855,
    "z": -256.9,
    "distance": 1908,
    "station": 17,
    "stationName": "Yoyogi",
    "fromStation": 1987,
    "picked": false
   },
   "geometry": {
    "type": "Point",
    "coordinates": [
     139.723979,
     35.683658
    ]
   }
  },
  {
   "type": "Feature",
   "properties": {
    "id": "osm-way-158314351",
    "osmType": "way",
    "osmId": 158314351,
    "name": "高徳寺",
    "nameEn": null,
    "family": "worship",
    "kind": "templeRoof",
    "wikidata": "Q97310751",
    "lon": 139.679626,
    "lat": 35.708936,
    "x": -7874.7,
    "z": -3053,
    "distance": 1978,
    "station": 15,
    "stationName": "Shin-Okubo",
    "fromStation": 2053,
    "picked": false
   },
   "geometry": {
    "type": "Point",
    "coordinates": [
     139.679626,
     35.708936
    ]
   }
  },
  {
   "type": "Feature",
   "properties": {
    "id": "osm-way-158314370",
    "osmType": "way",
    "osmId": 158314370,
    "name": "源通寺",
    "nameEn": null,
    "family": "worship",
    "kind": "templeRoof",
    "wikidata": "Q97310711",
    "lon": 139.679983,
    "lat": 35.709117,
    "x": -7842.4,
    "z": -3073.2,
    "distance": 1953,
    "station": 15,
    "stationName": "Shin-Okubo",
    "fromStation": 2032,
    "picked": false
   },
   "geometry": {
    "type": "Point",
    "coordinates": [
     139.679983,
     35.709117
    ]
   }
  },
  {
   "type": "Feature",
   "properties": {
    "id": "osm-way-158406782",
    "osmType": "way",
    "osmId": 158406782,
    "name": "氷川神社",
    "nameEn": "Hikawa Shrine",
    "family": "worship",
    "kind": "templeRoof",
    "wikidata": "Q19930073",
    "lon": 139.710821,
    "lat": 35.655074,
    "x": -5039.2,
    "z": 2917,
    "distance": 489,
    "station": 19,
    "stationName": "Shibuya",
    "fromStation": 886,
    "picked": false
   },
   "geometry": {
    "type": "Point",
    "coordinates": [
     139.710821,
     35.655074
    ]
   }
  },
  {
   "type": "Feature",
   "properties": {
    "id": "osm-way-160337005",
    "osmType": "way",
    "osmId": 160337005,
    "name": "立行寺",
    "nameEn": null,
    "family": "worship",
    "kind": "templeRoof",
    "wikidata": "Q11598232",
    "lon": 139.732318,
    "lat": 35.643215,
    "x": -3089.7,
    "z": 4228.2,
    "distance": 982,
    "station": 25,
    "stationName": "Takanawa Gateway",
    "fromStation": 1139,
    "picked": false
   },
   "geometry": {
    "type": "Point",
    "coordinates": [
     139.732318,
     35.643215
    ]
   }
  },
  {
   "type": "Feature",
   "properties": {
    "id": "osm-way-160438164",
    "osmType": "way",
    "osmId": 160438164,
    "name": "永福寺",
    "nameEn": null,
    "family": "worship",
    "kind": "templeRoof",
    "wikidata": "Q106836795",
    "lon": 139.712498,
    "lat": 35.698123,
    "x": -4897.7,
    "z": -1859.4,
    "distance": 1129,
    "station": 15,
    "stationName": "Shin-Okubo",
    "fromStation": 1159,
    "picked": false
   },
   "geometry": {
    "type": "Point",
    "coordinates": [
     139.712498,
     35.698123
    ]
   }
  },
  {
   "type": "Feature",
   "properties": {
    "id": "osm-way-160703991",
    "osmType": "way",
    "osmId": 160703991,
    "name": "三田台公園",
    "nameEn": "Mitadai Park",
    "family": "park",
    "kind": "forestMass",
    "wikidata": "Q11356683",
    "lon": 139.739775,
    "lat": 35.642403,
    "x": -2414.1,
    "z": 4316.7,
    "distance": 303,
    "station": 25,
    "stationName": "Takanawa Gateway",
    "fromStation": 775,
    "picked": true
   },
   "geometry": {
    "type": "Point",
    "coordinates": [
     139.739775,
     35.642403
    ]
   }
  },
  {
   "type": "Feature",
   "properties": {
    "id": "osm-way-161011785",
    "osmType": "way",
    "osmId": 161011785,
    "name": "東京都庭園美術館",
    "nameEn": "Tokyo Metropolitan Teien Art Museum",
    "family": "museum",
    "kind": "museumFacade",
    "wikidata": "Q743773",
    "lon": 139.71903,
    "lat": 35.636874,
    "x": -4291.4,
    "z": 4934.4,
    "distance": 360,
    "station": 21,
    "stationName": "Meguro",
    "fromStation": 427,
    "picked": false
   },
   "geometry": {
    "type": "Point",
    "coordinates": [
     139.71903,
     35.636874
    ]
   }
  },
  {
   "type": "Feature",
   "properties": {
    "id": "osm-way-161271086",
    "osmType": "way",
    "osmId": 161271086,
    "name": "本郷給水所公苑",
    "nameEn": "Hongo Water Station Park",
    "family": "park",
    "kind": "forestMass",
    "wikidata": "Q11520900",
    "lon": 139.759789,
    "lat": 35.703483,
    "x": -619.6,
    "z": -2464.3,
    "distance": 1254,
    "station": 2,
    "stationName": "Akihabara",
    "fromStation": 1324,
    "picked": false
   },
   "geometry": {
    "type": "Point",
    "coordinates": [
     139.759789,
     35.703483
    ]
   }
  },
  {
   "type": "Feature",
   "properties": {
    "id": "osm-way-161274269",
    "osmType": "way",
    "osmId": 161274269,
    "name": "国立科学博物館 自然教育園",
    "nameEn": "Institute for Nature Study, National Museum of Nature and Science",
    "family": "museum",
    "kind": "museumFacade",
    "wikidata": "Q5557026",
    "lon": 139.721459,
    "lat": 35.636116,
    "x": -4071.3,
    "z": 5018,
    "distance": 551,
    "station": 21,
    "stationName": "Meguro",
    "fromStation": 561,
    "picked": false
   },
   "geometry": {
    "type": "Point",
    "coordinates": [
     139.721459,
     35.636116
    ]
   }
  },
  {
   "type": "Feature",
   "properties": {
    "id": "osm-way-161968237",
    "osmType": "way",
    "osmId": 161968237,
    "name": "麟祥院 からたち寺",
    "nameEn": "Rinshoin Karatachi Temple",
    "family": "worship",
    "kind": "templeRoof",
    "wikidata": "Q11677380",
    "lon": 139.764562,
    "lat": 35.708219,
    "x": -189.1,
    "z": -2990.9,
    "distance": 920,
    "station": 3,
    "stationName": "Okachimachi",
    "fromStation": 920,
    "picked": false
   },
   "geometry": {
    "type": "Point",
    "coordinates": [
     139.764562,
     35.708219
    ]
   }
  },
  {
   "type": "Feature",
   "properties": {
    "id": "osm-way-161968242",
    "osmType": "way",
    "osmId": 161968242,
    "name": "妙極院",
    "nameEn": "Myogokuin Temple",
    "family": "worship",
    "kind": "templeRoof",
    "wikidata": "Q106752152",
    "lon": 139.764995,
    "lat": 35.71698,
    "x": -152.6,
    "z": -3962.9,
    "distance": 1061,
    "station": 4,
    "stationName": "Ueno",
    "fromStation": 1071,
    "picked": false
   },
   "geometry": {
    "type": "Point",
    "coordinates": [
     139.764995,
     35.71698
    ]
   }
  },
  {
   "type": "Feature",
   "properties": {
    "id": "osm-way-162043806",
    "osmType": "way",
    "osmId": 162043806,
    "name": "西日暮里公園",
    "nameEn": "Nishi-Nippori Park",
    "family": "park",
    "kind": "forestMass",
    "wikidata": "Q42312353",
    "lon": 139.766453,
    "lat": 35.73151,
    "x": -25,
    "z": -5575.3,
    "distance": 53,
    "station": 7,
    "stationName": "Nishi-Nippori",
    "fromStation": 77,
    "picked": true
   },
   "geometry": {
    "type": "Point",
    "coordinates": [
     139.766453,
     35.73151
    ]
   }
  },
  {
   "type": "Feature",
   "properties": {
    "id": "osm-way-162043808",
    "osmType": "way",
    "osmId": 162043808,
    "name": "延命院",
    "nameEn": "Enmeiin Temple",
    "family": "worship",
    "kind": "templeRoof",
    "wikidata": "Q11486501",
    "lon": 139.767833,
    "lat": 35.728065,
    "x": 100.9,
    "z": -5193.4,
    "distance": 166,
    "station": 6,
    "stationName": "Nippori",
    "fromStation": 233,
    "picked": false
   },
   "geometry": {
    "type": "Point",
    "coordinates": [
     139.767833,
     35.728065
    ]
   }
  },
  {
   "type": "Feature",
   "properties": {
    "id": "osm-way-162043809",
    "osmType": "way",
    "osmId": 162043809,
    "name": "青雲寺",
    "nameEn": "Shoun-ji Temple",
    "family": "worship",
    "kind": "templeRoof",
    "wikidata": "Q97216427",
    "lon": 139.76601,
    "lat": 35.731175,
    "x": -65,
    "z": -5538,
    "distance": 106,
    "station": 7,
    "stationName": "Nishi-Nippori",
    "fromStation": 126,
    "picked": true
   },
   "geometry": {
    "type": "Point",
    "coordinates": [
     139.76601,
     35.731175
    ]
   }
  },
  {
   "type": "Feature",
   "properties": {
    "id": "osm-way-162043812",
    "osmType": "way",
    "osmId": 162043812,
    "name": "経王寺",
    "nameEn": "Kyōōji",
    "family": "worship",
    "kind": "templeRoof",
    "wikidata": "Q97215952",
    "lon": 139.768699,
    "lat": 35.728107,
    "x": 179.2,
    "z": -5198.3,
    "distance": 103,
    "station": 6,
    "stationName": "Nippori",
    "fromStation": 155,
    "picked": false
   },
   "geometry": {
    "type": "Point",
    "coordinates": [
     139.768699,
     35.728107
    ]
   }
  },
  {
   "type": "Feature",
   "properties": {
    "id": "osm-way-162043813",
    "osmType": "way",
    "osmId": 162043813,
    "name": "本行寺",
    "nameEn": "Hongyōji Temple",
    "family": "worship",
    "kind": "templeRoof",
    "wikidata": "Q11520798",
    "lon": 139.769445,
    "lat": 35.728282,
    "x": 246.7,
    "z": -5217.9,
    "distance": 39,
    "station": 6,
    "stationName": "Nippori",
    "fromStation": 93,
    "picked": true
   },
   "geometry": {
    "type": "Point",
    "coordinates": [
     139.769445,
     35.728282
    ]
   }
  },
  {
   "type": "Feature",
   "properties": {
    "id": "osm-way-162043814",
    "osmType": "way",
    "osmId": 162043814,
    "name": "修性院 (花見寺)",
    "nameEn": "Shushoin Temple",
    "family": "worship",
    "kind": "templeRoof",
    "wikidata": "Q97214954",
    "lon": 139.766063,
    "lat": 35.73008,
    "x": -59.9,
    "z": -5416.6,
    "distance": 167,
    "station": 7,
    "stationName": "Nishi-Nippori",
    "fromStation": 240,
    "picked": false
   },
   "geometry": {
    "type": "Point",
    "coordinates": [
     139.766063,
     35.73008
    ]
   }
  },
  {
   "type": "Feature",
   "properties": {
    "id": "osm-way-162567679",
    "osmType": "way",
    "osmId": 162567679,
    "name": "染井吉野桜記念公園",
    "nameEn": "Somei Yoshino Cherry Memorial Park",
    "family": "park",
    "kind": "forestMass",
    "wikidata": "Q111822282",
    "lon": 139.74686,
    "lat": 35.736879,
    "x": -1798.9,
    "z": -6166.4,
    "distance": 48,
    "station": 9,
    "stationName": "Komagome",
    "fromStation": 51,
    "picked": true
   },
   "geometry": {
    "type": "Point",
    "coordinates": [
     139.74686,
     35.736879
    ]
   }
  },
  {
   "type": "Feature",
   "properties": {
    "id": "osm-way-163858430",
    "osmType": "way",
    "osmId": 163858430,
    "name": "林泉寺",
    "nameEn": "Línquán temple",
    "family": "worship",
    "kind": "templeRoof",
    "wikidata": "Q11533155",
    "lon": 139.739064,
    "lat": 35.645221,
    "x": -2479.3,
    "z": 4004.2,
    "distance": 478,
    "station": 26,
    "stationName": "Tamachi",
    "fromStation": 782,
    "picked": false
   },
   "geometry": {
    "type": "Point",
    "coordinates": [
     139.739064,
     35.645221
    ]
   }
  },
  {
   "type": "Feature",
   "properties": {
    "id": "osm-way-163875997",
    "osmType": "way",
    "osmId": 163875997,
    "name": "源昌寺",
    "nameEn": "Genshoji",
    "family": "worship",
    "kind": "templeRoof",
    "wikidata": "Q11564112",
    "lon": 139.732308,
    "lat": 35.638776,
    "x": -3089.4,
    "z": 4720.7,
    "distance": 825,
    "station": 25,
    "stationName": "Takanawa Gateway",
    "fromStation": 831,
    "picked": false
   },
   "geometry": {
    "type": "Point",
    "coordinates": [
     139.732308,
     35.638776
    ]
   }
  },
  {
   "type": "Feature",
   "properties": {
    "id": "osm-way-166670517",
    "osmType": "way",
    "osmId": 166670517,
    "name": "阿含宗関東別院",
    "nameEn": null,
    "family": "worship",
    "kind": "templeRoof",
    "wikidata": "Q11657349",
    "lon": 139.742248,
    "lat": 35.646345,
    "x": -2191.2,
    "z": 3878.8,
    "distance": 329,
    "station": 26,
    "stationName": "Tamachi",
    "fromStation": 496,
    "picked": false
   },
   "geometry": {
    "type": "Point",
    "coordinates": [
     139.742248,
     35.646345
    ]
   }
  },
  {
   "type": "Feature",
   "properties": {
    "id": "osm-way-169889988",
    "osmType": "way",
    "osmId": 169889988,
    "name": "戸越公園",
    "nameEn": null,
    "family": "park",
    "kind": "forestMass",
    "wikidata": "Q11496628",
    "lon": 139.72172,
    "lat": 35.610425,
    "x": -4041.2,
    "z": 7868.2,
    "distance": 1119,
    "station": 23,
    "stationName": "Osaki",
    "fromStation": 1197,
    "picked": false
   },
   "geometry": {
    "type": "Point",
    "coordinates": [
     139.72172,
     35.610425
    ]
   }
  },
  {
   "type": "Feature",
   "properties": {
    "id": "osm-way-170294476",
    "osmType": "way",
    "osmId": 170294476,
    "name": "大塚公園",
    "nameEn": "Otsuka Park",
    "family": "park",
    "kind": "forestMass",
    "wikidata": "Q11433966",
    "lon": 139.731773,
    "lat": 35.724007,
    "x": -3160.2,
    "z": -4734.9,
    "distance": 765,
    "station": 11,
    "stationName": "Otsuka",
    "fromStation": 894,
    "picked": false
   },
   "geometry": {
    "type": "Point",
    "coordinates": [
     139.731773,
     35.724007
    ]
   }
  },
  {
   "type": "Feature",
   "properties": {
    "id": "osm-way-170295471",
    "osmType": "way",
    "osmId": 170295471,
    "name": "林試の森公園",
    "nameEn": "Rinshi No Mori Park",
    "family": "park",
    "kind": "forestMass",
    "wikidata": "Q11533314",
    "lon": 139.703173,
    "lat": 35.625421,
    "x": -5724.9,
    "z": 6208.2,
    "distance": 1372,
    "station": 21,
    "stationName": "Meguro",
    "fromStation": 1493,
    "picked": true
   },
   "geometry": {
    "type": "Point",
    "coordinates": [
     139.703173,
     35.625421
    ]
   }
  },
  {
   "type": "Feature",
   "properties": {
    "id": "osm-way-170401331",
    "osmType": "way",
    "osmId": 170401331,
    "name": "講武稲荷神社",
    "nameEn": "Kobu Inari Shrine",
    "family": "worship",
    "kind": "templeRoof",
    "wikidata": "Q107410075",
    "lon": 139.769697,
    "lat": 35.699048,
    "x": 278.3,
    "z": -1974.7,
    "distance": 306,
    "station": 2,
    "stationName": "Akihabara",
    "fromStation": 309,
    "picked": false
   },
   "geometry": {
    "type": "Point",
    "coordinates": [
     139.769697,
     35.699048
    ]
   }
  },
  {
   "type": "Feature",
   "properties": {
    "id": "osm-way-170603408",
    "osmType": "way",
    "osmId": 170603408,
    "name": "長泉寺",
    "nameEn": null,
    "family": "worship",
    "kind": "templeRoof",
    "wikidata": "Q106836733",
    "lon": 139.757084,
    "lat": 35.710179,
    "x": -866.3,
    "z": -3206.5,
    "distance": 1590,
    "station": 3,
    "stationName": "Okachimachi",
    "fromStation": 1626,
    "picked": false
   },
   "geometry": {
    "type": "Point",
    "coordinates": [
     139.757084,
     35.710179
    ]
   }
  },
  {
   "type": "Feature",
   "properties": {
    "id": "osm-way-172281540",
    "osmType": "way",
    "osmId": 172281540,
    "name": "開東閣",
    "nameEn": "Kaitokaku",
    "family": "historic",
    "kind": "museumFacade",
    "wikidata": "Q11655265",
    "lon": 139.736494,
    "lat": 35.624094,
    "x": -2706.4,
    "z": 6348.6,
    "distance": 172,
    "station": 24,
    "stationName": "Shinagawa",
    "fromStation": 533,
    "picked": true
   },
   "geometry": {
    "type": "Point",
    "coordinates": [
     139.736494,
     35.624094
    ]
   }
  },
  {
   "type": "Feature",
   "properties": {
    "id": "osm-way-172367618",
    "osmType": "way",
    "osmId": 172367618,
    "name": "城官寺",
    "nameEn": "jokan-ji",
    "family": "worship",
    "kind": "templeRoof",
    "wikidata": "Q21019064",
    "lon": 139.746658,
    "lat": 35.744979,
    "x": -1819.4,
    "z": -7064.9,
    "distance": 839,
    "station": 9,
    "stationName": "Komagome",
    "fromStation": 936,
    "picked": false
   },
   "geometry": {
    "type": "Point",
    "coordinates": [
     139.746658,
     35.744979
    ]
   }
  },
  {
   "type": "Feature",
   "properties": {
    "id": "osm-way-173154847",
    "osmType": "way",
    "osmId": 173154847,
    "name": "金龍山 浅草寺",
    "nameEn": "Sensō-ji",
    "family": "worship",
    "kind": "templeRoof",
    "wikidata": "Q615183",
    "lon": 139.795952,
    "lat": 35.713454,
    "x": 2649.5,
    "z": -3579.8,
    "distance": 1567,
    "station": 4,
    "stationName": "Ueno",
    "fromStation": 1798,
    "picked": false
   },
   "geometry": {
    "type": "Point",
    "coordinates": [
     139.795952,
     35.713454
    ]
   }
  },
  {
   "type": "Feature",
   "properties": {
    "id": "osm-way-173154849",
    "osmType": "way",
    "osmId": 173154849,
    "name": "雷門",
    "nameEn": "Kaminarimon",
    "family": "historic",
    "kind": "museumFacade",
    "wikidata": "Q2378708",
    "lon": 139.796368,
    "lat": 35.711133,
    "x": 2688,
    "z": -3322.4,
    "distance": 1697,
    "station": 4,
    "stationName": "Ueno",
    "fromStation": 1856,
    "picked": false
   },
   "geometry": {
    "type": "Point",
    "coordinates": [
     139.796368,
     35.711133
    ]
   }
  },
  {
   "type": "Feature",
   "properties": {
    "id": "osm-way-173226201",
    "osmType": "way",
    "osmId": 173226201,
    "name": "旧朝倉家住宅",
    "nameEn": "Former Asakura Estate",
    "family": "museum",
    "kind": "museumFacade",
    "wikidata": "Q16944532",
    "lon": 139.700898,
    "lat": 35.647441,
    "x": -5936,
    "z": 3765.6,
    "distance": 728,
    "station": 20,
    "stationName": "Ebisu",
    "fromStation": 849,
    "picked": false
   },
   "geometry": {
    "type": "Point",
    "coordinates": [
     139.700898,
     35.647441
    ]
   }
  },
  {
   "type": "Feature",
   "properties": {
    "id": "osm-way-174323712",
    "osmType": "way",
    "osmId": 174323712,
    "name": "大井蔵王権現神社",
    "nameEn": null,
    "family": "worship",
    "kind": "templeRoof",
    "wikidata": "Q43594517",
    "lon": 139.731455,
    "lat": 35.607521,
    "x": -3158.5,
    "z": 8188.3,
    "distance": 1043,
    "station": 23,
    "stationName": "Osaki",
    "fromStation": 1354,
    "picked": false
   },
   "geometry": {
    "type": "Point",
    "coordinates": [
     139.731455,
     35.607521
    ]
   }
  },
  {
   "type": "Feature",
   "properties": {
    "id": "osm-way-174756447",
    "osmType": "way",
    "osmId": 174756447,
    "name": "妙光山興善寺",
    "nameEn": null,
    "family": "worship",
    "kind": "templeRoof",
    "wikidata": "Q30928760",
    "lon": 139.753236,
    "lat": 35.711624,
    "x": -1214.9,
    "z": -3365.9,
    "distance": 1940,
    "station": 3,
    "stationName": "Okachimachi",
    "fromStation": 2002,
    "picked": false
   },
   "geometry": {
    "type": "Point",
    "coordinates": [
     139.753236,
     35.711624
    ]
   }
  },
  {
   "type": "Feature",
   "properties": {
    "id": "osm-way-174759302",
    "osmType": "way",
    "osmId": 174759302,
    "name": "喜福寿寺",
    "nameEn": "Kifukuji",
    "family": "worship",
    "kind": "templeRoof",
    "wikidata": "Q106836735",
    "lon": 139.758934,
    "lat": 35.71144,
    "x": -699.3,
    "z": -3346.8,
    "distance": 1424,
    "station": 3,
    "stationName": "Okachimachi",
    "fromStation": 1503,
    "picked": false
   },
   "geometry": {
    "type": "Point",
    "coordinates": [
     139.758934,
     35.71144
    ]
   }
  },
  {
   "type": "Feature",
   "properties": {
    "id": "osm-way-176046314",
    "osmType": "way",
    "osmId": 176046314,
    "name": "天守台",
    "nameEn": "Tenshudai (Donjon)",
    "family": "historic",
    "kind": "museumFacade",
    "wikidata": "Q865913",
    "lon": 139.75444,
    "lat": 35.688236,
    "x": -1099.3,
    "z": -771.4,
    "distance": 1292,
    "station": 0,
    "stationName": "Tokyo",
    "fromStation": 1343,
    "picked": false
   },
   "geometry": {
    "type": "Point",
    "coordinates": [
     139.75444,
     35.688236
    ]
   }
  },
  {
   "type": "Feature",
   "properties": {
    "id": "osm-way-176046339",
    "osmType": "way",
    "osmId": 176046339,
    "name": "彌生慰霊堂",
    "nameEn": null,
    "family": "worship",
    "kind": "templeRoof",
    "wikidata": "Q11487463",
    "lon": 139.749758,
    "lat": 35.694291,
    "x": -1524.7,
    "z": -1442.1,
    "distance": 1907,
    "station": 1,
    "stationName": "Kanda",
    "fromStation": 1939,
    "picked": false
   },
   "geometry": {
    "type": "Point",
    "coordinates": [
     139.749758,
     35.694291
    ]
   }
  },
  {
   "type": "Feature",
   "properties": {
    "id": "osm-way-176046390",
    "osmType": "way",
    "osmId": 176046390,
    "name": "田安門",
    "nameEn": "Tayasu Gate",
    "family": "historic",
    "kind": "museumFacade",
    "wikidata": "Q28685847",
    "lon": 139.749299,
    "lat": 35.694057,
    "x": -1566.2,
    "z": -1416,
    "distance": 1939,
    "station": 1,
    "stationName": "Kanda",
    "fromStation": 1977,
    "picked": false
   },
   "geometry": {
    "type": "Point",
    "coordinates": [
     139.749299,
     35.694057
    ]
   }
  },
  {
   "type": "Feature",
   "properties": {
    "id": "osm-way-176206193",
    "osmType": "way",
    "osmId": 176206193,
    "name": "真性寺",
    "nameEn": "Shinshoji Temple",
    "family": "worship",
    "kind": "templeRoof",
    "wikidata": "Q11583190",
    "lon": 139.736605,
    "lat": 35.73429,
    "x": -2725.8,
    "z": -5876.8,
    "distance": 210,
    "station": 10,
    "stationName": "Sugamo",
    "fromStation": 278,
    "picked": true
   },
   "geometry": {
    "type": "Point",
    "coordinates": [
     139.736605,
     35.73429
    ]
   }
  },
  {
   "type": "Feature",
   "properties": {
    "id": "osm-way-176605325",
    "osmType": "way",
    "osmId": 176605325,
    "name": "吉祥寺",
    "nameEn": "Kichijō-ji",
    "family": "worship",
    "kind": "templeRoof",
    "wikidata": "Q3197507",
    "lon": 139.754507,
    "lat": 35.727836,
    "x": -1104.6,
    "z": -5164.8,
    "distance": 1159,
    "station": 9,
    "stationName": "Komagome",
    "fromStation": 1169,
    "picked": false
   },
   "geometry": {
    "type": "Point",
    "coordinates": [
     139.754507,
     35.727836
    ]
   }
  },
  {
   "type": "Feature",
   "properties": {
    "id": "osm-way-176607689",
    "osmType": "way",
    "osmId": 176607689,
    "name": "天祖神社",
    "nameEn": null,
    "family": "worship",
    "kind": "templeRoof",
    "wikidata": "Q11668441",
    "lon": 139.754339,
    "lat": 35.730315,
    "x": -1120.5,
    "z": -5439.8,
    "distance": 913,
    "station": 9,
    "stationName": "Komagome",
    "fromStation": 943,
    "picked": false
   },
   "geometry": {
    "type": "Point",
    "coordinates": [
     139.754339,
     35.730315
    ]
   }
  },
  {
   "type": "Feature",
   "properties": {
    "id": "osm-way-176618626",
    "osmType": "way",
    "osmId": 176618626,
    "name": "圓勝寺",
    "nameEn": "Enshou-ji Temple",
    "family": "worship",
    "kind": "templeRoof",
    "wikidata": "Q95744423",
    "lon": 139.752507,
    "lat": 35.739641,
    "x": -1288.8,
    "z": -6474,
    "distance": 56,
    "station": 9,
    "stationName": "Komagome",
    "fromStation": 585,
    "picked": false
   },
   "geometry": {
    "type": "Point",
    "coordinates": [
     139.752507,
     35.739641
    ]
   }
  },
  {
   "type": "Feature",
   "properties": {
    "id": "osm-way-176649938",
    "osmType": "way",
    "osmId": 176649938,
    "name": "光明院",
    "nameEn": "Kohmyoh-in Temple",
    "family": "worship",
    "kind": "templeRoof",
    "wikidata": "Q95743329",
    "lon": 139.754808,
    "lat": 35.736251,
    "x": -1079.7,
    "z": -6098.5,
    "distance": 373,
    "station": 8,
    "stationName": "Tabata",
    "fromStation": 635,
    "picked": false
   },
   "geometry": {
    "type": "Point",
    "coordinates": [
     139.754808,
     35.736251
    ]
   }
  },
  {
   "type": "Feature",
   "properties": {
    "id": "osm-way-176649941",
    "osmType": "way",
    "osmId": 176649941,
    "name": "田端台公園",
    "nameEn": "Tabatadai Park",
    "family": "park",
    "kind": "forestMass",
    "wikidata": "Q42312448",
    "lon": 139.763882,
    "lat": 35.734734,
    "x": -258.5,
    "z": -5932.4,
    "distance": 47,
    "station": 8,
    "stationName": "Tabata",
    "fromStation": 352,
    "picked": true
   },
   "geometry": {
    "type": "Point",
    "coordinates": [
     139.763882,
     35.734734
    ]
   }
  },
  {
   "type": "Feature",
   "properties": {
    "id": "osm-way-176688059",
    "osmType": "way",
    "osmId": 176688059,
    "name": "一行院",
    "nameEn": null,
    "family": "worship",
    "kind": "templeRoof",
    "wikidata": "Q106640719",
    "lon": 139.745452,
    "lat": 35.724164,
    "x": -1922.7,
    "z": -4755.4,
    "distance": 1155,
    "station": 10,
    "stationName": "Sugamo",
    "fromStation": 1155,
    "picked": false
   },
   "geometry": {
    "type": "Point",
    "coordinates": [
     139.745452,
     35.724164
    ]
   }
  },
  {
   "type": "Feature",
   "properties": {
    "id": "osm-way-177521388",
    "osmType": "way",
    "osmId": 177521388,
    "name": "とげぬき地蔵尊 高岩寺",
    "nameEn": "Kogan-ji Temple",
    "family": "worship",
    "kind": "templeRoof",
    "wikidata": "Q6587321",
    "lon": 139.735494,
    "lat": 35.735752,
    "x": -2826.6,
    "z": -6038.7,
    "distance": 401,
    "station": 10,
    "stationName": "Sugamo",
    "fromStation": 446,
    "picked": false
   },
   "geometry": {
    "type": "Point",
    "coordinates": [
     139.735494,
     35.735752
    ]
   }
  },
  {
   "type": "Feature",
   "properties": {
    "id": "osm-way-178898389",
    "osmType": "way",
    "osmId": 178898389,
    "name": "越前堀児童公園",
    "nameEn": "Echizembori Children's Playground",
    "family": "park",
    "kind": "forestMass",
    "wikidata": "Q42311522",
    "lon": 139.782442,
    "lat": 35.676361,
    "x": 1439,
    "z": 539.1,
    "distance": 1527,
    "station": 0,
    "stationName": "Tokyo",
    "fromStation": 1537,
    "picked": false
   },
   "geometry": {
    "type": "Point",
    "coordinates": [
     139.782442,
     35.676361
    ]
   }
  },
  {
   "type": "Feature",
   "properties": {
    "id": "osm-way-179091082",
    "osmType": "way",
    "osmId": 179091082,
    "name": "東郷神社",
    "nameEn": "Togo-jinja Shrine",
    "family": "worship",
    "kind": "templeRoof",
    "wikidata": "Q1384780",
    "lon": 139.706236,
    "lat": 35.671535,
    "x": -5458.3,
    "z": 1091.6,
    "distance": 307,
    "station": 18,
    "stationName": "Harajuku",
    "fromStation": 371,
    "picked": true
   },
   "geometry": {
    "type": "Point",
    "coordinates": [
     139.706236,
     35.671535
    ]
   }
  },
  {
   "type": "Feature",
   "properties": {
    "id": "osm-way-181422938",
    "osmType": "way",
    "osmId": 181422938,
    "name": "正受院",
    "nameEn": "Shōjuin",
    "family": "worship",
    "kind": "templeRoof",
    "wikidata": "Q11545381",
    "lon": 139.709621,
    "lat": 35.691111,
    "x": -5156.4,
    "z": -1080.8,
    "distance": 868,
    "station": 16,
    "stationName": "Shinjuku",
    "fromStation": 874,
    "picked": false
   },
   "geometry": {
    "type": "Point",
    "coordinates": [
     139.709621,
     35.691111
    ]
   }
  },
  {
   "type": "Feature",
   "properties": {
    "id": "osm-way-182186570",
    "osmType": "way",
    "osmId": 182186570,
    "name": "宗慶寺",
    "nameEn": "Sōkeiji",
    "family": "worship",
    "kind": "templeRoof",
    "wikidata": "Q11451944",
    "lon": 139.743541,
    "lat": 35.716556,
    "x": -2093.5,
    "z": -3910.8,
    "distance": 1827,
    "station": 10,
    "stationName": "Sugamo",
    "fromStation": 1900,
    "picked": false
   },
   "geometry": {
    "type": "Point",
    "coordinates": [
     139.743541,
     35.716556
    ]
   }
  },
  {
   "type": "Feature",
   "properties": {
    "id": "osm-way-182186608",
    "osmType": "way",
    "osmId": 182186608,
    "name": "蓮華寺",
    "nameEn": "Rengeji Temple",
    "family": "worship",
    "kind": "templeRoof",
    "wikidata": "Q29408173",
    "lon": 139.750601,
    "lat": 35.718995,
    "x": -1455.4,
    "z": -4183.1,
    "distance": 1877,
    "station": 10,
    "stationName": "Sugamo",
    "fromStation": 1886,
    "picked": false
   },
   "geometry": {
    "type": "Point",
    "coordinates": [
     139.750601,
     35.718995
    ]
   }
  },
  {
   "type": "Feature",
   "properties": {
    "id": "osm-way-183177137",
    "osmType": "way",
    "osmId": 183177137,
    "name": "マスジド大塚 Masjid Otsuka",
    "nameEn": null,
    "family": "worship",
    "kind": "templeRoof",
    "wikidata": "Q20425063",
    "lon": 139.728238,
    "lat": 35.729023,
    "x": -3481.3,
    "z": -5290.6,
    "distance": 286,
    "station": 11,
    "stationName": "Otsuka",
    "fromStation": 292,
    "picked": false
   },
   "geometry": {
    "type": "Point",
    "coordinates": [
     139.728238,
     35.729023
    ]
   }
  },
  {
   "type": "Feature",
   "properties": {
    "id": "osm-way-183870183",
    "osmType": "way",
    "osmId": 183870183,
    "name": "薬王院",
    "nameEn": "Yakuouin",
    "family": "worship",
    "kind": "templeRoof",
    "wikidata": "Q22120669",
    "lon": 139.697331,
    "lat": 35.717768,
    "x": -6274.7,
    "z": -4035.9,
    "distance": 706,
    "station": 14,
    "stationName": "Takadanobaba",
    "fromStation": 806,
    "picked": false
   },
   "geometry": {
    "type": "Point",
    "coordinates": [
     139.697331,
     35.717768
    ]
   }
  },
  {
   "type": "Feature",
   "properties": {
    "id": "osm-way-184221911",
    "osmType": "way",
    "osmId": 184221911,
    "name": "北桔橋門",
    "nameEn": "Kita Hanebashi Gate",
    "family": "historic",
    "kind": "museumFacade",
    "wikidata": "Q55532873",
    "lon": 139.754037,
    "lat": 35.688867,
    "x": -1135.9,
    "z": -841.4,
    "distance": 1349,
    "station": 0,
    "stationName": "Tokyo",
    "fromStation": 1414,
    "picked": false
   },
   "geometry": {
    "type": "Point",
    "coordinates": [
     139.754037,
     35.688867
    ]
   }
  },
  {
   "type": "Feature",
   "properties": {
    "id": "osm-way-184577229",
    "osmType": "way",
    "osmId": 184577229,
    "name": "錦華公園",
    "nameEn": "Kinka Park",
    "family": "park",
    "kind": "forestMass",
    "wikidata": "Q42311499",
    "lon": 139.760539,
    "lat": 35.697731,
    "x": -550.1,
    "z": -1826.3,
    "distance": 1107,
    "station": 2,
    "stationName": "Akihabara",
    "fromStation": 1131,
    "picked": false
   },
   "geometry": {
    "type": "Point",
    "coordinates": [
     139.760539,
     35.697731
    ]
   }
  },
  {
   "type": "Feature",
   "properties": {
    "id": "osm-way-186794806",
    "osmType": "way",
    "osmId": 186794806,
    "name": "中目黒公園",
    "nameEn": "Nakameguro Park",
    "family": "park",
    "kind": "forestMass",
    "wikidata": "Q42311906",
    "lon": 139.705262,
    "lat": 35.640757,
    "x": -5539.3,
    "z": 4506.4,
    "distance": 670,
    "station": 20,
    "stationName": "Ebisu",
    "fromStation": 772,
    "picked": false
   },
   "geometry": {
    "type": "Point",
    "coordinates": [
     139.705262,
     35.640757
    ]
   }
  },
  {
   "type": "Feature",
   "properties": {
    "id": "osm-way-187797342",
    "osmType": "way",
    "osmId": 187797342,
    "name": "警察博物館",
    "nameEn": "Police Museum",
    "family": "museum",
    "kind": "museumFacade",
    "wikidata": "Q11632332",
    "lon": 139.769582,
    "lat": 35.675123,
    "x": 275.2,
    "z": 679.6,
    "distance": 455,
    "station": 29,
    "stationName": "Yurakucho",
    "fromStation": 593,
    "picked": false
   },
   "geometry": {
    "type": "Point",
    "coordinates": [
     139.769582,
     35.675123
    ]
   }
  },
  {
   "type": "Feature",
   "properties": {
    "id": "osm-way-190883265",
    "osmType": "way",
    "osmId": 190883265,
    "name": "高輪皇族邸",
    "nameEn": "Takanawa Imperial Residence",
    "family": "historic",
    "kind": "museumFacade",
    "wikidata": "Q38255023",
    "lon": 139.736257,
    "lat": 35.640757,
    "x": -2732.3,
    "z": 4500,
    "distance": 563,
    "station": 25,
    "stationName": "Takanawa Gateway",
    "fromStation": 705,
    "picked": true
   },
   "geometry": {
    "type": "Point",
    "coordinates": [
     139.736257,
     35.640757
    ]
   }
  },
  {
   "type": "Feature",
   "properties": {
    "id": "osm-way-191039695",
    "osmType": "way",
    "osmId": 191039695,
    "name": "東京正心館",
    "nameEn": "Tokyo Masankan",
    "family": "worship",
    "kind": "templeRoof",
    "wikidata": "Q112485063",
    "lon": 139.738016,
    "lat": 35.638808,
    "x": -2572.5,
    "z": 4715.9,
    "distance": 345,
    "station": 25,
    "stationName": "Takanawa Gateway",
    "fromStation": 437,
    "picked": false
   },
   "geometry": {
    "type": "Point",
    "coordinates": [
     139.738016,
     35.638808
    ]
   }
  },
  {
   "type": "Feature",
   "properties": {
    "id": "osm-way-192029453",
    "osmType": "way",
    "osmId": 192029453,
    "name": "専心寺",
    "nameEn": null,
    "family": "worship",
    "kind": "templeRoof",
    "wikidata": "Q111903940",
    "lon": 139.730416,
    "lat": 35.643117,
    "x": -3261.9,
    "z": 4239.5,
    "distance": 1149,
    "station": 25,
    "stationName": "Takanawa Gateway",
    "fromStation": 1250,
    "picked": false
   },
   "geometry": {
    "type": "Point",
    "coordinates": [
     139.730416,
     35.643117
    ]
   }
  },
  {
   "type": "Feature",
   "properties": {
    "id": "osm-way-193285998",
    "osmType": "way",
    "osmId": 193285998,
    "name": "氷川神社",
    "nameEn": null,
    "family": "worship",
    "kind": "templeRoof",
    "wikidata": "Q11549611",
    "lon": 139.731186,
    "lat": 35.64309,
    "x": -3192.2,
    "z": 4242.3,
    "distance": 1080,
    "station": 25,
    "stationName": "Takanawa Gateway",
    "fromStation": 1198,
    "picked": false
   },
   "geometry": {
    "type": "Point",
    "coordinates": [
     139.731186,
     35.64309
    ]
   }
  },
  {
   "type": "Feature",
   "properties": {
    "id": "osm-way-193286002",
    "osmType": "way",
    "osmId": 193286002,
    "name": "西光寺",
    "nameEn": null,
    "family": "worship",
    "kind": "templeRoof",
    "wikidata": "Q111903955",
    "lon": 139.729985,
    "lat": 35.643665,
    "x": -3301.1,
    "z": 4178.8,
    "distance": 1199,
    "station": 25,
    "stationName": "Takanawa Gateway",
    "fromStation": 1321,
    "picked": false
   },
   "geometry": {
    "type": "Point",
    "coordinates": [
     139.729985,
     35.643665
    ]
   }
  },
  {
   "type": "Feature",
   "properties": {
    "id": "osm-way-195680376",
    "osmType": "way",
    "osmId": 195680376,
    "name": "簸川神社",
    "nameEn": "Hikawa Jinja",
    "family": "worship",
    "kind": "templeRoof",
    "wikidata": "Q11603911",
    "lon": 139.740301,
    "lat": 35.722034,
    "x": -2388.1,
    "z": -4517.8,
    "distance": 1152,
    "station": 10,
    "stationName": "Sugamo",
    "fromStation": 1259,
    "picked": false
   },
   "geometry": {
    "type": "Point",
    "coordinates": [
     139.740301,
     35.722034
    ]
   }
  },
  {
   "type": "Feature",
   "properties": {
    "id": "osm-way-199771681",
    "osmType": "way",
    "osmId": 199771681,
    "name": "西郷山公園",
    "nameEn": null,
    "family": "park",
    "kind": "forestMass",
    "wikidata": "Q11629662",
    "lon": 139.695893,
    "lat": 35.650362,
    "x": -6389.8,
    "z": 3442.5,
    "distance": 902,
    "station": 19,
    "stationName": "Shibuya",
    "fromStation": 1007,
    "picked": false
   },
   "geometry": {
    "type": "Point",
    "coordinates": [
     139.695893,
     35.650362
    ]
   }
  },
  {
   "type": "Feature",
   "properties": {
    "id": "osm-way-200407797",
    "osmType": "way",
    "osmId": 200407797,
    "name": "浄土寺",
    "nameEn": null,
    "family": "worship",
    "kind": "templeRoof",
    "wikidata": "Q106836762",
    "lon": 139.748687,
    "lat": 35.721294,
    "x": -1629.2,
    "z": -4437.6,
    "distance": 1571,
    "station": 10,
    "stationName": "Sugamo",
    "fromStation": 1578,
    "picked": false
   },
   "geometry": {
    "type": "Point",
    "coordinates": [
     139.748687,
     35.721294
    ]
   }
  },
  {
   "type": "Feature",
   "properties": {
    "id": "osm-way-200407798",
    "osmType": "way",
    "osmId": 200407798,
    "name": "寂円寺",
    "nameEn": null,
    "family": "worship",
    "kind": "templeRoof",
    "wikidata": "Q106836603",
    "lon": 139.74654,
    "lat": 35.723247,
    "x": -1824,
    "z": -4653.8,
    "distance": 1290,
    "station": 10,
    "stationName": "Sugamo",
    "fromStation": 1292,
    "picked": false
   },
   "geometry": {
    "type": "Point",
    "coordinates": [
     139.74654,
     35.723247
    ]
   }
  },
  {
   "type": "Feature",
   "properties": {
    "id": "osm-way-200407804",
    "osmType": "way",
    "osmId": 200407804,
    "name": "本念寺",
    "nameEn": "Honnen-ji",
    "family": "worship",
    "kind": "templeRoof",
    "wikidata": "Q106836761",
    "lon": 139.748827,
    "lat": 35.720952,
    "x": -1616.5,
    "z": -4399.8,
    "distance": 1610,
    "station": 10,
    "stationName": "Sugamo",
    "fromStation": 1616,
    "picked": false
   },
   "geometry": {
    "type": "Point",
    "coordinates": [
     139.748827,
     35.720952
    ]
   }
  },
  {
   "type": "Feature",
   "properties": {
    "id": "osm-way-200407807",
    "osmType": "way",
    "osmId": 200407807,
    "name": "本伝寺",
    "nameEn": null,
    "family": "worship",
    "kind": "templeRoof",
    "wikidata": "Q29408205",
    "lon": 139.732991,
    "lat": 35.721949,
    "x": -3049.4,
    "z": -4506.9,
    "distance": 994,
    "station": 11,
    "stationName": "Otsuka",
    "fromStation": 1146,
    "picked": false
   },
   "geometry": {
    "type": "Point",
    "coordinates": [
     139.732991,
     35.721949
    ]
   }
  },
  {
   "type": "Feature",
   "properties": {
    "id": "osm-way-203960902",
    "osmType": "way",
    "osmId": 203960902,
    "name": "国立科学博物館",
    "nameEn": "National Museum of Nature and Science",
    "family": "museum",
    "kind": "museumFacade",
    "wikidata": "Q74940",
    "lon": 139.776593,
    "lat": 35.715992,
    "x": 897.1,
    "z": -3856.2,
    "distance": 103,
    "station": 4,
    "stationName": "Ueno",
    "fromStation": 269,
    "picked": false
   },
   "geometry": {
    "type": "Point",
    "coordinates": [
     139.776593,
     35.715992
    ]
   }
  },
  {
   "type": "Feature",
   "properties": {
    "id": "osm-way-203960903",
    "osmType": "way",
    "osmId": 203960903,
    "name": "国立西洋美術館",
    "nameEn": "The National Museum of Western Art",
    "family": "museum",
    "kind": "museumFacade",
    "wikidata": "Q1362629",
    "lon": 139.775852,
    "lat": 35.715411,
    "x": 830.3,
    "z": -3791.5,
    "distance": 124,
    "station": 4,
    "stationName": "Ueno",
    "fromStation": 202,
    "picked": false
   },
   "geometry": {
    "type": "Point",
    "coordinates": [
     139.775852,
     35.715411
    ]
   }
  },
  {
   "type": "Feature",
   "properties": {
    "id": "osm-way-208656517",
    "osmType": "way",
    "osmId": 208656517,
    "name": "霞会館記念学習院ミ",
    "nameEn": "Gakushin Museum",
    "family": "museum",
    "kind": "museumFacade",
    "wikidata": "Q11448881",
    "lon": 139.709409,
    "lat": 35.719503,
    "x": -5182.3,
    "z": -4230.7,
    "distance": 303,
    "station": 13,
    "stationName": "Mejiro",
    "fromStation": 321,
    "picked": true
   },
   "geometry": {
    "type": "Point",
    "coordinates": [
     139.709409,
     35.719503
    ]
   }
  },
  {
   "type": "Feature",
   "properties": {
    "id": "osm-way-209147930",
    "osmType": "way",
    "osmId": 209147930,
    "name": "ブリヂストン美術館永坂分室",
    "nameEn": "Bridgestone Museum",
    "family": "museum",
    "kind": "museumFacade",
    "wikidata": null,
    "lon": 139.738564,
    "lat": 35.659218,
    "x": -2528.3,
    "z": 2451.4,
    "distance": 1705,
    "station": 26,
    "stationName": "Tamachi",
    "fromStation": 1706,
    "picked": false
   },
   "geometry": {
    "type": "Point",
    "coordinates": [
     139.738564,
     35.659218
    ]
   }
  },
  {
   "type": "Feature",
   "properties": {
    "id": "osm-way-209190262",
    "osmType": "way",
    "osmId": 209190262,
    "name": "小倉屋",
    "nameEn": "Oguraya",
    "family": "historic",
    "kind": "museumFacade",
    "wikidata": "Q22119120",
    "lon": 139.768921,
    "lat": 35.72468,
    "x": 200.3,
    "z": -4818.2,
    "distance": 349,
    "station": 6,
    "stationName": "Nippori",
    "fromStation": 389,
    "picked": false
   },
   "geometry": {
    "type": "Point",
    "coordinates": [
     139.768921,
     35.72468
    ]
   }
  },
  {
   "type": "Feature",
   "properties": {
    "id": "osm-way-209190478",
    "osmType": "way",
    "osmId": 209190478,
    "name": "台東区立朝倉彫塑館",
    "nameEn": "Asakura Museum of Sculpture",
    "family": "museum",
    "kind": "museumFacade",
    "wikidata": "Q11517304",
    "lon": 139.768519,
    "lat": 35.726807,
    "x": 163.4,
    "z": -5054.1,
    "distance": 212,
    "station": 6,
    "stationName": "Nippori",
    "fromStation": 214,
    "picked": true
   },
   "geometry": {
    "type": "Point",
    "coordinates": [
     139.768519,
     35.726807
    ]
   }
  },
  {
   "type": "Feature",
   "properties": {
    "id": "osm-way-209190504",
    "osmType": "way",
    "osmId": 209190504,
    "name": "大圓寺",
    "nameEn": "Daienji",
    "family": "worship",
    "kind": "templeRoof",
    "wikidata": "Q30932599",
    "lon": 139.765566,
    "lat": 35.724549,
    "x": -103.1,
    "z": -4802.8,
    "distance": 579,
    "station": 6,
    "stationName": "Nippori",
    "fromStation": 579,
    "picked": false
   },
   "geometry": {
    "type": "Point",
    "coordinates": [
     139.765566,
     35.724549
    ]
   }
  },
  {
   "type": "Feature",
   "properties": {
    "id": "osm-way-209190505",
    "osmType": "way",
    "osmId": 209190505,
    "name": "宗林寺",
    "nameEn": null,
    "family": "worship",
    "kind": "templeRoof",
    "wikidata": "Q22119187",
    "lon": 139.765851,
    "lat": 35.726889,
    "x": -78.1,
    "z": -5062.4,
    "distance": 388,
    "station": 6,
    "stationName": "Nippori",
    "fromStation": 429,
    "picked": false
   },
   "geometry": {
    "type": "Point",
    "coordinates": [
     139.765851,
     35.726889
    ]
   }
  },
  {
   "type": "Feature",
   "properties": {
    "id": "osm-way-209694997",
    "osmType": "way",
    "osmId": 209694997,
    "name": "神宮前公園",
    "nameEn": null,
    "family": "park",
    "kind": "forestMass",
    "wikidata": "Q42312083",
    "lon": 139.713868,
    "lat": 35.673487,
    "x": -4767.8,
    "z": 873.6,
    "distance": 918,
    "station": 18,
    "stationName": "Harajuku",
    "fromStation": 1094,
    "picked": false
   },
   "geometry": {
    "type": "Point",
    "coordinates": [
     139.713868,
     35.673487
    ]
   }
  },
  {
   "type": "Feature",
   "properties": {
    "id": "osm-way-209695342",
    "osmType": "way",
    "osmId": 209695342,
    "name": "代々木ポニー公園",
    "nameEn": "Yoyogi Pony Park",
    "family": "park",
    "kind": "forestMass",
    "wikidata": "Q42311965",
    "lon": 139.695037,
    "lat": 35.678638,
    "x": -6473.6,
    "z": 305.7,
    "distance": 770,
    "station": 17,
    "stationName": "Yoyogi",
    "fromStation": 865,
    "picked": false
   },
   "geometry": {
    "type": "Point",
    "coordinates": [
     139.695037,
     35.678638
    ]
   }
  },
  {
   "type": "Feature",
   "properties": {
    "id": "osm-way-209700263",
    "osmType": "way",
    "osmId": 209700263,
    "name": "はるのおがわコミュニティパーク",
    "nameEn": "Haruno Ogawa Community Park",
    "family": "park",
    "kind": "forestMass",
    "wikidata": "Q42311952",
    "lon": 139.690907,
    "lat": 35.671699,
    "x": -6846,
    "z": 1076.2,
    "distance": 1060,
    "station": 18,
    "stationName": "Harajuku",
    "fromStation": 1060,
    "picked": false
   },
   "geometry": {
    "type": "Point",
    "coordinates": [
     139.690907,
     35.671699
    ]
   }
  },
  {
   "type": "Feature",
   "properties": {
    "id": "osm-way-210745186",
    "osmType": "way",
    "osmId": 210745186,
    "name": "笄公園",
    "nameEn": "Kogai Park",
    "family": "park",
    "kind": "forestMass",
    "wikidata": "Q42311551",
    "lon": 139.724172,
    "lat": 35.656526,
    "x": -3830.7,
    "z": 2753.2,
    "distance": 1608,
    "station": 20,
    "stationName": "Ebisu",
    "fromStation": 1690,
    "picked": false
   },
   "geometry": {
    "type": "Point",
    "coordinates": [
     139.724172,
     35.656526
    ]
   }
  },
  {
   "type": "Feature",
   "properties": {
    "id": "osm-way-211286442",
    "osmType": "way",
    "osmId": 211286442,
    "name": "國學院大學神殿",
    "nameEn": "University Shrine",
    "family": "worship",
    "kind": "templeRoof",
    "wikidata": "Q97186037",
    "lon": 139.711281,
    "lat": 35.655773,
    "x": -4997.8,
    "z": 2839.3,
    "distance": 568,
    "station": 19,
    "stationName": "Shibuya",
    "fromStation": 900,
    "picked": false
   },
   "geometry": {
    "type": "Point",
    "coordinates": [
     139.711281,
     35.655773
    ]
   }
  },
  {
   "type": "Feature",
   "properties": {
    "id": "osm-way-214097918",
    "osmType": "way",
    "osmId": 214097918,
    "name": "妙義神社",
    "nameEn": "Myōgi Shrine",
    "family": "worship",
    "kind": "templeRoof",
    "wikidata": "Q97478947",
    "lon": 139.745057,
    "lat": 35.738568,
    "x": -1962.4,
    "z": -6353.3,
    "distance": 289,
    "station": 9,
    "stationName": "Komagome",
    "fromStation": 299,
    "picked": false
   },
   "geometry": {
    "type": "Point",
    "coordinates": [
     139.745057,
     35.738568
    ]
   }
  },
  {
   "type": "Feature",
   "properties": {
    "id": "osm-way-215725979",
    "osmType": "way",
    "osmId": 215725979,
    "name": "翡翠原石館",
    "nameEn": "Jade Ore Museum",
    "family": "museum",
    "kind": "museumFacade",
    "wikidata": "Q136707259",
    "lon": 139.735319,
    "lat": 35.620414,
    "x": -2811.9,
    "z": 6757.2,
    "distance": 187,
    "station": 23,
    "stationName": "Osaki",
    "fromStation": 599,
    "picked": true
   },
   "geometry": {
    "type": "Point",
    "coordinates": [
     139.735319,
     35.620414
    ]
   }
  },
  {
   "type": "Feature",
   "properties": {
    "id": "osm-way-215762071",
    "osmType": "way",
    "osmId": 215762071,
    "name": "願生寺",
    "nameEn": null,
    "family": "worship",
    "kind": "templeRoof",
    "wikidata": "Q119928682",
    "lon": 139.739383,
    "lat": 35.638925,
    "x": -2448.7,
    "z": 4702.7,
    "distance": 231,
    "station": 25,
    "stationName": "Takanawa Gateway",
    "fromStation": 400,
    "picked": false
   },
   "geometry": {
    "type": "Point",
    "coordinates": [
     139.739383,
     35.638925
    ]
   }
  },
  {
   "type": "Feature",
   "properties": {
    "id": "osm-way-215762274",
    "osmType": "way",
    "osmId": 215762274,
    "name": "常教寺",
    "nameEn": null,
    "family": "worship",
    "kind": "templeRoof",
    "wikidata": "Q111904419",
    "lon": 139.739144,
    "lat": 35.642949,
    "x": -2471.5,
    "z": 4256.3,
    "distance": 374,
    "station": 26,
    "stationName": "Tamachi",
    "fromStation": 833,
    "picked": false
   },
   "geometry": {
    "type": "Point",
    "coordinates": [
     139.739144,
     35.642949
    ]
   }
  },
  {
   "type": "Feature",
   "properties": {
    "id": "osm-way-215976912",
    "osmType": "way",
    "osmId": 215976912,
    "name": "寿昌寺",
    "nameEn": null,
    "family": "worship",
    "kind": "templeRoof",
    "wikidata": "Q97165025",
    "lon": 139.729759,
    "lat": 35.628913,
    "x": -3317.7,
    "z": 5815.4,
    "distance": 621,
    "station": 22,
    "stationName": "Gotanda",
    "fromStation": 622,
    "picked": false
   },
   "geometry": {
    "type": "Point",
    "coordinates": [
     139.729759,
     35.628913
    ]
   }
  },
  {
   "type": "Feature",
   "properties": {
    "id": "osm-way-215976914",
    "osmType": "way",
    "osmId": 215976914,
    "name": "箱根マイセンアンティーク美術館東京",
    "nameEn": null,
    "family": "museum",
    "kind": "museumFacade",
    "wikidata": null,
    "lon": 139.730465,
    "lat": 35.628637,
    "x": -3253.7,
    "z": 5845.9,
    "distance": 661,
    "station": 22,
    "stationName": "Gotanda",
    "fromStation": 666,
    "picked": false
   },
   "geometry": {
    "type": "Point",
    "coordinates": [
     139.730465,
     35.628637
    ]
   }
  },
  {
   "type": "Feature",
   "properties": {
    "id": "osm-way-216889523",
    "osmType": "way",
    "osmId": 216889523,
    "name": "亀塚神社",
    "nameEn": null,
    "family": "worship",
    "kind": "templeRoof",
    "wikidata": "Q11370809",
    "lon": 139.742026,
    "lat": 35.645702,
    "x": -2211.2,
    "z": 3950.2,
    "distance": 292,
    "station": 26,
    "stationName": "Tamachi",
    "fromStation": 511,
    "picked": false
   },
   "geometry": {
    "type": "Point",
    "coordinates": [
     139.742026,
     35.645702
    ]
   }
  },
  {
   "type": "Feature",
   "properties": {
    "id": "osm-way-216937315",
    "osmType": "way",
    "osmId": 216937315,
    "name": "實相寺",
    "nameEn": "Jisso-ji",
    "family": "worship",
    "kind": "templeRoof",
    "wikidata": "Q111904438",
    "lon": 139.739644,
    "lat": 35.643826,
    "x": -2426.4,
    "z": 4158.9,
    "distance": 362,
    "station": 26,
    "stationName": "Tamachi",
    "fromStation": 758,
    "picked": false
   },
   "geometry": {
    "type": "Point",
    "coordinates": [
     139.739644,
     35.643826
    ]
   }
  },
  {
   "type": "Feature",
   "properties": {
    "id": "osm-way-217008518",
    "osmType": "way",
    "osmId": 217008518,
    "name": "荘厳寺",
    "nameEn": null,
    "family": "worship",
    "kind": "templeRoof",
    "wikidata": "Q111904407",
    "lon": 139.739039,
    "lat": 35.642767,
    "x": -2480.9,
    "z": 4276.5,
    "distance": 378,
    "station": 25,
    "stationName": "Takanawa Gateway",
    "fromStation": 824,
    "picked": false
   },
   "geometry": {
    "type": "Point",
    "coordinates": [
     139.739039,
     35.642767
    ]
   }
  },
  {
   "type": "Feature",
   "properties": {
    "id": "osm-way-217125312",
    "osmType": "way",
    "osmId": 217125312,
    "name": "浄専寺",
    "nameEn": "Josen-ji",
    "family": "worship",
    "kind": "templeRoof",
    "wikidata": "Q122202392",
    "lon": 139.733599,
    "lat": 35.648419,
    "x": -2975.1,
    "z": 3650.6,
    "distance": 1085,
    "station": 26,
    "stationName": "Tamachi",
    "fromStation": 1308,
    "picked": false
   },
   "geometry": {
    "type": "Point",
    "coordinates": [
     139.733599,
     35.648419
    ]
   }
  },
  {
   "type": "Feature",
   "properties": {
    "id": "osm-way-218668746",
    "osmType": "way",
    "osmId": 218668746,
    "name": "正山寺",
    "nameEn": null,
    "family": "worship",
    "kind": "templeRoof",
    "wikidata": "Q111904361",
    "lon": 139.738378,
    "lat": 35.642299,
    "x": -2540.6,
    "z": 4328.6,
    "distance": 424,
    "station": 25,
    "stationName": "Takanawa Gateway",
    "fromStation": 785,
    "picked": false
   },
   "geometry": {
    "type": "Point",
    "coordinates": [
     139.738378,
     35.642299
    ]
   }
  },
  {
   "type": "Feature",
   "properties": {
    "id": "osm-way-218668748",
    "osmType": "way",
    "osmId": 218668748,
    "name": "薬王寺",
    "nameEn": null,
    "family": "worship",
    "kind": "templeRoof",
    "wikidata": "Q111084070",
    "lon": 139.737986,
    "lat": 35.642269,
    "x": -2576.1,
    "z": 4332,
    "distance": 458,
    "station": 25,
    "stationName": "Takanawa Gateway",
    "fromStation": 792,
    "picked": false
   },
   "geometry": {
    "type": "Point",
    "coordinates": [
     139.737986,
     35.642269
    ]
   }
  },
  {
   "type": "Feature",
   "properties": {
    "id": "osm-way-218873568",
    "osmType": "way",
    "osmId": 218873568,
    "name": "十番稲荷神社",
    "nameEn": "Juban Inari Shrine",
    "family": "worship",
    "kind": "templeRoof",
    "wikidata": "Q125367219",
    "lon": 139.73509,
    "lat": 35.657021,
    "x": -2842.3,
    "z": 2695.9,
    "distance": 1666,
    "station": 26,
    "stationName": "Tamachi",
    "fromStation": 1691,
    "picked": false
   },
   "geometry": {
    "type": "Point",
    "coordinates": [
     139.73509,
     35.657021
    ]
   }
  },
  {
   "type": "Feature",
   "properties": {
    "id": "osm-way-218878699",
    "osmType": "way",
    "osmId": 218878699,
    "name": "覚林寺",
    "nameEn": "Kakurinji Temple",
    "family": "worship",
    "kind": "templeRoof",
    "wikidata": "Q11560688",
    "lon": 139.731653,
    "lat": 35.639663,
    "x": -3149,
    "z": 4622.4,
    "distance": 915,
    "station": 25,
    "stationName": "Takanawa Gateway",
    "fromStation": 930,
    "picked": false
   },
   "geometry": {
    "type": "Point",
    "coordinates": [
     139.731653,
     35.639663
    ]
   }
  },
  {
   "type": "Feature",
   "properties": {
    "id": "osm-way-220340463",
    "osmType": "way",
    "osmId": 220340463,
    "name": "慈光寺",
    "nameEn": null,
    "family": "worship",
    "kind": "templeRoof",
    "wikidata": "Q106836700",
    "lon": 139.713265,
    "lat": 35.674161,
    "x": -4822.5,
    "z": 798.9,
    "distance": 852,
    "station": 18,
    "stationName": "Harajuku",
    "fromStation": 1071,
    "picked": false
   },
   "geometry": {
    "type": "Point",
    "coordinates": [
     139.713265,
     35.674161
    ]
   }
  },
  {
   "type": "Feature",
   "properties": {
    "id": "osm-way-220340464",
    "osmType": "way",
    "osmId": 220340464,
    "name": "龍巌寺",
    "nameEn": null,
    "family": "worship",
    "kind": "templeRoof",
    "wikidata": "Q66720424",
    "lon": 139.713199,
    "lat": 35.673516,
    "x": -4828.3,
    "z": 870.5,
    "distance": 858,
    "station": 18,
    "stationName": "Harajuku",
    "fromStation": 1038,
    "picked": false
   },
   "geometry": {
    "type": "Point",
    "coordinates": [
     139.713199,
     35.673516
    ]
   }
  },
  {
   "type": "Feature",
   "properties": {
    "id": "osm-way-220491267",
    "osmType": "way",
    "osmId": 220491267,
    "name": "五條天神社",
    "nameEn": "Gojo Tenjinsha Shrine",
    "family": "worship",
    "kind": "templeRoof",
    "wikidata": "Q2115862",
    "lon": 139.77218,
    "lat": 35.713699,
    "x": 498.6,
    "z": -3600.7,
    "distance": 316,
    "station": 4,
    "stationName": "Ueno",
    "fromStation": 353,
    "picked": false
   },
   "geometry": {
    "type": "Point",
    "coordinates": [
     139.77218,
     35.713699
    ]
   }
  },
  {
   "type": "Feature",
   "properties": {
    "id": "osm-way-220687185",
    "osmType": "way",
    "osmId": 220687185,
    "name": "本妙寺",
    "nameEn": null,
    "family": "worship",
    "kind": "templeRoof",
    "wikidata": "Q43593894",
    "lon": 139.728002,
    "lat": 35.643769,
    "x": -3480.7,
    "z": 4167.6,
    "distance": 1350,
    "station": 25,
    "stationName": "Takanawa Gateway",
    "fromStation": 1463,
    "picked": false
   },
   "geometry": {
    "type": "Point",
    "coordinates": [
     139.728002,
     35.643769
    ]
   }
  },
  {
   "type": "Feature",
   "properties": {
    "id": "osm-way-224479582",
    "osmType": "way",
    "osmId": 224479582,
    "name": "講安寺",
    "nameEn": "Koanji Temple",
    "family": "worship",
    "kind": "templeRoof",
    "wikidata": "Q11632183",
    "lon": 139.767009,
    "lat": 35.710718,
    "x": 31.6,
    "z": -3268.7,
    "distance": 691,
    "station": 3,
    "stationName": "Okachimachi",
    "fromStation": 805,
    "picked": false
   },
   "geometry": {
    "type": "Point",
    "coordinates": [
     139.767009,
     35.710718
    ]
   }
  },
  {
   "type": "Feature",
   "properties": {
    "id": "osm-way-229033205",
    "osmType": "way",
    "osmId": 229033205,
    "name": "大観音寺",
    "nameEn": "Ōkannonji",
    "family": "worship",
    "kind": "templeRoof",
    "wikidata": "Q98454792",
    "lon": 139.782484,
    "lat": 35.685516,
    "x": 1439.8,
    "z": -476.6,
    "distance": 1210,
    "station": 1,
    "stationName": "Kanda",
    "fromStation": 1253,
    "picked": false
   },
   "geometry": {
    "type": "Point",
    "coordinates": [
     139.782484,
     35.685516
    ]
   }
  },
  {
   "type": "Feature",
   "properties": {
    "id": "osm-way-229403004",
    "osmType": "way",
    "osmId": 229403004,
    "name": "通覚寺",
    "nameEn": null,
    "family": "worship",
    "kind": "templeRoof",
    "wikidata": "Q111993751",
    "lon": 139.790202,
    "lat": 35.711077,
    "x": 2130,
    "z": -3314.5,
    "distance": 1215,
    "station": 4,
    "stationName": "Ueno",
    "fromStation": 1308,
    "picked": false
   },
   "geometry": {
    "type": "Point",
    "coordinates": [
     139.790202,
     35.711077
    ]
   }
  },
  {
   "type": "Feature",
   "properties": {
    "id": "osm-way-229426242",
    "osmType": "way",
    "osmId": 229426242,
    "name": "Musée Hamaguchi Yōzō: Yamasa Collection",
    "nameEn": "Musée Hamaguchi Yōzō: Yamasa Collection",
    "family": "museum",
    "kind": "museumFacade",
    "wikidata": null,
    "lon": 139.785894,
    "lat": 35.681672,
    "x": 1749.7,
    "z": -51.1,
    "distance": 1636,
    "station": 0,
    "stationName": "Tokyo",
    "fromStation": 1750,
    "picked": false
   },
   "geometry": {
    "type": "Point",
    "coordinates": [
     139.785894,
     35.681672
    ]
   }
  },
  {
   "type": "Feature",
   "properties": {
    "id": "osm-way-230308615",
    "osmType": "way",
    "osmId": 230308615,
    "name": "ダールルアルカム・マスジド",
    "nameEn": "Darul Arqam Masjid",
    "family": "worship",
    "kind": "templeRoof",
    "wikidata": "Q15121515",
    "lon": 139.801467,
    "lat": 35.72177,
    "x": 3145.7,
    "z": -4503.9,
    "distance": 1990,
    "station": 5,
    "stationName": "Uguisudani",
    "fromStation": 2132,
    "picked": false
   },
   "geometry": {
    "type": "Point",
    "coordinates": [
     139.801467,
     35.72177
    ]
   }
  },
  {
   "type": "Feature",
   "properties": {
    "id": "osm-way-231401604",
    "osmType": "way",
    "osmId": 231401604,
    "name": "天龍寺",
    "nameEn": null,
    "family": "worship",
    "kind": "templeRoof",
    "wikidata": "Q97164856",
    "lon": 139.739962,
    "lat": 35.614492,
    "x": -2389.7,
    "z": 7413.1,
    "distance": 521,
    "station": 23,
    "stationName": "Osaki",
    "fromStation": 1156,
    "picked": false
   },
   "geometry": {
    "type": "Point",
    "coordinates": [
     139.739962,
     35.614492
    ]
   }
  },
  {
   "type": "Feature",
   "properties": {
    "id": "osm-way-231402188",
    "osmType": "way",
    "osmId": 231402188,
    "name": "大龍寺",
    "nameEn": null,
    "family": "worship",
    "kind": "templeRoof",
    "wikidata": "Q30932120",
    "lon": 139.739956,
    "lat": 35.615257,
    "x": -2390.4,
    "z": 7328.3,
    "distance": 461,
    "station": 23,
    "stationName": "Osaki",
    "fromStation": 1117,
    "picked": false
   },
   "geometry": {
    "type": "Point",
    "coordinates": [
     139.739956,
     35.615257
    ]
   }
  },
  {
   "type": "Feature",
   "properties": {
    "id": "osm-way-231403199",
    "osmType": "way",
    "osmId": 231403199,
    "name": "本光寺",
    "nameEn": null,
    "family": "worship",
    "kind": "templeRoof",
    "wikidata": "Q17230278",
    "lon": 139.740723,
    "lat": 35.615398,
    "x": -2321,
    "z": 7312.4,
    "distance": 504,
    "station": 23,
    "stationName": "Osaki",
    "fromStation": 1174,
    "picked": false
   },
   "geometry": {
    "type": "Point",
    "coordinates": [
     139.740723,
     35.615398
    ]
   }
  },
  {
   "type": "Feature",
   "properties": {
    "id": "osm-way-231665817",
    "osmType": "way",
    "osmId": 231665817,
    "name": "太田姫稲荷神社",
    "nameEn": "Otahime Shrine",
    "family": "worship",
    "kind": "templeRoof",
    "wikidata": "Q11444172",
    "lon": 139.763078,
    "lat": 35.69643,
    "x": -319.8,
    "z": -1682.6,
    "distance": 842,
    "station": 1,
    "stationName": "Kanda",
    "fromStation": 881,
    "picked": false
   },
   "geometry": {
    "type": "Point",
    "coordinates": [
     139.763078,
     35.69643
    ]
   }
  },
  {
   "type": "Feature",
   "properties": {
    "id": "osm-way-235397233",
    "osmType": "way",
    "osmId": 235397233,
    "name": "浄閑寺",
    "nameEn": "Jōkanji Temple",
    "family": "worship",
    "kind": "templeRoof",
    "wikidata": "Q10895707",
    "lon": 139.792792,
    "lat": 35.730745,
    "x": 2357.9,
    "z": -5497.2,
    "distance": 1679,
    "station": 5,
    "stationName": "Uguisudani",
    "fromStation": 1680,
    "picked": false
   },
   "geometry": {
    "type": "Point",
    "coordinates": [
     139.792792,
     35.730745
    ]
   }
  },
  {
   "type": "Feature",
   "properties": {
    "id": "osm-way-235403388",
    "osmType": "way",
    "osmId": 235403388,
    "name": "寿永寺",
    "nameEn": null,
    "family": "worship",
    "kind": "templeRoof",
    "wikidata": "Q106836943",
    "lon": 139.791728,
    "lat": 35.728532,
    "x": 2262.3,
    "z": -5251.5,
    "distance": 1451,
    "station": 5,
    "stationName": "Uguisudani",
    "fromStation": 1463,
    "picked": false
   },
   "geometry": {
    "type": "Point",
    "coordinates": [
     139.791728,
     35.728532
    ]
   }
  },
  {
   "type": "Feature",
   "properties": {
    "id": "osm-way-235639469",
    "osmType": "way",
    "osmId": 235639469,
    "name": "鳩森八幡神社",
    "nameEn": "Hatonomori Hachiman Jinja",
    "family": "worship",
    "kind": "templeRoof",
    "wikidata": "Q11391084",
    "lon": 139.709569,
    "lat": 35.677924,
    "x": -5158,
    "z": 382.2,
    "distance": 513,
    "station": 17,
    "stationName": "Yoyogi",
    "fromStation": 955,
    "picked": false
   },
   "geometry": {
    "type": "Point",
    "coordinates": [
     139.709569,
     35.677924
    ]
   }
  },
  {
   "type": "Feature",
   "properties": {
    "id": "osm-way-237177491",
    "osmType": "way",
    "osmId": 237177491,
    "name": "伏見稲荷",
    "nameEn": "Fushimi Inari Shrine",
    "family": "worship",
    "kind": "templeRoof",
    "wikidata": "Q115189175",
    "lon": 139.771662,
    "lat": 35.747128,
    "x": 441.4,
    "z": -7309.3,
    "distance": 1402,
    "station": 8,
    "stationName": "Tabata",
    "fromStation": 1410,
    "picked": false
   },
   "geometry": {
    "type": "Point",
    "coordinates": [
     139.771662,
     35.747128
    ]
   }
  },
  {
   "type": "Feature",
   "properties": {
    "id": "osm-way-237691736",
    "osmType": "way",
    "osmId": 237691736,
    "name": "西ヶ原一里塚",
    "nameEn": "Nishigahara Boundary Stone",
    "family": "historic",
    "kind": "museumFacade",
    "wikidata": "Q104903676",
    "lon": 139.741049,
    "lat": 35.747266,
    "x": -2327.4,
    "z": -7317.4,
    "distance": 1314,
    "station": 9,
    "stationName": "Komagome",
    "fromStation": 1314,
    "picked": false
   },
   "geometry": {
    "type": "Point",
    "coordinates": [
     139.741049,
     35.747266
    ]
   }
  },
  {
   "type": "Feature",
   "properties": {
    "id": "osm-way-238465922",
    "osmType": "way",
    "osmId": 238465922,
    "name": "石稲荷神社",
    "nameEn": null,
    "family": "worship",
    "kind": "templeRoof",
    "wikidata": "Q106852391",
    "lon": 139.784822,
    "lat": 35.725979,
    "x": 1638.4,
    "z": -4966.3,
    "distance": 786,
    "station": 5,
    "stationName": "Uguisudani",
    "fromStation": 786,
    "picked": false
   },
   "geometry": {
    "type": "Point",
    "coordinates": [
     139.784822,
     35.725979
    ]
   }
  },
  {
   "type": "Feature",
   "properties": {
    "id": "osm-way-239421923",
    "osmType": "way",
    "osmId": 239421923,
    "name": "長國寺",
    "nameEn": "Cyoukokuji",
    "family": "worship",
    "kind": "templeRoof",
    "wikidata": "Q22119401",
    "lon": 139.79202,
    "lat": 35.722999,
    "x": 2290.6,
    "z": -4637.6,
    "distance": 1184,
    "station": 5,
    "stationName": "Uguisudani",
    "fromStation": 1285,
    "picked": false
   },
   "geometry": {
    "type": "Point",
    "coordinates": [
     139.79202,
     35.722999
    ]
   }
  },
  {
   "type": "Feature",
   "properties": {
    "id": "osm-way-240891310",
    "osmType": "way",
    "osmId": 240891310,
    "name": "赤門",
    "nameEn": "Red Gate",
    "family": "historic",
    "kind": "museumFacade",
    "wikidata": "Q48807898",
    "lon": 139.760354,
    "lat": 35.710605,
    "x": -570.6,
    "z": -3254.5,
    "distance": 1293,
    "station": 3,
    "stationName": "Okachimachi",
    "fromStation": 1352,
    "picked": true
   },
   "geometry": {
    "type": "Point",
    "coordinates": [
     139.760354,
     35.710605
    ]
   }
  },
  {
   "type": "Feature",
   "properties": {
    "id": "osm-way-241193890",
    "osmType": "way",
    "osmId": 241193890,
    "name": "桜木神社",
    "nameEn": null,
    "family": "worship",
    "kind": "templeRoof",
    "wikidata": "Q11538090",
    "lon": 139.759364,
    "lat": 35.707698,
    "x": -659.3,
    "z": -2931.8,
    "distance": 1378,
    "station": 3,
    "stationName": "Okachimachi",
    "fromStation": 1382,
    "picked": false
   },
   "geometry": {
    "type": "Point",
    "coordinates": [
     139.759364,
     35.707698
    ]
   }
  },
  {
   "type": "Feature",
   "properties": {
    "id": "osm-way-242897845",
    "osmType": "way",
    "osmId": 242897845,
    "name": "カトリック築地教会",
    "nameEn": "Tsukiji Catholic Church",
    "family": "worship",
    "kind": "templeRoof",
    "wikidata": "Q11603476",
    "lon": 139.777154,
    "lat": 35.668175,
    "x": 962.9,
    "z": 1448.6,
    "distance": 1448,
    "station": 29,
    "stationName": "Yurakucho",
    "fromStation": 1484,
    "picked": false
   },
   "geometry": {
    "type": "Point",
    "coordinates": [
     139.777154,
     35.668175
    ]
   }
  },
  {
   "type": "Feature",
   "properties": {
    "id": "osm-way-243367978",
    "osmType": "way",
    "osmId": 243367978,
    "name": "須藤公園",
    "nameEn": "Sudō Park",
    "family": "park",
    "kind": "forestMass",
    "wikidata": "Q42311659",
    "lon": 139.76248,
    "lat": 35.726428,
    "x": -382.9,
    "z": -5010.6,
    "distance": 665,
    "station": 6,
    "stationName": "Nippori",
    "fromStation": 737,
    "picked": false
   },
   "geometry": {
    "type": "Point",
    "coordinates": [
     139.76248,
     35.726428
    ]
   }
  },
  {
   "type": "Feature",
   "properties": {
    "id": "osm-way-243411399",
    "osmType": "way",
    "osmId": 243411399,
    "name": "妙円寺",
    "nameEn": "Myoenji Temple",
    "family": "worship",
    "kind": "templeRoof",
    "wikidata": "Q30929069",
    "lon": 139.721846,
    "lat": 35.635498,
    "x": -4036,
    "z": 5086.6,
    "distance": 569,
    "station": 21,
    "stationName": "Meguro",
    "fromStation": 570,
    "picked": false
   },
   "geometry": {
    "type": "Point",
    "coordinates": [
     139.721846,
     35.635498
    ]
   }
  },
  {
   "type": "Feature",
   "properties": {
    "id": "osm-way-243420620",
    "osmType": "way",
    "osmId": 243420620,
    "name": "厳嶋神社",
    "nameEn": null,
    "family": "worship",
    "kind": "templeRoof",
    "wikidata": "Q11410141",
    "lon": 139.713367,
    "lat": 35.697555,
    "x": -4819,
    "z": -1796.5,
    "distance": 1213,
    "station": 15,
    "stationName": "Shin-Okubo",
    "fromStation": 1254,
    "picked": false
   },
   "geometry": {
    "type": "Point",
    "coordinates": [
     139.713367,
     35.697555
    ]
   }
  },
  {
   "type": "Feature",
   "properties": {
    "id": "osm-way-243430905",
    "osmType": "way",
    "osmId": 243430905,
    "name": "朝日弁財天",
    "nameEn": "Asahi Benzaiten",
    "family": "worship",
    "kind": "templeRoof",
    "wikidata": "Q111836740",
    "lon": 139.787709,
    "lat": 35.723582,
    "x": 1900.4,
    "z": -4701.1,
    "distance": 846,
    "station": 5,
    "stationName": "Uguisudani",
    "fromStation": 911,
    "picked": false
   },
   "geometry": {
    "type": "Point",
    "coordinates": [
     139.787709,
     35.723582
    ]
   }
  },
  {
   "type": "Feature",
   "properties": {
    "id": "osm-way-243433345",
    "osmType": "way",
    "osmId": 243433345,
    "name": "元三島神社",
    "nameEn": "Moto-Mishima-jinja Shrine",
    "family": "worship",
    "kind": "templeRoof",
    "wikidata": "Q106852471",
    "lon": 139.777918,
    "lat": 35.722461,
    "x": 1015,
    "z": -4574.2,
    "distance": 60,
    "station": 5,
    "stationName": "Uguisudani",
    "fromStation": 85,
    "picked": true
   },
   "geometry": {
    "type": "Point",
    "coordinates": [
     139.777918,
     35.722461
    ]
   }
  },
  {
   "type": "Feature",
   "properties": {
    "id": "osm-way-243504820",
    "osmType": "way",
    "osmId": 243504820,
    "name": "田端八幡神社",
    "nameEn": "Tabata Hachiman Shrine",
    "family": "worship",
    "kind": "templeRoof",
    "wikidata": "Q95743097",
    "lon": 139.75881,
    "lat": 35.736063,
    "x": -717.7,
    "z": -6078.6,
    "distance": 287,
    "station": 8,
    "stationName": "Tabata",
    "fromStation": 298,
    "picked": false
   },
   "geometry": {
    "type": "Point",
    "coordinates": [
     139.75881,
     35.736063
    ]
   }
  },
  {
   "type": "Feature",
   "properties": {
    "id": "osm-way-243504821",
    "osmType": "way",
    "osmId": 243504821,
    "name": "東覚寺",
    "nameEn": "Tokakuji Temple",
    "family": "worship",
    "kind": "templeRoof",
    "wikidata": "Q21019198",
    "lon": 139.758583,
    "lat": 35.735478,
    "x": -738.1,
    "z": -6013.6,
    "distance": 347,
    "station": 8,
    "stationName": "Tabata",
    "fromStation": 350,
    "picked": false
   },
   "geometry": {
    "type": "Point",
    "coordinates": [
     139.758583,
     35.735478
    ]
   }
  },
  {
   "type": "Feature",
   "properties": {
    "id": "osm-way-243543646",
    "osmType": "way",
    "osmId": 243543646,
    "name": "深光寺",
    "nameEn": "Shinkoji Temple",
    "family": "worship",
    "kind": "templeRoof",
    "wikidata": "Q106836781",
    "lon": 139.73741,
    "lat": 35.715787,
    "x": -2648,
    "z": -3824.2,
    "distance": 1725,
    "station": 11,
    "stationName": "Otsuka",
    "fromStation": 1931,
    "picked": false
   },
   "geometry": {
    "type": "Point",
    "coordinates": [
     139.73741,
     35.715787
    ]
   }
  },
  {
   "type": "Feature",
   "properties": {
    "id": "osm-way-243543855",
    "osmType": "way",
    "osmId": 243543855,
    "name": "徳雲寺",
    "nameEn": "Toku-unji Temple",
    "family": "worship",
    "kind": "templeRoof",
    "wikidata": "Q106836780",
    "lon": 139.738618,
    "lat": 35.715763,
    "x": -2538.7,
    "z": -3821.8,
    "distance": 1753,
    "station": 10,
    "stationName": "Sugamo",
    "fromStation": 1954,
    "picked": false
   },
   "geometry": {
    "type": "Point",
    "coordinates": [
     139.738618,
     35.715763
    ]
   }
  },
  {
   "type": "Feature",
   "properties": {
    "id": "osm-way-243645036",
    "osmType": "way",
    "osmId": 243645036,
    "name": "清立院",
    "nameEn": "Mitakesan Seiryūin",
    "family": "worship",
    "kind": "templeRoof",
    "wikidata": "Q97478980",
    "lon": 139.717717,
    "lat": 35.721579,
    "x": -4431.2,
    "z": -4462.7,
    "distance": 919,
    "station": 13,
    "stationName": "Mejiro",
    "fromStation": 1014,
    "picked": false
   },
   "geometry": {
    "type": "Point",
    "coordinates": [
     139.717717,
     35.721579
    ]
   }
  },
  {
   "type": "Feature",
   "properties": {
    "id": "osm-way-243647307",
    "osmType": "way",
    "osmId": 243647307,
    "name": "観静院",
    "nameEn": "Kanjoin",
    "family": "worship",
    "kind": "templeRoof",
    "wikidata": "Q130100531",
    "lon": 139.713688,
    "lat": 35.723429,
    "x": -4796.2,
    "z": -4667.1,
    "distance": 502,
    "station": 13,
    "stationName": "Mejiro",
    "fromStation": 695,
    "picked": true
   },
   "geometry": {
    "type": "Point",
    "coordinates": [
     139.713688,
     35.723429
    ]
   }
  },
  {
   "type": "Feature",
   "properties": {
    "id": "osm-way-243652206",
    "osmType": "way",
    "osmId": 243652206,
    "name": "大法寺",
    "nameEn": "Daiho-ji Temple",
    "family": "worship",
    "kind": "templeRoof",
    "wikidata": "Q122187141",
    "lon": 139.732971,
    "lat": 35.655427,
    "x": -3033.7,
    "z": 2873.2,
    "distance": 1641,
    "station": 26,
    "stationName": "Tamachi",
    "fromStation": 1710,
    "picked": false
   },
   "geometry": {
    "type": "Point",
    "coordinates": [
     139.732971,
     35.655427
    ]
   }
  },
  {
   "type": "Feature",
   "properties": {
    "id": "osm-way-244495253",
    "osmType": "way",
    "osmId": 244495253,
    "name": "一行院 千日谷会堂",
    "nameEn": null,
    "family": "worship",
    "kind": "templeRoof",
    "wikidata": "Q21018811",
    "lon": 139.720456,
    "lat": 35.67949,
    "x": -4172.9,
    "z": 206.3,
    "distance": 1511,
    "station": 17,
    "stationName": "Yoyogi",
    "fromStation": 1739,
    "picked": false
   },
   "geometry": {
    "type": "Point",
    "coordinates": [
     139.720456,
     35.67949
    ]
   }
  },
  {
   "type": "Feature",
   "properties": {
    "id": "osm-way-249498496",
    "osmType": "way",
    "osmId": 249498496,
    "name": "六義園",
    "nameEn": "Rikugi Garden",
    "family": "historic",
    "kind": "museumFacade",
    "wikidata": "Q1889010",
    "lon": 139.746401,
    "lat": 35.733242,
    "x": -1839.4,
    "z": -5762.7,
    "distance": 294,
    "station": 9,
    "stationName": "Komagome",
    "fromStation": 376,
    "picked": true
   },
   "geometry": {
    "type": "Point",
    "coordinates": [
     139.746401,
     35.733242
    ]
   }
  },
  {
   "type": "Feature",
   "properties": {
    "id": "osm-way-252390818",
    "osmType": "way",
    "osmId": 252390818,
    "name": "蓮光寺",
    "nameEn": null,
    "family": "worship",
    "kind": "templeRoof",
    "wikidata": "Q106682094",
    "lon": 139.755412,
    "lat": 35.725349,
    "x": -1022,
    "z": -4889.2,
    "distance": 1261,
    "station": 7,
    "stationName": "Nishi-Nippori",
    "fromStation": 1268,
    "picked": false
   },
   "geometry": {
    "type": "Point",
    "coordinates": [
     139.755412,
     35.725349
    ]
   }
  },
  {
   "type": "Feature",
   "properties": {
    "id": "osm-way-252394445",
    "osmType": "way",
    "osmId": 252394445,
    "name": "高林寺",
    "nameEn": null,
    "family": "worship",
    "kind": "templeRoof",
    "wikidata": "Q97310566",
    "lon": 139.754797,
    "lat": 35.724753,
    "x": -1077.4,
    "z": -4822.9,
    "distance": 1343,
    "station": 7,
    "stationName": "Nishi-Nippori",
    "fromStation": 1352,
    "picked": false
   },
   "geometry": {
    "type": "Point",
    "coordinates": [
     139.754797,
     35.724753
    ]
   }
  },
  {
   "type": "Feature",
   "properties": {
    "id": "osm-way-252704118",
    "osmType": "way",
    "osmId": 252704118,
    "name": "龍谷寺",
    "nameEn": null,
    "family": "worship",
    "kind": "templeRoof",
    "wikidata": "Q29526209",
    "lon": 139.767467,
    "lat": 35.723565,
    "x": 69.1,
    "z": -4694.1,
    "distance": 529,
    "station": 6,
    "stationName": "Nippori",
    "fromStation": 556,
    "picked": false
   },
   "geometry": {
    "type": "Point",
    "coordinates": [
     139.767467,
     35.723565
    ]
   }
  },
  {
   "type": "Feature",
   "properties": {
    "id": "osm-way-252704359",
    "osmType": "way",
    "osmId": 252704359,
    "name": "永久寺",
    "nameEn": null,
    "family": "worship",
    "kind": "templeRoof",
    "wikidata": "Q111633048",
    "lon": 139.767914,
    "lat": 35.723543,
    "x": 109.5,
    "z": -4691.8,
    "distance": 503,
    "station": 6,
    "stationName": "Nippori",
    "fromStation": 540,
    "picked": false
   },
   "geometry": {
    "type": "Point",
    "coordinates": [
     139.767914,
     35.723543
    ]
   }
  },
  {
   "type": "Feature",
   "properties": {
    "id": "osm-way-252704519",
    "osmType": "way",
    "osmId": 252704519,
    "name": "天龍院",
    "nameEn": null,
    "family": "worship",
    "kind": "templeRoof",
    "wikidata": "Q105836454",
    "lon": 139.766788,
    "lat": 35.723593,
    "x": 7.7,
    "z": -4697.1,
    "distance": 571,
    "station": 6,
    "stationName": "Nippori",
    "fromStation": 585,
    "picked": false
   },
   "geometry": {
    "type": "Point",
    "coordinates": [
     139.766788,
     35.723593
    ]
   }
  },
  {
   "type": "Feature",
   "properties": {
    "id": "osm-way-252704521",
    "osmType": "way",
    "osmId": 252704521,
    "name": "本通寺",
    "nameEn": null,
    "family": "worship",
    "kind": "templeRoof",
    "wikidata": "Q111647651",
    "lon": 139.76717,
    "lat": 35.723533,
    "x": 42.3,
    "z": -4690.5,
    "distance": 551,
    "station": 6,
    "stationName": "Nippori",
    "fromStation": 573,
    "picked": false
   },
   "geometry": {
    "type": "Point",
    "coordinates": [
     139.76717,
     35.723533
    ]
   }
  },
  {
   "type": "Feature",
   "properties": {
    "id": "osm-way-257726828",
    "osmType": "way",
    "osmId": 257726828,
    "name": "恵比寿南二公園",
    "nameEn": null,
    "family": "park",
    "kind": "forestMass",
    "wikidata": "Q42312038",
    "lon": 139.70869,
    "lat": 35.643487,
    "x": -5229.5,
    "z": 4202.8,
    "distance": 260,
    "station": 20,
    "stationName": "Ebisu",
    "fromStation": 354,
    "picked": false
   },
   "geometry": {
    "type": "Point",
    "coordinates": [
     139.70869,
     35.643487
    ]
   }
  },
  {
   "type": "Feature",
   "properties": {
    "id": "osm-way-264856191",
    "osmType": "way",
    "osmId": 264856191,
    "name": "鈴木信太郎記念館",
    "nameEn": "Shintaro Suzuki Memorial Museum",
    "family": "museum",
    "kind": "museumFacade",
    "wikidata": null,
    "lon": 139.72905,
    "lat": 35.725787,
    "x": -3406.9,
    "z": -4931.9,
    "distance": 608,
    "station": 11,
    "stationName": "Otsuka",
    "fromStation": 650,
    "picked": false
   },
   "geometry": {
    "type": "Point",
    "coordinates": [
     139.72905,
     35.725787
    ]
   }
  },
  {
   "type": "Feature",
   "properties": {
    "id": "osm-way-266064299",
    "osmType": "way",
    "osmId": 266064299,
    "name": "雑司が谷旧宣教師館",
    "nameEn": "Zoshigaya Missionary Museum",
    "family": "museum",
    "kind": "museumFacade",
    "wikidata": "Q3915272",
    "lon": 139.720589,
    "lat": 35.720726,
    "x": -4171.2,
    "z": -4368.6,
    "distance": 1195,
    "station": 13,
    "stationName": "Mejiro",
    "fromStation": 1274,
    "picked": false
   },
   "geometry": {
    "type": "Point",
    "coordinates": [
     139.720589,
     35.720726
    ]
   }
  },
  {
   "type": "Feature",
   "properties": {
    "id": "osm-way-276701500",
    "osmType": "way",
    "osmId": 276701500,
    "name": "本所松坂町公園",
    "nameEn": "Honjo Matsuzakacho Town Park",
    "family": "park",
    "kind": "forestMass",
    "wikidata": "Q11520364",
    "lon": 139.794303,
    "lat": 35.693328,
    "x": 2507,
    "z": -1346.5,
    "distance": 1980,
    "station": 2,
    "stationName": "Akihabara",
    "fromStation": 2006,
    "picked": false
   },
   "geometry": {
    "type": "Point",
    "coordinates": [
     139.794303,
     35.693328
    ]
   }
  },
  {
   "type": "Feature",
   "properties": {
    "id": "osm-way-279067985",
    "osmType": "way",
    "osmId": 279067985,
    "name": "八幡神社",
    "nameEn": null,
    "family": "worship",
    "kind": "templeRoof",
    "wikidata": "Q11674200",
    "lon": 139.742313,
    "lat": 35.604667,
    "x": -2174,
    "z": 8502.5,
    "distance": 1548,
    "station": 23,
    "stationName": "Osaki",
    "fromStation": 2055,
    "picked": false
   },
   "geometry": {
    "type": "Point",
    "coordinates": [
     139.742313,
     35.604667
    ]
   }
  },
  {
   "type": "Feature",
   "properties": {
    "id": "osm-way-279067986",
    "osmType": "way",
    "osmId": 279067986,
    "name": "善福寺",
    "nameEn": null,
    "family": "worship",
    "kind": "templeRoof",
    "wikidata": "Q97164746",
    "lon": 139.740732,
    "lat": 35.620216,
    "x": -2321.4,
    "z": 6777.9,
    "distance": 297,
    "station": 24,
    "stationName": "Shinagawa",
    "fromStation": 960,
    "picked": false
   },
   "geometry": {
    "type": "Point",
    "coordinates": [
     139.740732,
     35.620216
    ]
   }
  },
  {
   "type": "Feature",
   "properties": {
    "id": "osm-way-294300778",
    "osmType": "way",
    "osmId": 294300778,
    "name": "広尾神社",
    "nameEn": "Hiroo Shrine",
    "family": "worship",
    "kind": "templeRoof",
    "wikidata": "Q22120144",
    "lon": 139.723657,
    "lat": 35.650537,
    "x": -3875.8,
    "z": 3417.8,
    "distance": 1297,
    "station": 20,
    "stationName": "Ebisu",
    "fromStation": 1302,
    "picked": false
   },
   "geometry": {
    "type": "Point",
    "coordinates": [
     139.723657,
     35.650537
    ]
   }
  },
  {
   "type": "Feature",
   "properties": {
    "id": "osm-way-295408854",
    "osmType": "way",
    "osmId": 295408854,
    "name": "天真寺",
    "nameEn": "Tenshinji Temple",
    "family": "worship",
    "kind": "templeRoof",
    "wikidata": "Q97376111",
    "lon": 139.729165,
    "lat": 35.651708,
    "x": -3377.4,
    "z": 3286.7,
    "distance": 1621,
    "station": 26,
    "stationName": "Tamachi",
    "fromStation": 1801,
    "picked": false
   },
   "geometry": {
    "type": "Point",
    "coordinates": [
     139.729165,
     35.651708
    ]
   }
  },
  {
   "type": "Feature",
   "properties": {
    "id": "osm-way-298233366",
    "osmType": "way",
    "osmId": 298233366,
    "name": "徳蔵寺",
    "nameEn": null,
    "family": "worship",
    "kind": "templeRoof",
    "wikidata": "Q97165258",
    "lon": 139.719353,
    "lat": 35.628632,
    "x": -4260.2,
    "z": 5848.8,
    "distance": 45,
    "station": 22,
    "stationName": "Gotanda",
    "fromStation": 471,
    "picked": false
   },
   "geometry": {
    "type": "Point",
    "coordinates": [
     139.719353,
     35.628632
    ]
   }
  },
  {
   "type": "Feature",
   "properties": {
    "id": "osm-way-303959206",
    "osmType": "way",
    "osmId": 303959206,
    "name": "穴八幡宮",
    "nameEn": "Ana Hachiman Shrine",
    "family": "worship",
    "kind": "templeRoof",
    "wikidata": "Q698078",
    "lon": 139.717702,
    "lat": 35.707114,
    "x": -4429,
    "z": -2857.9,
    "distance": 1390,
    "station": 14,
    "stationName": "Takadanobaba",
    "fromStation": 1410,
    "picked": false
   },
   "geometry": {
    "type": "Point",
    "coordinates": [
     139.717702,
     35.707114
    ]
   }
  },
  {
   "type": "Feature",
   "properties": {
    "id": "osm-way-306116935",
    "osmType": "way",
    "osmId": 306116935,
    "name": "三菱一号館",
    "nameEn": "Mitsubishi Ichigokan Museum",
    "family": "museum",
    "kind": "museumFacade",
    "wikidata": "Q3815458",
    "lon": 139.763164,
    "lat": 35.678466,
    "x": -306.8,
    "z": 310.3,
    "distance": 218,
    "station": 29,
    "stationName": "Yurakucho",
    "fromStation": 388,
    "picked": false
   },
   "geometry": {
    "type": "Point",
    "coordinates": [
     139.763164,
     35.678466
    ]
   }
  },
  {
   "type": "Feature",
   "properties": {
    "id": "osm-way-311069857",
    "osmType": "way",
    "osmId": 311069857,
    "name": "東池袋中央公園",
    "nameEn": "Higashiikebukuro Central Park",
    "family": "park",
    "kind": "forestMass",
    "wikidata": "Q11527573",
    "lon": 139.718719,
    "lat": 35.730128,
    "x": -4342.7,
    "z": -5411.3,
    "distance": 436,
    "station": 12,
    "stationName": "Ikebukuro",
    "fromStation": 700,
    "picked": false
   },
   "geometry": {
    "type": "Point",
    "coordinates": [
     139.718719,
     35.730128
    ]
   }
  },
  {
   "type": "Feature",
   "properties": {
    "id": "osm-way-316220784",
    "osmType": "way",
    "osmId": 316220784,
    "name": "浄名院",
    "nameEn": "Jōmyōin",
    "family": "worship",
    "kind": "templeRoof",
    "wikidata": "Q106836714",
    "lon": 139.773438,
    "lat": 35.722384,
    "x": 609.7,
    "z": -4564.6,
    "distance": 247,
    "station": 5,
    "stationName": "Uguisudani",
    "fromStation": 411,
    "picked": false
   },
   "geometry": {
    "type": "Point",
    "coordinates": [
     139.773438,
     35.722384
    ]
   }
  },
  {
   "type": "Feature",
   "properties": {
    "id": "osm-way-325664576",
    "osmType": "way",
    "osmId": 325664576,
    "name": "寄木神社",
    "nameEn": null,
    "family": "worship",
    "kind": "templeRoof",
    "wikidata": "Q97165015",
    "lon": 139.745707,
    "lat": 35.618136,
    "x": -1870.2,
    "z": 7007.6,
    "distance": 788,
    "station": 24,
    "stationName": "Shinagawa",
    "fromStation": 1343,
    "picked": false
   },
   "geometry": {
    "type": "Point",
    "coordinates": [
     139.745707,
     35.618136
    ]
   }
  },
  {
   "type": "Feature",
   "properties": {
    "id": "osm-way-325692053",
    "osmType": "way",
    "osmId": 325692053,
    "name": "品川神社",
    "nameEn": "Shinagawa Shrine",
    "family": "worship",
    "kind": "templeRoof",
    "wikidata": "Q11418419",
    "lon": 139.739992,
    "lat": 35.618433,
    "x": -2388,
    "z": 6975.9,
    "distance": 279,
    "station": 23,
    "stationName": "Osaki",
    "fromStation": 1022,
    "picked": false
   },
   "geometry": {
    "type": "Point",
    "coordinates": [
     139.739992,
     35.618433
    ]
   }
  },
  {
   "type": "Feature",
   "properties": {
    "id": "osm-way-325692055",
    "osmType": "way",
    "osmId": 325692055,
    "name": "荏原神社",
    "nameEn": "Ebara Shrine",
    "family": "worship",
    "kind": "templeRoof",
    "wikidata": "Q11618312",
    "lon": 139.743579,
    "lat": 35.617049,
    "x": -2062.7,
    "z": 7128.7,
    "distance": 637,
    "station": 23,
    "stationName": "Osaki",
    "fromStation": 1368,
    "picked": false
   },
   "geometry": {
    "type": "Point",
    "coordinates": [
     139.743579,
     35.617049
    ]
   }
  },
  {
   "type": "Feature",
   "properties": {
    "id": "osm-way-331612051",
    "osmType": "way",
    "osmId": 331612051,
    "name": "金刀比羅宮",
    "nameEn": "Kotohiragu Shrine",
    "family": "worship",
    "kind": "templeRoof",
    "wikidata": "Q111840554",
    "lon": 139.790285,
    "lat": 35.683606,
    "x": 2146.5,
    "z": -266.8,
    "distance": 1947,
    "station": 1,
    "stationName": "Kanda",
    "fromStation": 1970,
    "picked": false
   },
   "geometry": {
    "type": "Point",
    "coordinates": [
     139.790285,
     35.683606
    ]
   }
  },
  {
   "type": "Feature",
   "properties": {
    "id": "osm-way-332338650",
    "osmType": "way",
    "osmId": 332338650,
    "name": "淡路公園",
    "nameEn": "Awaji Pocket Park",
    "family": "park",
    "kind": "forestMass",
    "wikidata": "Q42311503",
    "lon": 139.767021,
    "lat": 35.69716,
    "x": 36.7,
    "z": -1764.6,
    "distance": 525,
    "station": 2,
    "stationName": "Akihabara",
    "fromStation": 558,
    "picked": true
   },
   "geometry": {
    "type": "Point",
    "coordinates": [
     139.767021,
     35.69716
    ]
   }
  },
  {
   "type": "Feature",
   "properties": {
    "id": "osm-way-332658109",
    "osmType": "way",
    "osmId": 332658109,
    "name": "感應稲荷神社",
    "nameEn": null,
    "family": "worship",
    "kind": "templeRoof",
    "wikidata": "Q133359134",
    "lon": 139.792282,
    "lat": 35.714499,
    "x": 2317.1,
    "z": -3694.7,
    "distance": 1215,
    "station": 4,
    "stationName": "Ueno",
    "fromStation": 1469,
    "picked": false
   },
   "geometry": {
    "type": "Point",
    "coordinates": [
     139.792282,
     35.714499
    ]
   }
  },
  {
   "type": "Feature",
   "properties": {
    "id": "osm-way-334122280",
    "osmType": "way",
    "osmId": 334122280,
    "name": "北区飛鳥山博物館",
    "nameEn": "Kita City Asukayama Museum",
    "family": "museum",
    "kind": "museumFacade",
    "wikidata": "Q11401205",
    "lon": 139.738979,
    "lat": 35.749555,
    "x": -2515.2,
    "z": -7570.8,
    "distance": 1625,
    "station": 9,
    "stationName": "Komagome",
    "fromStation": 1625,
    "picked": false
   },
   "geometry": {
    "type": "Point",
    "coordinates": [
     139.738979,
     35.749555
    ]
   }
  },
  {
   "type": "Feature",
   "properties": {
    "id": "osm-way-334122306",
    "osmType": "way",
    "osmId": 334122306,
    "name": "渋沢史料館",
    "nameEn": "Shibusawa Memorial Museum",
    "family": "museum",
    "kind": "museumFacade",
    "wikidata": "Q11254595",
    "lon": 139.739217,
    "lat": 35.749149,
    "x": -2493.6,
    "z": -7525.8,
    "distance": 1575,
    "station": 9,
    "stationName": "Komagome",
    "fromStation": 1575,
    "picked": true
   },
   "geometry": {
    "type": "Point",
    "coordinates": [
     139.739217,
     35.749149
    ]
   }
  },
  {
   "type": "Feature",
   "properties": {
    "id": "osm-way-334122319",
    "osmType": "way",
    "osmId": 334122319,
    "name": "紙の博物館",
    "nameEn": "Paper Museum",
    "family": "museum",
    "kind": "museumFacade",
    "wikidata": "Q11605492",
    "lon": 139.738681,
    "lat": 35.749875,
    "x": -2542.2,
    "z": -7606.3,
    "distance": 1668,
    "station": 9,
    "stationName": "Komagome",
    "fromStation": 1669,
    "picked": false
   },
   "geometry": {
    "type": "Point",
    "coordinates": [
     139.738681,
     35.749875
    ]
   }
  },
  {
   "type": "Feature",
   "properties": {
    "id": "osm-way-363543409",
    "osmType": "way",
    "osmId": 363543409,
    "name": "銀杏岡八幡神社",
    "nameEn": "Icho-oka Hachiman Shrine",
    "family": "worship",
    "kind": "templeRoof",
    "wikidata": "Q106852475",
    "lon": 139.785846,
    "lat": 35.698062,
    "x": 1740.1,
    "z": -1869.4,
    "distance": 1158,
    "station": 2,
    "stationName": "Akihabara",
    "fromStation": 1162,
    "picked": false
   },
   "geometry": {
    "type": "Point",
    "coordinates": [
     139.785846,
     35.698062
    ]
   }
  },
  {
   "type": "Feature",
   "properties": {
    "id": "osm-way-363543410",
    "osmType": "way",
    "osmId": 363543410,
    "name": "須賀神社",
    "nameEn": "Suka-jinja Shrine",
    "family": "worship",
    "kind": "templeRoof",
    "wikidata": "Q106852582",
    "lon": 139.787094,
    "lat": 35.699199,
    "x": 1852.6,
    "z": -1995.9,
    "distance": 1257,
    "station": 2,
    "stationName": "Akihabara",
    "fromStation": 1278,
    "picked": false
   },
   "geometry": {
    "type": "Point",
    "coordinates": [
     139.787094,
     35.699199
    ]
   }
  },
  {
   "type": "Feature",
   "properties": {
    "id": "osm-way-363543412",
    "osmType": "way",
    "osmId": 363543412,
    "name": "榊神社",
    "nameEn": "Sakaki-jinja Shrine",
    "family": "worship",
    "kind": "templeRoof",
    "wikidata": "Q11602398",
    "lon": 139.789183,
    "lat": 35.700153,
    "x": 2041.4,
    "z": -2102.3,
    "distance": 1419,
    "station": 2,
    "stationName": "Akihabara",
    "fromStation": 1477,
    "picked": false
   },
   "geometry": {
    "type": "Point",
    "coordinates": [
     139.789183,
     35.700153
    ]
   }
  },
  {
   "type": "Feature",
   "properties": {
    "id": "osm-way-372547137",
    "osmType": "way",
    "osmId": 372547137,
    "name": "肥後細川庭園",
    "nameEn": "Higo-Hosokawa Garden",
    "family": "park",
    "kind": "forestMass",
    "wikidata": "Q3162465",
    "lon": 139.722461,
    "lat": 35.713103,
    "x": -3999.9,
    "z": -3523.3,
    "distance": 1626,
    "station": 13,
    "stationName": "Mejiro",
    "fromStation": 1698,
    "picked": false
   },
   "geometry": {
    "type": "Point",
    "coordinates": [
     139.722461,
     35.713103
    ]
   }
  },
  {
   "type": "Feature",
   "properties": {
    "id": "osm-way-372572644",
    "osmType": "way",
    "osmId": 372572644,
    "name": "永青文庫",
    "nameEn": "Eisei Bunko Museum",
    "family": "museum",
    "kind": "museumFacade",
    "wikidata": "Q728781",
    "lon": 139.723355,
    "lat": 35.713109,
    "x": -3918.9,
    "z": -3524.1,
    "distance": 1704,
    "station": 13,
    "stationName": "Mejiro",
    "fromStation": 1767,
    "picked": false
   },
   "geometry": {
    "type": "Point",
    "coordinates": [
     139.723355,
     35.713109
    ]
   }
  },
  {
   "type": "Feature",
   "properties": {
    "id": "osm-way-373203537",
    "osmType": "way",
    "osmId": 373203537,
    "name": "塙保己一史料館",
    "nameEn": "Hanawa Hokiichi Historical Museum",
    "family": "museum",
    "kind": "museumFacade",
    "wikidata": "Q21018910",
    "lon": 139.711452,
    "lat": 35.654346,
    "x": -4981.9,
    "z": 2997.5,
    "distance": 489,
    "station": 20,
    "stationName": "Ebisu",
    "fromStation": 885,
    "picked": false
   },
   "geometry": {
    "type": "Point",
    "coordinates": [
     139.711452,
     35.654346
    ]
   }
  },
  {
   "type": "Feature",
   "properties": {
    "id": "osm-way-374396948",
    "osmType": "way",
    "osmId": 374396948,
    "name": "三崎稲荷神社",
    "nameEn": "Misaki Inari Shrine",
    "family": "worship",
    "kind": "templeRoof",
    "wikidata": "Q85567286",
    "lon": 139.754489,
    "lat": 35.701646,
    "x": -1098.7,
    "z": -2259.3,
    "distance": 1706,
    "station": 2,
    "stationName": "Akihabara",
    "fromStation": 1715,
    "picked": false
   },
   "geometry": {
    "type": "Point",
    "coordinates": [
     139.754489,
     35.701646
    ]
   }
  },
  {
   "type": "Feature",
   "properties": {
    "id": "osm-way-375676164",
    "osmType": "way",
    "osmId": 375676164,
    "name": "新宿区立中村彝アトリエ記念館",
    "nameEn": "Nakamura Tsune Atelier Museum",
    "family": "museum",
    "kind": "museumFacade",
    "wikidata": null,
    "lon": 139.701203,
    "lat": 35.720852,
    "x": -5925,
    "z": -4378.8,
    "distance": 452,
    "station": 13,
    "stationName": "Mejiro",
    "fromStation": 482,
    "picked": false
   },
   "geometry": {
    "type": "Point",
    "coordinates": [
     139.701203,
     35.720852
    ]
   }
  },
  {
   "type": "Feature",
   "properties": {
    "id": "osm-way-375904664",
    "osmType": "way",
    "osmId": 375904664,
    "name": "水稲荷神社",
    "nameEn": null,
    "family": "worship",
    "kind": "templeRoof",
    "wikidata": "Q11549053",
    "lon": 139.715619,
    "lat": 35.711379,
    "x": -4618.5,
    "z": -3330.6,
    "distance": 1078,
    "station": 14,
    "stationName": "Takadanobaba",
    "fromStation": 1089,
    "picked": false
   },
   "geometry": {
    "type": "Point",
    "coordinates": [
     139.715619,
     35.711379
    ]
   }
  },
  {
   "type": "Feature",
   "properties": {
    "id": "osm-way-382975172",
    "osmType": "way",
    "osmId": 382975172,
    "name": "恵比寿東公園",
    "nameEn": "Tako Park",
    "family": "park",
    "kind": "forestMass",
    "wikidata": "Q42312019",
    "lon": 139.711765,
    "lat": 35.64812,
    "x": -4952.1,
    "z": 3688.2,
    "distance": 206,
    "station": 20,
    "stationName": "Ebisu",
    "fromStation": 235,
    "picked": true
   },
   "geometry": {
    "type": "Point",
    "coordinates": [
     139.711765,
     35.64812
    ]
   }
  },
  {
   "type": "Feature",
   "properties": {
    "id": "osm-way-390405283",
    "osmType": "way",
    "osmId": 390405283,
    "name": "お岩稲荷田宮神社",
    "nameEn": "Oiwa Inari Tamiya Shrine",
    "family": "worship",
    "kind": "templeRoof",
    "wikidata": "Q101418080",
    "lon": 139.720873,
    "lat": 35.685476,
    "x": -4136.7,
    "z": -458,
    "distance": 1679,
    "station": 17,
    "stationName": "Yoyogi",
    "fromStation": 1714,
    "picked": false
   },
   "geometry": {
    "type": "Point",
    "coordinates": [
     139.720873,
     35.685476
    ]
   }
  },
  {
   "type": "Feature",
   "properties": {
    "id": "osm-way-390405284",
    "osmType": "way",
    "osmId": 390405284,
    "name": "一燈寺",
    "nameEn": "Ittō-ji",
    "family": "worship",
    "kind": "templeRoof",
    "wikidata": "Q120885660",
    "lon": 139.723951,
    "lat": 35.683868,
    "x": -3857.7,
    "z": -280.1,
    "distance": 1911,
    "station": 17,
    "stationName": "Yoyogi",
    "fromStation": 1984,
    "picked": false
   },
   "geometry": {
    "type": "Point",
    "coordinates": [
     139.723951,
     35.683868
    ]
   }
  },
  {
   "type": "Feature",
   "properties": {
    "id": "osm-way-390405286",
    "osmType": "way",
    "osmId": 390405286,
    "name": "妙性山　正覚寺",
    "nameEn": "Shogakuji Temple",
    "family": "worship",
    "kind": "templeRoof",
    "wikidata": "Q106836810",
    "lon": 139.720552,
    "lat": 35.684259,
    "x": -4165.4,
    "z": -322.8,
    "distance": 1620,
    "station": 17,
    "stationName": "Yoyogi",
    "fromStation": 1676,
    "picked": false
   },
   "geometry": {
    "type": "Point",
    "coordinates": [
     139.720552,
     35.684259
    ]
   }
  },
  {
   "type": "Feature",
   "properties": {
    "id": "osm-way-390405287",
    "osmType": "way",
    "osmId": 390405287,
    "name": "安禅寺",
    "nameEn": "Anzenji Temple",
    "family": "worship",
    "kind": "templeRoof",
    "wikidata": "Q107922273",
    "lon": 139.719088,
    "lat": 35.689106,
    "x": -4299.1,
    "z": -860.3,
    "distance": 1635,
    "station": 17,
    "stationName": "Yoyogi",
    "fromStation": 1646,
    "picked": false
   },
   "geometry": {
    "type": "Point",
    "coordinates": [
     139.719088,
     35.689106
    ]
   }
  },
  {
   "type": "Feature",
   "properties": {
    "id": "osm-way-390405288",
    "osmType": "way",
    "osmId": 390405288,
    "name": "平等山　本性寺",
    "nameEn": "Honshoji Temple",
    "family": "worship",
    "kind": "templeRoof",
    "wikidata": "Q106641198",
    "lon": 139.721135,
    "lat": 35.684205,
    "x": -4112.6,
    "z": -317,
    "distance": 1670,
    "station": 17,
    "stationName": "Yoyogi",
    "fromStation": 1729,
    "picked": false
   },
   "geometry": {
    "type": "Point",
    "coordinates": [
     139.721135,
     35.684205
    ]
   }
  },
  {
   "type": "Feature",
   "properties": {
    "id": "osm-way-390405291",
    "osmType": "way",
    "osmId": 390405291,
    "name": "戒行寺",
    "nameEn": "Kaigyoji Temple",
    "family": "worship",
    "kind": "templeRoof",
    "wikidata": "Q106836609",
    "lon": 139.723972,
    "lat": 35.684303,
    "x": -3855.9,
    "z": -328.4,
    "distance": 1923,
    "station": 17,
    "stationName": "Yoyogi",
    "fromStation": 1986,
    "picked": false
   },
   "geometry": {
    "type": "Point",
    "coordinates": [
     139.723972,
     35.684303
    ]
   }
  },
  {
   "type": "Feature",
   "properties": {
    "id": "osm-way-390405293",
    "osmType": "way",
    "osmId": 390405293,
    "name": "日宗寺",
    "nameEn": null,
    "family": "worship",
    "kind": "templeRoof",
    "wikidata": "Q106836792",
    "lon": 139.722761,
    "lat": 35.68612,
    "x": -3965.9,
    "z": -529.7,
    "distance": 1862,
    "station": 17,
    "stationName": "Yoyogi",
    "fromStation": 1891,
    "picked": false
   },
   "geometry": {
    "type": "Point",
    "coordinates": [
     139.722761,
     35.68612
    ]
   }
  },
  {
   "type": "Feature",
   "properties": {
    "id": "osm-way-390405294",
    "osmType": "way",
    "osmId": 390405294,
    "name": "東福院",
    "nameEn": "Tofukuin Temple",
    "family": "worship",
    "kind": "templeRoof",
    "wikidata": "Q106836801",
    "lon": 139.723665,
    "lat": 35.685968,
    "x": -3884.1,
    "z": -513,
    "distance": 1937,
    "station": 17,
    "stationName": "Yoyogi",
    "fromStation": 1971,
    "picked": false
   },
   "geometry": {
    "type": "Point",
    "coordinates": [
     139.723665,
     35.685968
    ]
   }
  },
  {
   "type": "Feature",
   "properties": {
    "id": "osm-way-390405295",
    "osmType": "way",
    "osmId": 390405295,
    "name": "松巌寺",
    "nameEn": "Shogenji Temple",
    "family": "worship",
    "kind": "templeRoof",
    "wikidata": "Q120918172",
    "lon": 139.721951,
    "lat": 35.683992,
    "x": -4038.7,
    "z": -293.5,
    "distance": 1737,
    "station": 17,
    "stationName": "Yoyogi",
    "fromStation": 1803,
    "picked": false
   },
   "geometry": {
    "type": "Point",
    "coordinates": [
     139.721951,
     35.683992
    ]
   }
  },
  {
   "type": "Feature",
   "properties": {
    "id": "osm-way-390405296",
    "osmType": "way",
    "osmId": 390405296,
    "name": "正妙山　法恩寺",
    "nameEn": "Ho-onji Temple",
    "family": "worship",
    "kind": "templeRoof",
    "wikidata": "Q106836807",
    "lon": 139.721419,
    "lat": 35.684107,
    "x": -4086.8,
    "z": -306.2,
    "distance": 1693,
    "station": 17,
    "stationName": "Yoyogi",
    "fromStation": 1755,
    "picked": false
   },
   "geometry": {
    "type": "Point",
    "coordinates": [
     139.721419,
     35.684107
    ]
   }
  },
  {
   "type": "Feature",
   "properties": {
    "id": "osm-way-390405297",
    "osmType": "way",
    "osmId": 390405297,
    "name": "永心寺",
    "nameEn": "Eishinji Temple",
    "family": "worship",
    "kind": "templeRoof",
    "wikidata": "Q106836805",
    "lon": 139.722476,
    "lat": 35.683927,
    "x": -3991.2,
    "z": -286.4,
    "distance": 1782,
    "station": 17,
    "stationName": "Yoyogi",
    "fromStation": 1850,
    "picked": false
   },
   "geometry": {
    "type": "Point",
    "coordinates": [
     139.722476,
     35.683927
    ]
   }
  },
  {
   "type": "Feature",
   "properties": {
    "id": "osm-way-390405298",
    "osmType": "way",
    "osmId": 390405298,
    "name": "法雲寺",
    "nameEn": "Hounji Temple",
    "family": "worship",
    "kind": "templeRoof",
    "wikidata": "Q120972922",
    "lon": 139.719018,
    "lat": 35.689952,
    "x": -4305.7,
    "z": -954.2,
    "distance": 1657,
    "station": 17,
    "stationName": "Yoyogi",
    "fromStation": 1675,
    "picked": false
   },
   "geometry": {
    "type": "Point",
    "coordinates": [
     139.719018,
     35.689952
    ]
   }
  },
  {
   "type": "Feature",
   "properties": {
    "id": "osm-way-390405300",
    "osmType": "way",
    "osmId": 390405300,
    "name": "西迎寺",
    "nameEn": "Saigeiji Temple",
    "family": "worship",
    "kind": "templeRoof",
    "wikidata": "Q106836791",
    "lon": 139.720957,
    "lat": 35.691214,
    "x": -4130.5,
    "z": -1094.5,
    "distance": 1867,
    "station": 16,
    "stationName": "Shinjuku",
    "fromStation": 1883,
    "picked": false
   },
   "geometry": {
    "type": "Point",
    "coordinates": [
     139.720957,
     35.691214
    ]
   }
  },
  {
   "type": "Feature",
   "properties": {
    "id": "osm-way-390405315",
    "osmType": "way",
    "osmId": 390405315,
    "name": "陽運寺",
    "nameEn": null,
    "family": "worship",
    "kind": "templeRoof",
    "wikidata": "Q120970814",
    "lon": 139.721216,
    "lat": 35.685333,
    "x": -4105.5,
    "z": -442.1,
    "distance": 1705,
    "station": 17,
    "stationName": "Yoyogi",
    "fromStation": 1743,
    "picked": false
   },
   "geometry": {
    "type": "Point",
    "coordinates": [
     139.721216,
     35.685333
    ]
   }
  },
  {
   "type": "Feature",
   "properties": {
    "id": "osm-way-390405317",
    "osmType": "way",
    "osmId": 390405317,
    "name": "須賀神社",
    "nameEn": "Suga Jinja Shrine",
    "family": "worship",
    "kind": "templeRoof",
    "wikidata": "Q11664822",
    "lon": 139.72259,
    "lat": 35.685364,
    "x": -3981.2,
    "z": -445.9,
    "distance": 1827,
    "station": 17,
    "stationName": "Yoyogi",
    "fromStation": 1867,
    "picked": false
   },
   "geometry": {
    "type": "Point",
    "coordinates": [
     139.72259,
     35.685364
    ]
   }
  },
  {
   "type": "Feature",
   "properties": {
    "id": "osm-way-390405318",
    "osmType": "way",
    "osmId": 390405318,
    "name": "顕性寺",
    "nameEn": "Kenshoji Temple",
    "family": "worship",
    "kind": "templeRoof",
    "wikidata": "Q106836808",
    "lon": 139.72079,
    "lat": 35.684223,
    "x": -4143.8,
    "z": -318.8,
    "distance": 1640,
    "station": 17,
    "stationName": "Yoyogi",
    "fromStation": 1698,
    "picked": false
   },
   "geometry": {
    "type": "Point",
    "coordinates": [
     139.72079,
     35.684223
    ]
   }
  },
  {
   "type": "Feature",
   "properties": {
    "id": "osm-way-402926474",
    "osmType": "way",
    "osmId": 402926474,
    "name": "SL D51 231",
    "nameEn": null,
    "family": "historic",
    "kind": "museumFacade",
    "wikidata": null,
    "lon": 139.776053,
    "lat": 35.716074,
    "x": 848.2,
    "z": -3865.2,
    "distance": 149,
    "station": 4,
    "stationName": "Ueno",
    "fromStation": 275,
    "picked": false
   },
   "geometry": {
    "type": "Point",
    "coordinates": [
     139.776053,
     35.716074
    ]
   }
  },
  {
   "type": "Feature",
   "properties": {
    "id": "osm-way-402931623",
    "osmType": "way",
    "osmId": 402931623,
    "name": "ラムダ・ロケット用ランチャ",
    "nameEn": null,
    "family": "historic",
    "kind": "museumFacade",
    "wikidata": null,
    "lon": 139.777215,
    "lat": 35.715748,
    "x": 953.5,
    "z": -3829.4,
    "distance": 41,
    "station": 4,
    "stationName": "Ueno",
    "fromStation": 259,
    "picked": false
   },
   "geometry": {
    "type": "Point",
    "coordinates": [
     139.777215,
     35.715748
    ]
   }
  },
  {
   "type": "Feature",
   "properties": {
    "id": "osm-way-430909639",
    "osmType": "way",
    "osmId": 430909639,
    "name": "椿山荘庭園",
    "nameEn": "Chinzan-sō Garden",
    "family": "park",
    "kind": "forestMass",
    "wikidata": "Q4404495",
    "lon": 139.724745,
    "lat": 35.712539,
    "x": -3793,
    "z": -3461.2,
    "distance": 1842,
    "station": 14,
    "stationName": "Takadanobaba",
    "fromStation": 1906,
    "picked": false
   },
   "geometry": {
    "type": "Point",
    "coordinates": [
     139.724745,
     35.712539
    ]
   }
  },
  {
   "type": "Feature",
   "properties": {
    "id": "osm-way-431521972",
    "osmType": "way",
    "osmId": 431521972,
    "name": "港区立イタリア公園",
    "nameEn": "Minato-ku Italy Park",
    "family": "park",
    "kind": "forestMass",
    "wikidata": "Q76860005",
    "lon": 139.759174,
    "lat": 35.659411,
    "x": -662.3,
    "z": 2425.4,
    "distance": 93,
    "station": 27,
    "stationName": "Hamamatsucho",
    "fromStation": 515,
    "picked": false
   },
   "geometry": {
    "type": "Point",
    "coordinates": [
     139.759174,
     35.659411
    ]
   }
  },
  {
   "type": "Feature",
   "properties": {
    "id": "osm-way-441917163",
    "osmType": "way",
    "osmId": 441917163,
    "name": "晴海ふ頭公園",
    "nameEn": "Harumi Port Park",
    "family": "park",
    "kind": "forestMass",
    "wikidata": "Q11514735",
    "lon": 139.771261,
    "lat": 35.648115,
    "x": 435.5,
    "z": 3675.6,
    "distance": 1435,
    "station": 27,
    "stationName": "Hamamatsucho",
    "fromStation": 1504,
    "picked": false
   },
   "geometry": {
    "type": "Point",
    "coordinates": [
     139.771261,
     35.648115
    ]
   }
  },
  {
   "type": "Feature",
   "properties": {
    "id": "osm-way-455666012",
    "osmType": "way",
    "osmId": 455666012,
    "name": "港南公園",
    "nameEn": null,
    "family": "park",
    "kind": "forestMass",
    "wikidata": "Q42311585",
    "lon": 139.746625,
    "lat": 35.625476,
    "x": -1789.1,
    "z": 6193,
    "distance": 718,
    "station": 24,
    "stationName": "Shinagawa",
    "fromStation": 828,
    "picked": true
   },
   "geometry": {
    "type": "Point",
    "coordinates": [
     139.746625,
     35.625476
    ]
   }
  },
  {
   "type": "Feature",
   "properties": {
    "id": "osm-way-455692832",
    "osmType": "way",
    "osmId": 455692832,
    "name": "与楽寺",
    "nameEn": "Yoraku-ji Temple",
    "family": "worship",
    "kind": "templeRoof",
    "wikidata": "Q21019914",
    "lon": 139.761562,
    "lat": 35.734604,
    "x": -468.4,
    "z": -5917.4,
    "distance": 214,
    "station": 8,
    "stationName": "Tabata",
    "fromStation": 306,
    "picked": false
   },
   "geometry": {
    "type": "Point",
    "coordinates": [
     139.761562,
     35.734604
    ]
   }
  },
  {
   "type": "Feature",
   "properties": {
    "id": "osm-way-457236476",
    "osmType": "way",
    "osmId": 457236476,
    "name": "大龍寺",
    "nameEn": "Dairyu-ji Temple",
    "family": "worship",
    "kind": "templeRoof",
    "wikidata": "Q21019122",
    "lon": 139.754696,
    "lat": 35.737746,
    "x": -1090.3,
    "z": -6264.3,
    "distance": 228,
    "station": 8,
    "stationName": "Tabata",
    "fromStation": 634,
    "picked": false
   },
   "geometry": {
    "type": "Point",
    "coordinates": [
     139.754696,
     35.737746
    ]
   }
  },
  {
   "type": "Feature",
   "properties": {
    "id": "osm-way-457881953",
    "osmType": "way",
    "osmId": 457881953,
    "name": "大久寺",
    "nameEn": "Dai-q-ji Temple",
    "family": "worship",
    "kind": "templeRoof",
    "wikidata": "Q95743237",
    "lon": 139.754908,
    "lat": 35.735918,
    "x": -1070.6,
    "z": -6061.6,
    "distance": 409,
    "station": 8,
    "stationName": "Tabata",
    "fromStation": 634,
    "picked": false
   },
   "geometry": {
    "type": "Point",
    "coordinates": [
     139.754908,
     35.735918
    ]
   }
  },
  {
   "type": "Feature",
   "properties": {
    "id": "osm-way-459173214",
    "osmType": "way",
    "osmId": 459173214,
    "name": "東京大学総合研究博物館・小石川分館",
    "nameEn": "Koishikawa Annex, Museum of Architecture, The University Museum, The University of Tokyo",
    "family": "museum",
    "kind": "museumFacade",
    "wikidata": "Q3815581",
    "lon": 139.741136,
    "lat": 35.721399,
    "x": -2312.4,
    "z": -4447.6,
    "distance": 1248,
    "station": 10,
    "stationName": "Sugamo",
    "fromStation": 1335,
    "picked": true
   },
   "geometry": {
    "type": "Point",
    "coordinates": [
     139.741136,
     35.721399
    ]
   }
  },
  {
   "type": "Feature",
   "properties": {
    "id": "osm-way-459173235",
    "osmType": "way",
    "osmId": 459173235,
    "name": "柴田記念館",
    "nameEn": "Keita Shibata Memorial Hall",
    "family": "museum",
    "kind": "museumFacade",
    "wikidata": null,
    "lon": 139.746971,
    "lat": 35.719196,
    "x": -1783.9,
    "z": -4204.5,
    "distance": 1709,
    "station": 10,
    "stationName": "Sugamo",
    "fromStation": 1712,
    "picked": false
   },
   "geometry": {
    "type": "Point",
    "coordinates": [
     139.746971,
     35.719196
    ]
   }
  },
  {
   "type": "Feature",
   "properties": {
    "id": "osm-way-460474946",
    "osmType": "way",
    "osmId": 460474946,
    "name": "新大塚公園",
    "nameEn": "Shin-Otsuka Park",
    "family": "park",
    "kind": "forestMass",
    "wikidata": "Q42311667",
    "lon": 139.733577,
    "lat": 35.717281,
    "x": -2995.2,
    "z": -3989.2,
    "distance": 1515,
    "station": 11,
    "stationName": "Otsuka",
    "fromStation": 1655,
    "picked": false
   },
   "geometry": {
    "type": "Point",
    "coordinates": [
     139.733577,
     35.717281
    ]
   }
  },
  {
   "type": "Feature",
   "properties": {
    "id": "osm-way-464629204",
    "osmType": "way",
    "osmId": 464629204,
    "name": "根津神社",
    "nameEn": "Nezu Shrine",
    "family": "worship",
    "kind": "templeRoof",
    "wikidata": "Q335612",
    "lon": 139.760763,
    "lat": 35.720004,
    "x": -536.3,
    "z": -4297.4,
    "distance": 1240,
    "station": 6,
    "stationName": "Nippori",
    "fromStation": 1242,
    "picked": false
   },
   "geometry": {
    "type": "Point",
    "coordinates": [
     139.760763,
     35.720004
    ]
   }
  },
  {
   "type": "Feature",
   "properties": {
    "id": "osm-way-469908925",
    "osmType": "way",
    "osmId": 469908925,
    "name": "明治神宮",
    "nameEn": "Meiji Jingu Main Shrine",
    "family": "worship",
    "kind": "templeRoof",
    "wikidata": "Q287165",
    "lon": 139.699478,
    "lat": 35.675048,
    "x": -6070.8,
    "z": 703.1,
    "distance": 389,
    "station": 18,
    "stationName": "Harajuku",
    "fromStation": 601,
    "picked": false
   },
   "geometry": {
    "type": "Point",
    "coordinates": [
     139.699478,
     35.675048
    ]
   }
  },
  {
   "type": "Feature",
   "properties": {
    "id": "osm-way-472434151",
    "osmType": "way",
    "osmId": 472434151,
    "name": "下落合 氷川神社",
    "nameEn": "Shimo-Ochiai Hikawa Shrine",
    "family": "worship",
    "kind": "templeRoof",
    "wikidata": "Q11549608",
    "lon": 139.699178,
    "lat": 35.716794,
    "x": -6107.4,
    "z": -3928.2,
    "distance": 516,
    "station": 14,
    "stationName": "Takadanobaba",
    "fromStation": 612,
    "picked": false
   },
   "geometry": {
    "type": "Point",
    "coordinates": [
     139.699178,
     35.716794
    ]
   }
  },
  {
   "type": "Feature",
   "properties": {
    "id": "osm-way-481152677",
    "osmType": "way",
    "osmId": 481152677,
    "name": "愛宕神社",
    "nameEn": "Atago Shrine",
    "family": "worship",
    "kind": "templeRoof",
    "wikidata": "Q2868748",
    "lon": 139.748817,
    "lat": 35.664926,
    "x": -1601.6,
    "z": 1815.9,
    "distance": 850,
    "station": 28,
    "stationName": "Shimbashi",
    "fromStation": 850,
    "picked": false
   },
   "geometry": {
    "type": "Point",
    "coordinates": [
     139.748817,
     35.664926
    ]
   }
  },
  {
   "type": "Feature",
   "properties": {
    "id": "osm-way-493816207",
    "osmType": "way",
    "osmId": 493816207,
    "name": "西ヶ原みんなの公園",
    "nameEn": null,
    "family": "park",
    "kind": "forestMass",
    "wikidata": "Q21019288",
    "lon": 139.736357,
    "lat": 35.742021,
    "x": -2750.3,
    "z": -6734.4,
    "distance": 985,
    "station": 10,
    "stationName": "Sugamo",
    "fromStation": 1001,
    "picked": true
   },
   "geometry": {
    "type": "Point",
    "coordinates": [
     139.736357,
     35.742021
    ]
   }
  },
  {
   "type": "Feature",
   "properties": {
    "id": "osm-way-497167393",
    "osmType": "way",
    "osmId": 497167393,
    "name": "第一芝浦丸",
    "nameEn": null,
    "family": "historic",
    "kind": "museumFacade",
    "wikidata": null,
    "lon": 139.750886,
    "lat": 35.633478,
    "x": -1405.4,
    "z": 5304.3,
    "distance": 957,
    "station": 25,
    "stationName": "Takanawa Gateway",
    "fromStation": 963,
    "picked": false
   },
   "geometry": {
    "type": "Point",
    "coordinates": [
     139.750886,
     35.633478
    ]
   }
  },
  {
   "type": "Feature",
   "properties": {
    "id": "osm-way-504552680",
    "osmType": "way",
    "osmId": 504552680,
    "name": "御宿稲荷神社",
    "nameEn": null,
    "family": "worship",
    "kind": "templeRoof",
    "wikidata": "Q113667105",
    "lon": 139.76651,
    "lat": 35.689952,
    "x": -7.4,
    "z": -964.7,
    "distance": 317,
    "station": 1,
    "stationName": "Kanda",
    "fromStation": 451,
    "picked": false
   },
   "geometry": {
    "type": "Point",
    "coordinates": [
     139.76651,
     35.689952
    ]
   }
  },
  {
   "type": "Feature",
   "properties": {
    "id": "osm-way-504553390",
    "osmType": "way",
    "osmId": 504553390,
    "name": "佐竹稲荷神社",
    "nameEn": null,
    "family": "worship",
    "kind": "templeRoof",
    "wikidata": "Q113667160",
    "lon": 139.769411,
    "lat": 35.691172,
    "x": 254.9,
    "z": -1100.8,
    "distance": 112,
    "station": 1,
    "stationName": "Kanda",
    "fromStation": 156,
    "picked": true
   },
   "geometry": {
    "type": "Point",
    "coordinates": [
     139.769411,
     35.691172
    ]
   }
  },
  {
   "type": "Feature",
   "properties": {
    "id": "osm-way-505256902",
    "osmType": "way",
    "osmId": 505256902,
    "name": "御徒町公園",
    "nameEn": "Okachimachi Park",
    "family": "park",
    "kind": "forestMass",
    "wikidata": "Q42311721",
    "lon": 139.777465,
    "lat": 35.706355,
    "x": 979.1,
    "z": -2787.3,
    "distance": 265,
    "station": 3,
    "stationName": "Okachimachi",
    "fromStation": 267,
    "picked": true
   },
   "geometry": {
    "type": "Point",
    "coordinates": [
     139.777465,
     35.706355
    ]
   }
  },
  {
   "type": "Feature",
   "properties": {
    "id": "osm-way-506389175",
    "osmType": "way",
    "osmId": 506389175,
    "name": "富士浅間神社",
    "nameEn": null,
    "family": "worship",
    "kind": "templeRoof",
    "wikidata": "Q114819482",
    "lon": 139.761907,
    "lat": 35.707704,
    "x": -429.2,
    "z": -2933.1,
    "distance": 1150,
    "station": 3,
    "stationName": "Okachimachi",
    "fromStation": 1152,
    "picked": false
   },
   "geometry": {
    "type": "Point",
    "coordinates": [
     139.761907,
     35.707704
    ]
   }
  },
  {
   "type": "Feature",
   "properties": {
    "id": "osm-way-507462590",
    "osmType": "way",
    "osmId": 507462590,
    "name": "鳥越神社",
    "nameEn": "Torikoe Shrine",
    "family": "worship",
    "kind": "templeRoof",
    "wikidata": "Q11675149",
    "lon": 139.785771,
    "lat": 35.701997,
    "x": 1732,
    "z": -2306,
    "distance": 1075,
    "station": 3,
    "stationName": "Okachimachi",
    "fromStation": 1150,
    "picked": false
   },
   "geometry": {
    "type": "Point",
    "coordinates": [
     139.785771,
     35.701997
    ]
   }
  },
  {
   "type": "Feature",
   "properties": {
    "id": "osm-way-509411458",
    "osmType": "way",
    "osmId": 509411458,
    "name": "日枝神社",
    "nameEn": "Hie Shrine",
    "family": "worship",
    "kind": "templeRoof",
    "wikidata": "Q702042",
    "lon": 139.739932,
    "lat": 35.674646,
    "x": -2408.7,
    "z": 739.6,
    "distance": 1780,
    "station": 28,
    "stationName": "Shimbashi",
    "fromStation": 1894,
    "picked": false
   },
   "geometry": {
    "type": "Point",
    "coordinates": [
     139.739932,
     35.674646
    ]
   }
  },
  {
   "type": "Feature",
   "properties": {
    "id": "osm-way-511276638",
    "osmType": "way",
    "osmId": 511276638,
    "name": "金王八幡宮",
    "nameEn": "Konno Hachimangu",
    "family": "worship",
    "kind": "templeRoof",
    "wikidata": "Q11647638",
    "lon": 139.706452,
    "lat": 35.65755,
    "x": -5435.4,
    "z": 2643.1,
    "distance": 340,
    "station": 19,
    "stationName": "Shibuya",
    "fromStation": 430,
    "picked": false
   },
   "geometry": {
    "type": "Point",
    "coordinates": [
     139.706452,
     35.65755
    ]
   }
  },
  {
   "type": "Feature",
   "properties": {
    "id": "osm-way-511585927",
    "osmType": "way",
    "osmId": 511585927,
    "name": "横山大観記念館",
    "nameEn": "Yokoyama Taikan Memorial Hall",
    "family": "museum",
    "kind": "museumFacade",
    "wikidata": "Q30925115",
    "lon": 139.768227,
    "lat": 35.712103,
    "x": 141.4,
    "z": -3422.7,
    "distance": 594,
    "station": 4,
    "stationName": "Ueno",
    "fromStation": 730,
    "picked": false
   },
   "geometry": {
    "type": "Point",
    "coordinates": [
     139.768227,
     35.712103
    ]
   }
  },
  {
   "type": "Feature",
   "properties": {
    "id": "osm-way-514073834",
    "osmType": "way",
    "osmId": 514073834,
    "name": "妻恋神社",
    "nameEn": "Tsumakoi Shrine",
    "family": "worship",
    "kind": "templeRoof",
    "wikidata": "Q11447192",
    "lon": 139.767229,
    "lat": 35.70344,
    "x": 53.7,
    "z": -2461.3,
    "distance": 595,
    "station": 2,
    "stationName": "Akihabara",
    "fromStation": 769,
    "picked": false
   },
   "geometry": {
    "type": "Point",
    "coordinates": [
     139.767229,
     35.70344
    ]
   }
  },
  {
   "type": "Feature",
   "properties": {
    "id": "osm-way-515133705",
    "osmType": "way",
    "osmId": 515133705,
    "name": "神田児童公園",
    "nameEn": null,
    "family": "park",
    "kind": "forestMass",
    "wikidata": "Q42311502",
    "lon": 139.767936,
    "lat": 35.692941,
    "x": 120.8,
    "z": -1296.7,
    "distance": 302,
    "station": 1,
    "stationName": "Kanda",
    "fromStation": 303,
    "picked": true
   },
   "geometry": {
    "type": "Point",
    "coordinates": [
     139.767936,
     35.692941
    ]
   }
  },
  {
   "type": "Feature",
   "properties": {
    "id": "osm-way-515820001",
    "osmType": "way",
    "osmId": 515820001,
    "name": "真言宗成就院",
    "nameEn": "Jojuin",
    "family": "worship",
    "kind": "templeRoof",
    "wikidata": "Q110824932",
    "lon": 139.782417,
    "lat": 35.710662,
    "x": 1425.8,
    "z": -3266.4,
    "distance": 659,
    "station": 4,
    "stationName": "Ueno",
    "fromStation": 659,
    "picked": false
   },
   "geometry": {
    "type": "Point",
    "coordinates": [
     139.782417,
     35.710662
    ]
   }
  },
  {
   "type": "Feature",
   "properties": {
    "id": "osm-way-515820340",
    "osmType": "way",
    "osmId": 515820340,
    "name": "下谷神社",
    "nameEn": "Shitaya Shrine",
    "family": "worship",
    "kind": "templeRoof",
    "wikidata": "Q11361339",
    "lon": 139.781324,
    "lat": 35.710806,
    "x": 1326.8,
    "z": -3282,
    "distance": 564,
    "station": 4,
    "stationName": "Ueno",
    "fromStation": 566,
    "picked": false
   },
   "geometry": {
    "type": "Point",
    "coordinates": [
     139.781324,
     35.710806
    ]
   }
  },
  {
   "type": "Feature",
   "properties": {
    "id": "osm-way-516751953",
    "osmType": "way",
    "osmId": 516751953,
    "name": "湯島天満宮",
    "nameEn": "Yushima Tenmangū",
    "family": "worship",
    "kind": "templeRoof",
    "wikidata": "Q335606",
    "lon": 139.767862,
    "lat": 35.707684,
    "x": 109.7,
    "z": -2932.3,
    "distance": 616,
    "station": 3,
    "stationName": "Okachimachi",
    "fromStation": 616,
    "picked": false
   },
   "geometry": {
    "type": "Point",
    "coordinates": [
     139.767862,
     35.707684
    ]
   }
  },
  {
   "type": "Feature",
   "properties": {
    "id": "osm-way-518703047",
    "osmType": "way",
    "osmId": 518703047,
    "name": "妙圓寺",
    "nameEn": null,
    "family": "worship",
    "kind": "templeRoof",
    "wikidata": "Q29526012",
    "lon": 139.765835,
    "lat": 35.723281,
    "x": -78.4,
    "z": -4662.1,
    "distance": 657,
    "station": 6,
    "stationName": "Nippori",
    "fromStation": 664,
    "picked": false
   },
   "geometry": {
    "type": "Point",
    "coordinates": [
     139.765835,
     35.723281
    ]
   }
  },
  {
   "type": "Feature",
   "properties": {
    "id": "osm-way-518703049",
    "osmType": "way",
    "osmId": 518703049,
    "name": "妙法寺",
    "nameEn": null,
    "family": "worship",
    "kind": "templeRoof",
    "wikidata": "Q111540612",
    "lon": 139.766193,
    "lat": 35.722939,
    "x": -45.9,
    "z": -4624.3,
    "distance": 660,
    "station": 6,
    "stationName": "Nippori",
    "fromStation": 676,
    "picked": false
   },
   "geometry": {
    "type": "Point",
    "coordinates": [
     139.766193,
     35.722939
    ]
   }
  },
  {
   "type": "Feature",
   "properties": {
    "id": "osm-way-518703054",
    "osmType": "way",
    "osmId": 518703054,
    "name": "本妙院",
    "nameEn": "Honmyoh-in",
    "family": "worship",
    "kind": "templeRoof",
    "wikidata": "Q111749571",
    "lon": 139.767889,
    "lat": 35.721775,
    "x": 107.9,
    "z": -4495.7,
    "distance": 656,
    "station": 6,
    "stationName": "Nippori",
    "fromStation": 724,
    "picked": false
   },
   "geometry": {
    "type": "Point",
    "coordinates": [
     139.767889,
     35.721775
    ]
   }
  },
  {
   "type": "Feature",
   "properties": {
    "id": "osm-way-519468662",
    "osmType": "way",
    "osmId": 519468662,
    "name": "秋葉神社",
    "nameEn": null,
    "family": "worship",
    "kind": "templeRoof",
    "wikidata": "Q111906159",
    "lon": 139.780724,
    "lat": 35.706085,
    "x": 1274,
    "z": -2758.2,
    "distance": 561,
    "station": 3,
    "stationName": "Okachimachi",
    "fromStation": 562,
    "picked": false
   },
   "geometry": {
    "type": "Point",
    "coordinates": [
     139.780724,
     35.706085
    ]
   }
  },
  {
   "type": "Feature",
   "properties": {
    "id": "osm-way-525903597",
    "osmType": "way",
    "osmId": 525903597,
    "name": "亀住稲荷神社",
    "nameEn": "Kamezumi Inari Shrine",
    "family": "worship",
    "kind": "templeRoof",
    "wikidata": "Q134087893",
    "lon": 139.773118,
    "lat": 35.70495,
    "x": 586.1,
    "z": -2630.3,
    "distance": 104,
    "station": 3,
    "stationName": "Okachimachi",
    "fromStation": 260,
    "picked": false
   },
   "geometry": {
    "type": "Point",
    "coordinates": [
     139.773118,
     35.70495
    ]
   }
  },
  {
   "type": "Feature",
   "properties": {
    "id": "osm-way-530688843",
    "osmType": "way",
    "osmId": 530688843,
    "name": "徳大寺",
    "nameEn": "Tokudai-ji",
    "family": "worship",
    "kind": "templeRoof",
    "wikidata": "Q11489567",
    "lon": 139.77451,
    "lat": 35.708611,
    "x": 710.9,
    "z": -3036.9,
    "distance": 33,
    "station": 3,
    "stationName": "Okachimachi",
    "fromStation": 184,
    "picked": true
   },
   "geometry": {
    "type": "Point",
    "coordinates": [
     139.77451,
     35.708611
    ]
   }
  },
  {
   "type": "Feature",
   "properties": {
    "id": "osm-way-534754971",
    "osmType": "way",
    "osmId": 534754971,
    "name": "皇居",
    "nameEn": "Imperial Palace",
    "family": "historic",
    "kind": "museumFacade",
    "wikidata": "Q500681",
    "lon": 139.750832,
    "lat": 35.683856,
    "x": -1424.5,
    "z": -284.7,
    "distance": 1446,
    "station": 0,
    "stationName": "Tokyo",
    "fromStation": 1453,
    "picked": false
   },
   "geometry": {
    "type": "Point",
    "coordinates": [
     139.750832,
     35.683856
    ]
   }
  },
  {
   "type": "Feature",
   "properties": {
    "id": "osm-way-535841007",
    "osmType": "way",
    "osmId": 535841007,
    "name": "善性寺",
    "nameEn": "Zenshōji",
    "family": "worship",
    "kind": "templeRoof",
    "wikidata": "Q97215186",
    "lon": 139.773818,
    "lat": 35.727093,
    "x": 642.6,
    "z": -5087.1,
    "distance": 139,
    "station": 6,
    "stationName": "Nippori",
    "fromStation": 324,
    "picked": false
   },
   "geometry": {
    "type": "Point",
    "coordinates": [
     139.773818,
     35.727093
    ]
   }
  },
  {
   "type": "Feature",
   "properties": {
    "id": "osm-way-540410517",
    "osmType": "way",
    "osmId": 540410517,
    "name": "築地本願寺",
    "nameEn": "Tsukiji Honganji Temple",
    "family": "worship",
    "kind": "templeRoof",
    "wikidata": "Q943255",
    "lon": 139.772131,
    "lat": 35.666579,
    "x": 508.6,
    "z": 1626.9,
    "distance": 1242,
    "station": 29,
    "stationName": "Yurakucho",
    "fromStation": 1243,
    "picked": false
   },
   "geometry": {
    "type": "Point",
    "coordinates": [
     139.772131,
     35.666579
    ]
   }
  },
  {
   "type": "Feature",
   "properties": {
    "id": "osm-way-540722043",
    "osmType": "way",
    "osmId": 540722043,
    "name": "薬王山三念寺",
    "nameEn": "Yakuozan Sannenji Temple",
    "family": "worship",
    "kind": "templeRoof",
    "wikidata": "Q17992281",
    "lon": 139.759758,
    "lat": 35.704182,
    "x": -622.6,
    "z": -2541.8,
    "distance": 1272,
    "station": 2,
    "stationName": "Akihabara",
    "fromStation": 1362,
    "picked": false
   },
   "geometry": {
    "type": "Point",
    "coordinates": [
     139.759758,
     35.704182
    ]
   }
  },
  {
   "type": "Feature",
   "properties": {
    "id": "osm-way-546139041",
    "osmType": "way",
    "osmId": 546139041,
    "name": "千早フラワー公園",
    "nameEn": "Chihaya Flower Park",
    "family": "park",
    "kind": "forestMass",
    "wikidata": "Q11405542",
    "lon": 139.693586,
    "lat": 35.731154,
    "x": -6616.4,
    "z": -5520.4,
    "distance": 1508,
    "station": 12,
    "stationName": "Ikebukuro",
    "fromStation": 1577,
    "picked": false
   },
   "geometry": {
    "type": "Point",
    "coordinates": [
     139.693586,
     35.731154
    ]
   }
  },
  {
   "type": "Feature",
   "properties": {
    "id": "osm-way-546743134",
    "osmType": "way",
    "osmId": 546743134,
    "name": "真徳稲荷神社",
    "nameEn": null,
    "family": "worship",
    "kind": "templeRoof",
    "wikidata": "Q113667013",
    "lon": 139.767829,
    "lat": 35.693329,
    "x": 111.1,
    "z": -1339.8,
    "distance": 325,
    "station": 1,
    "stationName": "Kanda",
    "fromStation": 332,
    "picked": false
   },
   "geometry": {
    "type": "Point",
    "coordinates": [
     139.767829,
     35.693329
    ]
   }
  },
  {
   "type": "Feature",
   "properties": {
    "id": "osm-way-547378652",
    "osmType": "way",
    "osmId": 547378652,
    "name": "長谷寺",
    "nameEn": "Choukoku-ji Temple",
    "family": "worship",
    "kind": "templeRoof",
    "wikidata": "Q115189438",
    "lon": 139.762213,
    "lat": 35.74481,
    "x": -412.5,
    "z": -7049.9,
    "distance": 641,
    "station": 8,
    "stationName": "Tabata",
    "fromStation": 828,
    "picked": false
   },
   "geometry": {
    "type": "Point",
    "coordinates": [
     139.762213,
     35.74481
    ]
   }
  },
  {
   "type": "Feature",
   "properties": {
    "id": "osm-way-549928178",
    "osmType": "way",
    "osmId": 549928178,
    "name": "吉原公園",
    "nameEn": "Yoshiwara Park",
    "family": "park",
    "kind": "forestMass",
    "wikidata": "Q42311717",
    "lon": 139.79532,
    "lat": 35.724902,
    "x": 2588.5,
    "z": -4849.7,
    "distance": 1535,
    "station": 5,
    "stationName": "Uguisudani",
    "fromStation": 1615,
    "picked": false
   },
   "geometry": {
    "type": "Point",
    "coordinates": [
     139.79532,
     35.724902
    ]
   }
  },
  {
   "type": "Feature",
   "properties": {
    "id": "osm-way-550621357",
    "osmType": "way",
    "osmId": 550621357,
    "name": "蛎殻町公園",
    "nameEn": "Kakikarachō Park",
    "family": "park",
    "kind": "forestMass",
    "wikidata": "Q42311550",
    "lon": 139.787419,
    "lat": 35.68313,
    "x": 1887.3,
    "z": -213.3,
    "distance": 1718,
    "station": 1,
    "stationName": "Kanda",
    "fromStation": 1772,
    "picked": false
   },
   "geometry": {
    "type": "Point",
    "coordinates": [
     139.787419,
     35.68313
    ]
   }
  },
  {
   "type": "Feature",
   "properties": {
    "id": "osm-way-558166566",
    "osmType": "way",
    "osmId": 558166566,
    "name": "日暮里 第二児童遊園",
    "nameEn": null,
    "family": "park",
    "kind": "forestMass",
    "wikidata": "Q110265359",
    "lon": 139.763441,
    "lat": 35.733052,
    "x": -297.9,
    "z": -5745.6,
    "distance": 197,
    "station": 7,
    "stationName": "Nishi-Nippori",
    "fromStation": 305,
    "picked": false
   },
   "geometry": {
    "type": "Point",
    "coordinates": [
     139.763441,
     35.733052
    ]
   }
  },
  {
   "type": "Feature",
   "properties": {
    "id": "osm-way-558521992",
    "osmType": "way",
    "osmId": 558521992,
    "name": "OOTEMORI",
    "nameEn": "Otemori",
    "family": "park",
    "kind": "forestMass",
    "wikidata": "Q112255588",
    "lon": 139.765202,
    "lat": 35.685532,
    "x": -124.3,
    "z": -474,
    "distance": 273,
    "station": 0,
    "stationName": "Tokyo",
    "fromStation": 490,
    "picked": true
   },
   "geometry": {
    "type": "Point",
    "coordinates": [
     139.765202,
     35.685532
    ]
   }
  },
  {
   "type": "Feature",
   "properties": {
    "id": "osm-way-558781731",
    "osmType": "way",
    "osmId": 558781731,
    "name": "西光寺",
    "nameEn": "Saikoji Temple",
    "family": "worship",
    "kind": "templeRoof",
    "wikidata": "Q106492652",
    "lon": 139.768918,
    "lat": 35.722862,
    "x": 200.6,
    "z": -4616.5,
    "distance": 504,
    "station": 6,
    "stationName": "Nippori",
    "fromStation": 582,
    "picked": false
   },
   "geometry": {
    "type": "Point",
    "coordinates": [
     139.768918,
     35.722862
    ]
   }
  },
  {
   "type": "Feature",
   "properties": {
    "id": "osm-way-560499640",
    "osmType": "way",
    "osmId": 560499640,
    "name": "正行院",
    "nameEn": "Shohgyoh-in",
    "family": "worship",
    "kind": "templeRoof",
    "wikidata": "Q111753163",
    "lon": 139.76837,
    "lat": 35.721999,
    "x": 151.3,
    "z": -4520.6,
    "distance": 609,
    "station": 6,
    "stationName": "Nippori",
    "fromStation": 688,
    "picked": false
   },
   "geometry": {
    "type": "Point",
    "coordinates": [
     139.76837,
     35.721999
    ]
   }
  },
  {
   "type": "Feature",
   "properties": {
    "id": "osm-way-560499648",
    "osmType": "way",
    "osmId": 560499648,
    "name": "久成院",
    "nameEn": "Kujoh-in",
    "family": "worship",
    "kind": "templeRoof",
    "wikidata": "Q111751696",
    "lon": 139.768416,
    "lat": 35.721814,
    "x": 155.5,
    "z": -4500.1,
    "distance": 623,
    "station": 6,
    "stationName": "Nippori",
    "fromStation": 706,
    "picked": false
   },
   "geometry": {
    "type": "Point",
    "coordinates": [
     139.768416,
     35.721814
    ]
   }
  },
  {
   "type": "Feature",
   "properties": {
    "id": "osm-way-560499649",
    "osmType": "way",
    "osmId": 560499649,
    "name": "躰仙院",
    "nameEn": "Taisen-in",
    "family": "worship",
    "kind": "templeRoof",
    "wikidata": "Q111753243",
    "lon": 139.768321,
    "lat": 35.722125,
    "x": 146.8,
    "z": -4534.6,
    "distance": 601,
    "station": 6,
    "stationName": "Nippori",
    "fromStation": 675,
    "picked": false
   },
   "geometry": {
    "type": "Point",
    "coordinates": [
     139.768321,
     35.722125
    ]
   }
  },
  {
   "type": "Feature",
   "properties": {
    "id": "osm-way-560499653",
    "osmType": "way",
    "osmId": 560499653,
    "name": "浄延院",
    "nameEn": "Johen-in",
    "family": "worship",
    "kind": "templeRoof",
    "wikidata": "Q111753284",
    "lon": 139.768278,
    "lat": 35.722261,
    "x": 142.9,
    "z": -4549.7,
    "distance": 592,
    "station": 6,
    "stationName": "Nippori",
    "fromStation": 662,
    "picked": false
   },
   "geometry": {
    "type": "Point",
    "coordinates": [
     139.768278,
     35.722261
    ]
   }
  },
  {
   "type": "Feature",
   "properties": {
    "id": "osm-way-562839824",
    "osmType": "way",
    "osmId": 562839824,
    "name": "都電6000系",
    "nameEn": null,
    "family": "historic",
    "kind": "museumFacade",
    "wikidata": null,
    "lon": 139.754913,
    "lat": 35.733071,
    "x": -1069.4,
    "z": -5745.7,
    "distance": 678,
    "station": 8,
    "stationName": "Tabata",
    "fromStation": 776,
    "picked": true
   },
   "geometry": {
    "type": "Point",
    "coordinates": [
     139.754913,
     35.733071
    ]
   }
  },
  {
   "type": "Feature",
   "properties": {
    "id": "osm-way-562839826",
    "osmType": "way",
    "osmId": 562839826,
    "name": "都電乙1形",
    "nameEn": null,
    "family": "historic",
    "kind": "museumFacade",
    "wikidata": null,
    "lon": 139.754927,
    "lat": 35.73297,
    "x": -1068.1,
    "z": -5734.5,
    "distance": 688,
    "station": 8,
    "stationName": "Tabata",
    "fromStation": 782,
    "picked": false
   },
   "geometry": {
    "type": "Point",
    "coordinates": [
     139.754927,
     35.73297
    ]
   }
  },
  {
   "type": "Feature",
   "properties": {
    "id": "osm-way-563973695",
    "osmType": "way",
    "osmId": 563973695,
    "name": "寳蔵院",
    "nameEn": "Houzou-in Temple",
    "family": "worship",
    "kind": "templeRoof",
    "wikidata": "Q97215320",
    "lon": 139.762725,
    "lat": 35.752963,
    "x": -368.6,
    "z": -7954.5,
    "distance": 1483,
    "station": 8,
    "stationName": "Tabata",
    "fromStation": 1734,
    "picked": false
   },
   "geometry": {
    "type": "Point",
    "coordinates": [
     139.762725,
     35.752963
    ]
   }
  },
  {
   "type": "Feature",
   "properties": {
    "id": "osm-way-563973697",
    "osmType": "way",
    "osmId": 563973697,
    "name": "地蔵寺",
    "nameEn": "Jizou-ji",
    "family": "worship",
    "kind": "templeRoof",
    "wikidata": "Q115189938",
    "lon": 139.763509,
    "lat": 35.751879,
    "x": -297.4,
    "z": -7834.4,
    "distance": 1396,
    "station": 8,
    "stationName": "Tabata",
    "fromStation": 1619,
    "picked": false
   },
   "geometry": {
    "type": "Point",
    "coordinates": [
     139.763509,
     35.751879
    ]
   }
  },
  {
   "type": "Feature",
   "properties": {
    "id": "osm-way-563973702",
    "osmType": "way",
    "osmId": 563973702,
    "name": "大林院",
    "nameEn": "Dairin-in Temple",
    "family": "worship",
    "kind": "templeRoof",
    "wikidata": "Q115189875",
    "lon": 139.764544,
    "lat": 35.7512,
    "x": -203.6,
    "z": -7759.3,
    "distance": 1364,
    "station": 8,
    "stationName": "Tabata",
    "fromStation": 1557,
    "picked": false
   },
   "geometry": {
    "type": "Point",
    "coordinates": [
     139.764544,
     35.7512
    ]
   }
  },
  {
   "type": "Feature",
   "properties": {
    "id": "osm-way-563978699",
    "osmType": "way",
    "osmId": 563978699,
    "name": "延命寺",
    "nameEn": "Enmei-ji Temple",
    "family": "worship",
    "kind": "templeRoof",
    "wikidata": "Q106836829",
    "lon": 139.756441,
    "lat": 35.7541,
    "x": -937.2,
    "z": -8079.1,
    "distance": 1511,
    "station": 8,
    "stationName": "Tabata",
    "fromStation": 1917,
    "picked": false
   },
   "geometry": {
    "type": "Point",
    "coordinates": [
     139.756441,
     35.7541
    ]
   }
  },
  {
   "type": "Feature",
   "properties": {
    "id": "osm-way-564865331",
    "osmType": "way",
    "osmId": 564865331,
    "name": "箭弓稲荷神社",
    "nameEn": null,
    "family": "worship",
    "kind": "templeRoof",
    "wikidata": "Q17221220",
    "lon": 139.770335,
    "lat": 35.706631,
    "x": 333.7,
    "z": -2816,
    "distance": 379,
    "station": 3,
    "stationName": "Okachimachi",
    "fromStation": 389,
    "picked": false
   },
   "geometry": {
    "type": "Point",
    "coordinates": [
     139.770335,
     35.706631
    ]
   }
  },
  {
   "type": "Feature",
   "properties": {
    "id": "osm-way-565090275",
    "osmType": "way",
    "osmId": 565090275,
    "name": "龍谷寺",
    "nameEn": null,
    "family": "worship",
    "kind": "templeRoof",
    "wikidata": "Q106690867",
    "lon": 139.782507,
    "lat": 35.712596,
    "x": 1433.3,
    "z": -3481,
    "distance": 551,
    "station": 4,
    "stationName": "Ueno",
    "fromStation": 592,
    "picked": false
   },
   "geometry": {
    "type": "Point",
    "coordinates": [
     139.782507,
     35.712596
    ]
   }
  },
  {
   "type": "Feature",
   "properties": {
    "id": "osm-way-565293781",
    "osmType": "way",
    "osmId": 565293781,
    "name": "永昌寺",
    "nameEn": "Eishoji",
    "family": "worship",
    "kind": "templeRoof",
    "wikidata": "Q11550094",
    "lon": 139.782673,
    "lat": 35.711662,
    "x": 1448.6,
    "z": -3377.4,
    "distance": 620,
    "station": 4,
    "stationName": "Ueno",
    "fromStation": 634,
    "picked": false
   },
   "geometry": {
    "type": "Point",
    "coordinates": [
     139.782673,
     35.711662
    ]
   }
  },
  {
   "type": "Feature",
   "properties": {
    "id": "osm-way-565293782",
    "osmType": "way",
    "osmId": 565293782,
    "name": "西照寺",
    "nameEn": "Saishō-ji",
    "family": "worship",
    "kind": "templeRoof",
    "wikidata": "Q111693569",
    "lon": 139.783465,
    "lat": 35.71157,
    "x": 1520.3,
    "z": -3367.4,
    "distance": 686,
    "station": 4,
    "stationName": "Ueno",
    "fromStation": 705,
    "picked": false
   },
   "geometry": {
    "type": "Point",
    "coordinates": [
     139.783465,
     35.71157
    ]
   }
  },
  {
   "type": "Feature",
   "properties": {
    "id": "osm-way-565396260",
    "osmType": "way",
    "osmId": 565396260,
    "name": "水盤舎",
    "nameEn": "Water basin house of the Jokenin Mausoleum",
    "family": "historic",
    "kind": "museumFacade",
    "wikidata": "Q11481391",
    "lon": 139.776249,
    "lat": 35.721691,
    "x": 864.2,
    "z": -4488.4,
    "distance": 109,
    "station": 5,
    "stationName": "Uguisudani",
    "fromStation": 150,
    "picked": false
   },
   "geometry": {
    "type": "Point",
    "coordinates": [
     139.776249,
     35.721691
    ]
   }
  },
  {
   "type": "Feature",
   "properties": {
    "id": "osm-way-565483395",
    "osmType": "way",
    "osmId": 565483395,
    "name": "昌林寺",
    "nameEn": "Shourin-ji Temple",
    "family": "worship",
    "kind": "templeRoof",
    "wikidata": "Q17216087",
    "lon": 139.741864,
    "lat": 35.743108,
    "x": -2252.5,
    "z": -6856.2,
    "distance": 868,
    "station": 9,
    "stationName": "Komagome",
    "fromStation": 875,
    "picked": false
   },
   "geometry": {
    "type": "Point",
    "coordinates": [
     139.741864,
     35.743108
    ]
   }
  },
  {
   "type": "Feature",
   "properties": {
    "id": "osm-way-565492635",
    "osmType": "way",
    "osmId": 565492635,
    "name": "不動院",
    "nameEn": "Fudo-in Temple",
    "family": "worship",
    "kind": "templeRoof",
    "wikidata": "Q95744468",
    "lon": 139.739932,
    "lat": 35.744016,
    "x": -2427.4,
    "z": -6956.6,
    "distance": 1037,
    "station": 9,
    "stationName": "Komagome",
    "fromStation": 1060,
    "picked": false
   },
   "geometry": {
    "type": "Point",
    "coordinates": [
     139.739932,
     35.744016
    ]
   }
  },
  {
   "type": "Feature",
   "properties": {
    "id": "osm-way-566265936",
    "osmType": "way",
    "osmId": 566265936,
    "name": "戸越八幡神社",
    "nameEn": "Togoshi Hachiman Jinja Shrine",
    "family": "worship",
    "kind": "templeRoof",
    "wikidata": "Q11496627",
    "lon": 139.720289,
    "lat": 35.613543,
    "x": -4171.6,
    "z": 7522.6,
    "distance": 1000,
    "station": 23,
    "stationName": "Osaki",
    "fromStation": 1017,
    "picked": false
   },
   "geometry": {
    "type": "Point",
    "coordinates": [
     139.720289,
     35.613543
    ]
   }
  },
  {
   "type": "Feature",
   "properties": {
    "id": "osm-way-566265942",
    "osmType": "way",
    "osmId": 566265942,
    "name": "行慶寺",
    "nameEn": null,
    "family": "worship",
    "kind": "templeRoof",
    "wikidata": "Q11626076",
    "lon": 139.719895,
    "lat": 35.613573,
    "x": -4207.3,
    "z": 7519.3,
    "distance": 1029,
    "station": 23,
    "stationName": "Osaki",
    "fromStation": 1042,
    "picked": false
   },
   "geometry": {
    "type": "Point",
    "coordinates": [
     139.719895,
     35.613573
    ]
   }
  },
  {
   "type": "Feature",
   "properties": {
    "id": "osm-way-568507914",
    "osmType": "way",
    "osmId": 568507914,
    "name": "龍泉寺",
    "nameEn": null,
    "family": "worship",
    "kind": "templeRoof",
    "wikidata": "Q106836763",
    "lon": 139.746167,
    "lat": 35.72339,
    "x": -1857.8,
    "z": -4669.7,
    "distance": 1261,
    "station": 10,
    "stationName": "Sugamo",
    "fromStation": 1261,
    "picked": false
   },
   "geometry": {
    "type": "Point",
    "coordinates": [
     139.746167,
     35.72339
    ]
   }
  },
  {
   "type": "Feature",
   "properties": {
    "id": "osm-way-568521820",
    "osmType": "way",
    "osmId": 568521820,
    "name": "厳浄院",
    "nameEn": null,
    "family": "worship",
    "kind": "templeRoof",
    "wikidata": "Q106836602",
    "lon": 139.750931,
    "lat": 35.718431,
    "x": -1425.4,
    "z": -4120.5,
    "distance": 1946,
    "station": 10,
    "stationName": "Sugamo",
    "fromStation": 1954,
    "picked": false
   },
   "geometry": {
    "type": "Point",
    "coordinates": [
     139.750931,
     35.718431
    ]
   }
  },
  {
   "type": "Feature",
   "properties": {
    "id": "osm-way-570611975",
    "osmType": "way",
    "osmId": 570611975,
    "name": "本郷薬師",
    "nameEn": "Hongo Yakushi",
    "family": "worship",
    "kind": "templeRoof",
    "wikidata": "Q114819627",
    "lon": 139.759701,
    "lat": 35.707753,
    "x": -628.8,
    "z": -2938,
    "distance": 1349,
    "station": 3,
    "stationName": "Okachimachi",
    "fromStation": 1352,
    "picked": false
   },
   "geometry": {
    "type": "Point",
    "coordinates": [
     139.759701,
     35.707753
    ]
   }
  },
  {
   "type": "Feature",
   "properties": {
    "id": "osm-way-570672664",
    "osmType": "way",
    "osmId": 570672664,
    "name": "ねむの木の庭",
    "nameEn": null,
    "family": "park",
    "kind": "forestMass",
    "wikidata": "Q11275095",
    "lon": 139.722496,
    "lat": 35.630311,
    "x": -3975.9,
    "z": 5661.8,
    "distance": 255,
    "station": 22,
    "stationName": "Gotanda",
    "fromStation": 459,
    "picked": true
   },
   "geometry": {
    "type": "Point",
    "coordinates": [
     139.722496,
     35.630311
    ]
   }
  },
  {
   "type": "Feature",
   "properties": {
    "id": "osm-way-572498043",
    "osmType": "way",
    "osmId": 572498043,
    "name": "SOMPO美術館",
    "nameEn": "Sompo Museum of Art",
    "family": "museum",
    "kind": "museumFacade",
    "wikidata": "Q1614504",
    "lon": 139.696536,
    "lat": 35.692583,
    "x": -6341,
    "z": -1241.7,
    "distance": 308,
    "station": 16,
    "stationName": "Shinjuku",
    "fromStation": 528,
    "picked": true
   },
   "geometry": {
    "type": "Point",
    "coordinates": [
     139.696536,
     35.692583
    ]
   }
  },
  {
   "type": "Feature",
   "properties": {
    "id": "osm-way-576806820",
    "osmType": "way",
    "osmId": 576806820,
    "name": "三河稲荷神社",
    "nameEn": "Mikawa Inari Shrine",
    "family": "worship",
    "kind": "templeRoof",
    "wikidata": "Q38277566",
    "lon": 139.759084,
    "lat": 35.704756,
    "x": -683.7,
    "z": -2605.4,
    "distance": 1345,
    "station": 3,
    "stationName": "Okachimachi",
    "fromStation": 1426,
    "picked": false
   },
   "geometry": {
    "type": "Point",
    "coordinates": [
     139.759084,
     35.704756
    ]
   }
  },
  {
   "type": "Feature",
   "properties": {
    "id": "osm-way-576922609",
    "osmType": "way",
    "osmId": 576922609,
    "name": "天皇山安閑寺",
    "nameEn": "Tennozan Ankanji",
    "family": "worship",
    "kind": "templeRoof",
    "wikidata": "Q106640667",
    "lon": 139.746595,
    "lat": 35.716972,
    "x": -1817.3,
    "z": -3957.7,
    "distance": 1910,
    "station": 10,
    "stationName": "Sugamo",
    "fromStation": 1929,
    "picked": false
   },
   "geometry": {
    "type": "Point",
    "coordinates": [
     139.746595,
     35.716972
    ]
   }
  },
  {
   "type": "Feature",
   "properties": {
    "id": "osm-way-577426015",
    "osmType": "way",
    "osmId": 577426015,
    "name": "総鎮守境稲荷社",
    "nameEn": "Sakai Inari Jinja",
    "family": "worship",
    "kind": "templeRoof",
    "wikidata": "Q112607794",
    "lon": 139.767818,
    "lat": 35.712534,
    "x": 104.2,
    "z": -3470.4,
    "distance": 639,
    "station": 4,
    "stationName": "Ueno",
    "fromStation": 757,
    "picked": false
   },
   "geometry": {
    "type": "Point",
    "coordinates": [
     139.767818,
     35.712534
    ]
   }
  },
  {
   "type": "Feature",
   "properties": {
    "id": "osm-way-578522217",
    "osmType": "way",
    "osmId": 578522217,
    "name": "昌清寺",
    "nameEn": "Shōseiji Temple",
    "family": "worship",
    "kind": "templeRoof",
    "wikidata": "Q106836597",
    "lon": 139.757675,
    "lat": 35.703629,
    "x": -810.9,
    "z": -2480,
    "distance": 1446,
    "station": 2,
    "stationName": "Akihabara",
    "fromStation": 1506,
    "picked": false
   },
   "geometry": {
    "type": "Point",
    "coordinates": [
     139.757675,
     35.703629
    ]
   }
  },
  {
   "type": "Feature",
   "properties": {
    "id": "osm-way-578923055",
    "osmType": "way",
    "osmId": 578923055,
    "name": "金刀比羅神社",
    "nameEn": null,
    "family": "worship",
    "kind": "templeRoof",
    "wikidata": "Q106852639",
    "lon": 139.778543,
    "lat": 35.703339,
    "x": 1077.5,
    "z": -2452.9,
    "distance": 406,
    "station": 3,
    "stationName": "Okachimachi",
    "fromStation": 536,
    "picked": false
   },
   "geometry": {
    "type": "Point",
    "coordinates": [
     139.778543,
     35.703339
    ]
   }
  },
  {
   "type": "Feature",
   "properties": {
    "id": "osm-way-579626254",
    "osmType": "way",
    "osmId": 579626254,
    "name": "荏原金刀比羅神社",
    "nameEn": null,
    "family": "worship",
    "kind": "templeRoof",
    "wikidata": "Q11618315",
    "lon": 139.716322,
    "lat": 35.61949,
    "x": -4532.5,
    "z": 6863.6,
    "distance": 955,
    "station": 22,
    "stationName": "Gotanda",
    "fromStation": 1007,
    "picked": false
   },
   "geometry": {
    "type": "Point",
    "coordinates": [
     139.716322,
     35.61949
    ]
   }
  },
  {
   "type": "Feature",
   "properties": {
    "id": "osm-way-582627746",
    "osmType": "way",
    "osmId": 582627746,
    "name": "都電7500形 (7506号車)",
    "nameEn": null,
    "family": "historic",
    "kind": "museumFacade",
    "wikidata": "Q11525229",
    "lon": 139.767612,
    "lat": 35.715569,
    "x": 84.6,
    "z": -3807,
    "distance": 778,
    "station": 4,
    "stationName": "Ueno",
    "fromStation": 797,
    "picked": false
   },
   "geometry": {
    "type": "Point",
    "coordinates": [
     139.767612,
     35.715569
    ]
   }
  },
  {
   "type": "Feature",
   "properties": {
    "id": "osm-way-584075992",
    "osmType": "way",
    "osmId": 584075992,
    "name": "成子天神社",
    "nameEn": "Naruko Tenjin",
    "family": "worship",
    "kind": "templeRoof",
    "wikidata": "Q11495425",
    "lon": 139.69221,
    "lat": 35.695768,
    "x": -6733.2,
    "z": -1594.3,
    "distance": 647,
    "station": 15,
    "stationName": "Shin-Okubo",
    "fromStation": 955,
    "picked": false
   },
   "geometry": {
    "type": "Point",
    "coordinates": [
     139.69221,
     35.695768
    ]
   }
  },
  {
   "type": "Feature",
   "properties": {
    "id": "osm-way-584360953",
    "osmType": "way",
    "osmId": 584360953,
    "name": "妙光寺",
    "nameEn": null,
    "family": "worship",
    "kind": "templeRoof",
    "wikidata": "Q11446843",
    "lon": 139.730617,
    "lat": 35.613786,
    "x": -3236,
    "z": 7493.5,
    "distance": 371,
    "station": 23,
    "stationName": "Osaki",
    "fromStation": 659,
    "picked": false
   },
   "geometry": {
    "type": "Point",
    "coordinates": [
     139.730617,
     35.613786
    ]
   }
  },
  {
   "type": "Feature",
   "properties": {
    "id": "osm-way-585819222",
    "osmType": "way",
    "osmId": 585819222,
    "name": "池袋本町電車の見える公園",
    "nameEn": null,
    "family": "park",
    "kind": "forestMass",
    "wikidata": "Q20043084",
    "lon": 139.715755,
    "lat": 35.744685,
    "x": -4614.3,
    "z": -7025.7,
    "distance": 1120,
    "station": 12,
    "stationName": "Ikebukuro",
    "fromStation": 1659,
    "picked": false
   },
   "geometry": {
    "type": "Point",
    "coordinates": [
     139.715755,
     35.744685
    ]
   }
  },
  {
   "type": "Feature",
   "properties": {
    "id": "osm-way-586063797",
    "osmType": "way",
    "osmId": 586063797,
    "name": "東盛公園",
    "nameEn": "Tousei Park",
    "family": "park",
    "kind": "forestMass",
    "wikidata": "Q42311697",
    "lon": 139.792845,
    "lat": 35.728467,
    "x": 2363.4,
    "z": -5244.5,
    "distance": 1527,
    "station": 5,
    "stationName": "Uguisudani",
    "fromStation": 1546,
    "picked": true
   },
   "geometry": {
    "type": "Point",
    "coordinates": [
     139.792845,
     35.728467
    ]
   }
  },
  {
   "type": "Feature",
   "properties": {
    "id": "osm-way-586631862",
    "osmType": "way",
    "osmId": 586631862,
    "name": "貴船神社",
    "nameEn": null,
    "family": "worship",
    "kind": "templeRoof",
    "wikidata": "Q11634808",
    "lon": 139.726265,
    "lat": 35.615499,
    "x": -3630.7,
    "z": 7304.4,
    "distance": 433,
    "station": 23,
    "stationName": "Osaki",
    "fromStation": 503,
    "picked": false
   },
   "geometry": {
    "type": "Point",
    "coordinates": [
     139.726265,
     35.615499
    ]
   }
  },
  {
   "type": "Feature",
   "properties": {
    "id": "osm-way-588669886",
    "osmType": "way",
    "osmId": 588669886,
    "name": "日本堤公園",
    "nameEn": "Nihonzutsumi Park",
    "family": "park",
    "kind": "forestMass",
    "wikidata": "Q42311724",
    "lon": 139.798398,
    "lat": 35.723993,
    "x": 2867.3,
    "z": -4749.7,
    "distance": 1768,
    "station": 5,
    "stationName": "Uguisudani",
    "fromStation": 1872,
    "picked": false
   },
   "geometry": {
    "type": "Point",
    "coordinates": [
     139.798398,
     35.723993
    ]
   }
  },
  {
   "type": "Feature",
   "properties": {
    "id": "osm-way-591101898",
    "osmType": "way",
    "osmId": 591101898,
    "name": "東海寺",
    "nameEn": "Tokaiji",
    "family": "worship",
    "kind": "templeRoof",
    "wikidata": "Q11527865",
    "lon": 139.73912,
    "lat": 35.616364,
    "x": -2466.4,
    "z": 7205.6,
    "distance": 323,
    "station": 23,
    "stationName": "Osaki",
    "fromStation": 1000,
    "picked": false
   },
   "geometry": {
    "type": "Point",
    "coordinates": [
     139.73912,
     35.616364
    ]
   }
  },
  {
   "type": "Feature",
   "properties": {
    "id": "osm-way-591143042",
    "osmType": "way",
    "osmId": 591143042,
    "name": "東品川海上公園",
    "nameEn": null,
    "family": "park",
    "kind": "forestMass",
    "wikidata": "Q11526368",
    "lon": 139.749466,
    "lat": 35.618423,
    "x": -1529.7,
    "z": 6974.8,
    "distance": 1112,
    "station": 24,
    "stationName": "Shinagawa",
    "fromStation": 1517,
    "picked": false
   },
   "geometry": {
    "type": "Point",
    "coordinates": [
     139.749466,
     35.618423
    ]
   }
  },
  {
   "type": "Feature",
   "properties": {
    "id": "osm-way-593129388",
    "osmType": "way",
    "osmId": 593129388,
    "name": "新川公園",
    "nameEn": null,
    "family": "park",
    "kind": "forestMass",
    "wikidata": "Q11502072",
    "lon": 139.785228,
    "lat": 35.67414,
    "x": 1691.9,
    "z": 784.7,
    "distance": 1832,
    "station": 0,
    "stationName": "Tokyo",
    "fromStation": 1865,
    "picked": false
   },
   "geometry": {
    "type": "Point",
    "coordinates": [
     139.785228,
     35.67414
    ]
   }
  },
  {
   "type": "Feature",
   "properties": {
    "id": "osm-way-595622641",
    "osmType": "way",
    "osmId": 595622641,
    "name": "池袋西口公園",
    "nameEn": "Ikebukuro Nishiguchi Park",
    "family": "park",
    "kind": "forestMass",
    "wikidata": "Q11552247",
    "lon": 139.708935,
    "lat": 35.730094,
    "x": -5227.7,
    "z": -5405.6,
    "distance": 165,
    "station": 12,
    "stationName": "Ikebukuro",
    "fromStation": 186,
    "picked": true
   },
   "geometry": {
    "type": "Point",
    "coordinates": [
     139.708935,
     35.730094
    ]
   }
  },
  {
   "type": "Feature",
   "properties": {
    "id": "osm-way-595738335",
    "osmType": "way",
    "osmId": 595738335,
    "name": "宗光寺",
    "nameEn": null,
    "family": "worship",
    "kind": "templeRoof",
    "wikidata": "Q131991589",
    "lon": 139.751056,
    "lat": 35.64931,
    "x": -1394.5,
    "z": 3547.9,
    "distance": 183,
    "station": 26,
    "stationName": "Tamachi",
    "fromStation": 500,
    "picked": false
   },
   "geometry": {
    "type": "Point",
    "coordinates": [
     139.751056,
     35.64931
    ]
   }
  },
  {
   "type": "Feature",
   "properties": {
    "id": "osm-way-595744259",
    "osmType": "way",
    "osmId": 595744259,
    "name": "正念寺",
    "nameEn": null,
    "family": "worship",
    "kind": "templeRoof",
    "wikidata": "Q131991643",
    "lon": 139.750971,
    "lat": 35.649007,
    "x": -1402.1,
    "z": 3581.5,
    "distance": 158,
    "station": 26,
    "stationName": "Tamachi",
    "fromStation": 468,
    "picked": false
   },
   "geometry": {
    "type": "Point",
    "coordinates": [
     139.750971,
     35.649007
    ]
   }
  },
  {
   "type": "Feature",
   "properties": {
    "id": "osm-way-595748981",
    "osmType": "way",
    "osmId": 595748981,
    "name": "法音寺",
    "nameEn": "Hoonji Temple",
    "family": "worship",
    "kind": "templeRoof",
    "wikidata": "Q131991669",
    "lon": 139.751496,
    "lat": 35.649155,
    "x": -1354.6,
    "z": 3564.9,
    "distance": 148,
    "station": 26,
    "stationName": "Tamachi",
    "fromStation": 512,
    "picked": false
   },
   "geometry": {
    "type": "Point",
    "coordinates": [
     139.751496,
     35.649155
    ]
   }
  },
  {
   "type": "Feature",
   "properties": {
    "id": "osm-way-596442689",
    "osmType": "way",
    "osmId": 596442689,
    "name": "厳有院霊廟勅額門",
    "nameEn": "Tokugawa Ietsuna Genyuin Mausoleum Gate",
    "family": "historic",
    "kind": "museumFacade",
    "wikidata": "Q11410144",
    "lon": 139.776991,
    "lat": 35.720297,
    "x": 931.8,
    "z": -4333.9,
    "distance": 161,
    "station": 5,
    "stationName": "Uguisudani",
    "fromStation": 176,
    "picked": false
   },
   "geometry": {
    "type": "Point",
    "coordinates": [
     139.776991,
     35.720297
    ]
   }
  },
  {
   "type": "Feature",
   "properties": {
    "id": "osm-way-597638443",
    "osmType": "way",
    "osmId": 597638443,
    "name": "熊野神社",
    "nameEn": "Kumano Shrine",
    "family": "worship",
    "kind": "templeRoof",
    "wikidata": "Q11568955",
    "lon": 139.714053,
    "lat": 35.672392,
    "x": -4750.7,
    "z": 995.1,
    "distance": 962,
    "station": 18,
    "stationName": "Harajuku",
    "fromStation": 1076,
    "picked": false
   },
   "geometry": {
    "type": "Point",
    "coordinates": [
     139.714053,
     35.672392
    ]
   }
  },
  {
   "type": "Feature",
   "properties": {
    "id": "osm-way-597773258",
    "osmType": "way",
    "osmId": 597773258,
    "name": "佃公園",
    "nameEn": null,
    "family": "park",
    "kind": "forestMass",
    "wikidata": "Q28840599",
    "lon": 139.783429,
    "lat": 35.66908,
    "x": 1530.6,
    "z": 1346.5,
    "distance": 1875,
    "station": 29,
    "stationName": "Yurakucho",
    "fromStation": 1959,
    "picked": false
   },
   "geometry": {
    "type": "Point",
    "coordinates": [
     139.783429,
     35.66908
    ]
   }
  },
  {
   "type": "Feature",
   "properties": {
    "id": "osm-way-604041505",
    "osmType": "way",
    "osmId": 604041505,
    "name": "新川大神宮",
    "nameEn": null,
    "family": "worship",
    "kind": "templeRoof",
    "wikidata": "Q48758435",
    "lon": 139.782876,
    "lat": 35.677796,
    "x": 1477.8,
    "z": 379.7,
    "distance": 1522,
    "station": 0,
    "stationName": "Tokyo",
    "fromStation": 1526,
    "picked": false
   },
   "geometry": {
    "type": "Point",
    "coordinates": [
     139.782876,
     35.677796
    ]
   }
  },
  {
   "type": "Feature",
   "properties": {
    "id": "osm-way-604041509",
    "osmType": "way",
    "osmId": 604041509,
    "name": "於岩稲荷田宮神社",
    "nameEn": null,
    "family": "worship",
    "kind": "templeRoof",
    "wikidata": "Q106852581",
    "lon": 139.783122,
    "lat": 35.67474,
    "x": 1501.1,
    "z": 718.7,
    "distance": 1630,
    "station": 0,
    "stationName": "Tokyo",
    "fromStation": 1664,
    "picked": false
   },
   "geometry": {
    "type": "Point",
    "coordinates": [
     139.783122,
     35.67474
    ]
   }
  },
  {
   "type": "Feature",
   "properties": {
    "id": "osm-way-605782028",
    "osmType": "way",
    "osmId": 605782028,
    "name": "下神明天祖神社",
    "nameEn": null,
    "family": "worship",
    "kind": "templeRoof",
    "wikidata": "Q11361253",
    "lon": 139.726375,
    "lat": 35.606756,
    "x": -3618.5,
    "z": 8274.3,
    "distance": 1235,
    "station": 23,
    "stationName": "Osaki",
    "fromStation": 1434,
    "picked": false
   },
   "geometry": {
    "type": "Point",
    "coordinates": [
     139.726375,
     35.606756
    ]
   }
  },
  {
   "type": "Feature",
   "properties": {
    "id": "osm-way-607412476",
    "osmType": "way",
    "osmId": 607412476,
    "name": "目白の森",
    "nameEn": "Mejiro Woods",
    "family": "park",
    "kind": "forestMass",
    "wikidata": "Q28154514",
    "lon": 139.698879,
    "lat": 35.723262,
    "x": -6135.8,
    "z": -4645.7,
    "distance": 729,
    "station": 13,
    "stationName": "Mejiro",
    "fromStation": 729,
    "picked": false
   },
   "geometry": {
    "type": "Point",
    "coordinates": [
     139.698879,
     35.723262
    ]
   }
  },
  {
   "type": "Feature",
   "properties": {
    "id": "osm-way-617894886",
    "osmType": "way",
    "osmId": 617894886,
    "name": "海蔵寺",
    "nameEn": null,
    "family": "worship",
    "kind": "templeRoof",
    "wikidata": "Q97165914",
    "lon": 139.740702,
    "lat": 35.613759,
    "x": -2322.4,
    "z": 7494.2,
    "distance": 626,
    "station": 23,
    "stationName": "Osaki",
    "fromStation": 1255,
    "picked": false
   },
   "geometry": {
    "type": "Point",
    "coordinates": [
     139.740702,
     35.613759
    ]
   }
  },
  {
   "type": "Feature",
   "properties": {
    "id": "osm-way-621933054",
    "osmType": "way",
    "osmId": 621933054,
    "name": "海徳寺",
    "nameEn": "Kaitoku-ji",
    "family": "worship",
    "kind": "templeRoof",
    "wikidata": "Q29408092",
    "lon": 139.74289,
    "lat": 35.616049,
    "x": -2124.8,
    "z": 7239.8,
    "distance": 629,
    "station": 23,
    "stationName": "Osaki",
    "fromStation": 1335,
    "picked": false
   },
   "geometry": {
    "type": "Point",
    "coordinates": [
     139.74289,
     35.616049
    ]
   }
  },
  {
   "type": "Feature",
   "properties": {
    "id": "osm-way-623988699",
    "osmType": "way",
    "osmId": 623988699,
    "name": "泊船寺",
    "nameEn": "Tomfune-ji",
    "family": "worship",
    "kind": "templeRoof",
    "wikidata": "Q97341892",
    "lon": 139.742664,
    "lat": 35.606501,
    "x": -2142.7,
    "z": 8299.1,
    "distance": 1384,
    "station": 23,
    "stationName": "Osaki",
    "fromStation": 1916,
    "picked": false
   },
   "geometry": {
    "type": "Point",
    "coordinates": [
     139.742664,
     35.606501
    ]
   }
  },
  {
   "type": "Feature",
   "properties": {
    "id": "osm-way-624081603",
    "osmType": "way",
    "osmId": 624081603,
    "name": "北の丸公園",
    "nameEn": "Kitanomaru Park",
    "family": "park",
    "kind": "forestMass",
    "wikidata": "Q1075966",
    "lon": 139.750977,
    "lat": 35.692118,
    "x": -1413.8,
    "z": -1201.3,
    "distance": 1727,
    "station": 1,
    "stationName": "Kanda",
    "fromStation": 1809,
    "picked": false
   },
   "geometry": {
    "type": "Point",
    "coordinates": [
     139.750977,
     35.692118
    ]
   }
  },
  {
   "type": "Feature",
   "properties": {
    "id": "osm-way-627424795",
    "osmType": "way",
    "osmId": 627424795,
    "name": "菅刈公園",
    "nameEn": "Sugekari Park",
    "family": "park",
    "kind": "forestMass",
    "wikidata": "Q11619120",
    "lon": 139.693814,
    "lat": 35.650212,
    "x": -6578.1,
    "z": 3459.5,
    "distance": 1065,
    "station": 19,
    "stationName": "Shibuya",
    "fromStation": 1130,
    "picked": false
   },
   "geometry": {
    "type": "Point",
    "coordinates": [
     139.693814,
     35.650212
    ]
   }
  },
  {
   "type": "Feature",
   "properties": {
    "id": "osm-way-627559033",
    "osmType": "way",
    "osmId": 627559033,
    "name": "鎧神社",
    "nameEn": null,
    "family": "worship",
    "kind": "templeRoof",
    "wikidata": "Q11651146",
    "lon": 139.69159,
    "lat": 35.704499,
    "x": -6791.2,
    "z": -2562.8,
    "distance": 817,
    "station": 15,
    "stationName": "Shin-Okubo",
    "fromStation": 864,
    "picked": false
   },
   "geometry": {
    "type": "Point",
    "coordinates": [
     139.69159,
     35.704499
    ]
   }
  },
  {
   "type": "Feature",
   "properties": {
    "id": "osm-way-627561955",
    "osmType": "way",
    "osmId": 627561955,
    "name": "放生寺",
    "nameEn": "Hoshoji",
    "family": "worship",
    "kind": "templeRoof",
    "wikidata": "Q11498958",
    "lon": 139.717731,
    "lat": 35.706735,
    "x": -4426.2,
    "z": -2815.8,
    "distance": 1404,
    "station": 14,
    "stationName": "Takadanobaba",
    "fromStation": 1432,
    "picked": false
   },
   "geometry": {
    "type": "Point",
    "coordinates": [
     139.717731,
     35.706735
    ]
   }
  },
  {
   "type": "Feature",
   "properties": {
    "id": "osm-way-632583105",
    "osmType": "way",
    "osmId": 632583105,
    "name": "西光寺",
    "nameEn": null,
    "family": "worship",
    "kind": "templeRoof",
    "wikidata": "Q97341913",
    "lon": 139.732866,
    "lat": 35.600214,
    "x": -3028.7,
    "z": 8998.6,
    "distance": 1847,
    "station": 23,
    "stationName": "Osaki",
    "fromStation": 2175,
    "picked": false
   },
   "geometry": {
    "type": "Point",
    "coordinates": [
     139.732866,
     35.600214
    ]
   }
  },
  {
   "type": "Feature",
   "properties": {
    "id": "osm-way-636822207",
    "osmType": "way",
    "osmId": 636822207,
    "name": "龍泉寺",
    "nameEn": null,
    "family": "worship",
    "kind": "templeRoof",
    "wikidata": "Q106690391",
    "lon": 139.789161,
    "lat": 35.72616,
    "x": 2030.9,
    "z": -4987.5,
    "distance": 1107,
    "station": 5,
    "stationName": "Uguisudani",
    "fromStation": 1133,
    "picked": false
   },
   "geometry": {
    "type": "Point",
    "coordinates": [
     139.789161,
     35.72616
    ]
   }
  },
  {
   "type": "Feature",
   "properties": {
    "id": "osm-way-636823250",
    "osmType": "way",
    "osmId": 636823250,
    "name": "千束稲荷神社",
    "nameEn": null,
    "family": "worship",
    "kind": "templeRoof",
    "wikidata": "Q55538115",
    "lon": 139.790346,
    "lat": 35.726934,
    "x": 2137.8,
    "z": -5073.7,
    "distance": 1244,
    "station": 5,
    "stationName": "Uguisudani",
    "fromStation": 1267,
    "picked": false
   },
   "geometry": {
    "type": "Point",
    "coordinates": [
     139.790346,
     35.726934
    ]
   }
  },
  {
   "type": "Feature",
   "properties": {
    "id": "osm-way-636823544",
    "osmType": "way",
    "osmId": 636823544,
    "name": "月州寺",
    "nameEn": null,
    "family": "worship",
    "kind": "templeRoof",
    "wikidata": "Q106286847",
    "lon": 139.790064,
    "lat": 35.726368,
    "x": 2112.5,
    "z": -5010.9,
    "distance": 1188,
    "station": 5,
    "stationName": "Uguisudani",
    "fromStation": 1216,
    "picked": false
   },
   "geometry": {
    "type": "Point",
    "coordinates": [
     139.790064,
     35.726368
    ]
   }
  },
  {
   "type": "Feature",
   "properties": {
    "id": "osm-way-653722475",
    "osmType": "way",
    "osmId": 653722475,
    "name": "地付五社稲荷",
    "nameEn": null,
    "family": "worship",
    "kind": "templeRoof",
    "wikidata": "Q114818992",
    "lon": 139.763015,
    "lat": 35.706614,
    "x": -328.6,
    "z": -2812.5,
    "distance": 1035,
    "station": 3,
    "stationName": "Okachimachi",
    "fromStation": 1050,
    "picked": false
   },
   "geometry": {
    "type": "Point",
    "coordinates": [
     139.763015,
     35.706614
    ]
   }
  },
  {
   "type": "Feature",
   "properties": {
    "id": "osm-way-653744410",
    "osmType": "way",
    "osmId": 653744410,
    "name": "高輪神社",
    "nameEn": "Takanawa Shrine",
    "family": "worship",
    "kind": "templeRoof",
    "wikidata": "Q3514174",
    "lon": 139.737968,
    "lat": 35.635325,
    "x": -2575.9,
    "z": 5102.3,
    "distance": 215,
    "station": 25,
    "stationName": "Takanawa Gateway",
    "fromStation": 232,
    "picked": true
   },
   "geometry": {
    "type": "Point",
    "coordinates": [
     139.737968,
     35.635325
    ]
   }
  },
  {
   "type": "Feature",
   "properties": {
    "id": "osm-way-653744413",
    "osmType": "way",
    "osmId": 653744413,
    "name": "御田八幡神社",
    "nameEn": "Mita Hachiman Shrine",
    "family": "worship",
    "kind": "templeRoof",
    "wikidata": "Q545397",
    "lon": 139.74162,
    "lat": 35.643125,
    "x": -2247.2,
    "z": 4236.2,
    "distance": 167,
    "station": 26,
    "stationName": "Tamachi",
    "fromStation": 621,
    "picked": false
   },
   "geometry": {
    "type": "Point",
    "coordinates": [
     139.74162,
     35.643125
    ]
   }
  },
  {
   "type": "Feature",
   "properties": {
    "id": "osm-way-653744415",
    "osmType": "way",
    "osmId": 653744415,
    "name": "芝大神宮",
    "nameEn": "Shibadaijingu",
    "family": "worship",
    "kind": "templeRoof",
    "wikidata": "Q11614619",
    "lon": 139.75307,
    "lat": 35.657597,
    "x": -1214.5,
    "z": 2628,
    "distance": 410,
    "station": 27,
    "stationName": "Hamamatsucho",
    "fromStation": 453,
    "picked": false
   },
   "geometry": {
    "type": "Point",
    "coordinates": [
     139.75307,
     35.657597
    ]
   }
  },
  {
   "type": "Feature",
   "properties": {
    "id": "osm-way-655512936",
    "osmType": "way",
    "osmId": 655512936,
    "name": "長運寺",
    "nameEn": null,
    "family": "worship",
    "kind": "templeRoof",
    "wikidata": "Q106634169",
    "lon": 139.741702,
    "lat": 35.647643,
    "x": -2241.1,
    "z": 3734.9,
    "distance": 471,
    "station": 26,
    "stationName": "Tamachi",
    "fromStation": 580,
    "picked": false
   },
   "geometry": {
    "type": "Point",
    "coordinates": [
     139.741702,
     35.647643
    ]
   }
  },
  {
   "type": "Feature",
   "properties": {
    "id": "osm-way-659232368",
    "osmType": "way",
    "osmId": 659232368,
    "name": "宗源寺",
    "nameEn": "Sogenji",
    "family": "worship",
    "kind": "templeRoof",
    "wikidata": "Q111692878",
    "lon": 139.781964,
    "lat": 35.711776,
    "x": 1384.4,
    "z": -3389.8,
    "distance": 560,
    "station": 4,
    "stationName": "Ueno",
    "fromStation": 569,
    "picked": false
   },
   "geometry": {
    "type": "Point",
    "coordinates": [
     139.781964,
     35.711776
    ]
   }
  },
  {
   "type": "Feature",
   "properties": {
    "id": "osm-way-660683318",
    "osmType": "way",
    "osmId": 660683318,
    "name": "安養院",
    "nameEn": "Anyoin",
    "family": "worship",
    "kind": "templeRoof",
    "wikidata": "Q97164924",
    "lon": 139.710019,
    "lat": 35.6264,
    "x": -5105,
    "z": 6098.2,
    "distance": 784,
    "station": 21,
    "stationName": "Meguro",
    "fromStation": 999,
    "picked": false
   },
   "geometry": {
    "type": "Point",
    "coordinates": [
     139.710019,
     35.6264
    ]
   }
  },
  {
   "type": "Feature",
   "properties": {
    "id": "osm-way-661344557",
    "osmType": "way",
    "osmId": 661344557,
    "name": "アメリカ橋公園",
    "nameEn": null,
    "family": "park",
    "kind": "forestMass",
    "wikidata": "Q42312027",
    "lon": 139.71284,
    "lat": 35.643462,
    "x": -4853.6,
    "z": 4204.8,
    "distance": 79,
    "station": 20,
    "stationName": "Ebisu",
    "fromStation": 408,
    "picked": false
   },
   "geometry": {
    "type": "Point",
    "coordinates": [
     139.71284,
     35.643462
    ]
   }
  },
  {
   "type": "Feature",
   "properties": {
    "id": "osm-way-661400203",
    "osmType": "way",
    "osmId": 661400203,
    "name": "妙圓寺",
    "nameEn": null,
    "family": "worship",
    "kind": "templeRoof",
    "wikidata": "Q11446855",
    "lon": 139.712255,
    "lat": 35.670779,
    "x": -4913.1,
    "z": 1174.3,
    "distance": 854,
    "station": 18,
    "stationName": "Harajuku",
    "fromStation": 888,
    "picked": false
   },
   "geometry": {
    "type": "Point",
    "coordinates": [
     139.712255,
     35.670779
    ]
   }
  },
  {
   "type": "Feature",
   "properties": {
    "id": "osm-way-669243897",
    "osmType": "way",
    "osmId": 669243897,
    "name": "稲荷鬼王神社",
    "nameEn": "Inari Kio Shrine",
    "family": "worship",
    "kind": "templeRoof",
    "wikidata": "Q11596884",
    "lon": 139.705255,
    "lat": 35.697769,
    "x": -5553.1,
    "z": -1818.7,
    "distance": 481,
    "station": 15,
    "stationName": "Shin-Okubo",
    "fromStation": 596,
    "picked": false
   },
   "geometry": {
    "type": "Point",
    "coordinates": [
     139.705255,
     35.697769
    ]
   }
  },
  {
   "type": "Feature",
   "properties": {
    "id": "osm-way-669681263",
    "osmType": "way",
    "osmId": 669681263,
    "name": "目黒不動",
    "nameEn": "Ryusenji Meguro Fudo",
    "family": "worship",
    "kind": "templeRoof",
    "wikidata": "Q6587237",
    "lon": 139.708566,
    "lat": 35.628226,
    "x": -5237.1,
    "z": 5895.9,
    "distance": 797,
    "station": 21,
    "stationName": "Meguro",
    "fromStation": 922,
    "picked": false
   },
   "geometry": {
    "type": "Point",
    "coordinates": [
     139.708566,
     35.628226
    ]
   }
  },
  {
   "type": "Feature",
   "properties": {
    "id": "osm-way-675408602",
    "osmType": "way",
    "osmId": 675408602,
    "name": "皇居外苑",
    "nameEn": "Kokyo Gaien National Garden",
    "family": "park",
    "kind": "forestMass",
    "wikidata": "Q844963",
    "lon": 139.757267,
    "lat": 35.679964,
    "x": -841,
    "z": 145.6,
    "distance": 761,
    "station": 29,
    "stationName": "Yurakucho",
    "fromStation": 761,
    "picked": false
   },
   "geometry": {
    "type": "Point",
    "coordinates": [
     139.757267,
     35.679964
    ]
   }
  },
  {
   "type": "Feature",
   "properties": {
    "id": "osm-way-680786005",
    "osmType": "way",
    "osmId": 680786005,
    "name": "はとば",
    "nameEn": "Hatoba",
    "family": "park",
    "kind": "forestMass",
    "wikidata": "Q42311590",
    "lon": 139.775112,
    "lat": 35.664032,
    "x": 779.2,
    "z": 1908.7,
    "distance": 1503,
    "station": 28,
    "stationName": "Shimbashi",
    "fromStation": 1559,
    "picked": false
   },
   "geometry": {
    "type": "Point",
    "coordinates": [
     139.775112,
     35.664032
    ]
   }
  },
  {
   "type": "Feature",
   "properties": {
    "id": "osm-way-680884178",
    "osmType": "way",
    "osmId": 680884178,
    "name": "宮中三殿",
    "nameEn": "Three Palace Sanctuaries",
    "family": "worship",
    "kind": "templeRoof",
    "wikidata": "Q7797685",
    "lon": 139.749964,
    "lat": 35.681827,
    "x": -1502.6,
    "z": -59.4,
    "distance": 1372,
    "station": 29,
    "stationName": "Yurakucho",
    "fromStation": 1406,
    "picked": false
   },
   "geometry": {
    "type": "Point",
    "coordinates": [
     139.749964,
     35.681827
    ]
   }
  },
  {
   "type": "Feature",
   "properties": {
    "id": "osm-way-682045416",
    "osmType": "way",
    "osmId": 682045416,
    "name": "祥雲寺",
    "nameEn": "Shōunji Temple",
    "family": "worship",
    "kind": "templeRoof",
    "wikidata": "Q17215255",
    "lon": 139.718562,
    "lat": 35.64973,
    "x": -4337,
    "z": 3508.3,
    "distance": 841,
    "station": 20,
    "stationName": "Ebisu",
    "fromStation": 842,
    "picked": false
   },
   "geometry": {
    "type": "Point",
    "coordinates": [
     139.718562,
     35.64973
    ]
   }
  },
  {
   "type": "Feature",
   "properties": {
    "id": "osm-way-687716383",
    "osmType": "way",
    "osmId": 687716383,
    "name": "白玉稲荷神社",
    "nameEn": null,
    "family": "worship",
    "kind": "templeRoof",
    "wikidata": "Q97310723",
    "lon": 139.682675,
    "lat": 35.698244,
    "x": -7596.6,
    "z": -1867.4,
    "distance": 1532,
    "station": 15,
    "stationName": "Shin-Okubo",
    "fromStation": 1630,
    "picked": false
   },
   "geometry": {
    "type": "Point",
    "coordinates": [
     139.682675,
     35.698244
    ]
   }
  },
  {
   "type": "Feature",
   "properties": {
    "id": "osm-way-689280730",
    "osmType": "way",
    "osmId": 689280730,
    "name": "大鳥神社",
    "nameEn": "Otori-jinja Shrine",
    "family": "worship",
    "kind": "templeRoof",
    "wikidata": "Q11441990",
    "lon": 139.70817,
    "lat": 35.632229,
    "x": -5273.9,
    "z": 5451.9,
    "distance": 718,
    "station": 21,
    "stationName": "Meguro",
    "fromStation": 720,
    "picked": false
   },
   "geometry": {
    "type": "Point",
    "coordinates": [
     139.70817,
     35.632229
    ]
   }
  },
  {
   "type": "Feature",
   "properties": {
    "id": "osm-way-691473304",
    "osmType": "way",
    "osmId": 691473304,
    "name": "海福寺",
    "nameEn": "Kaifukuji",
    "family": "worship",
    "kind": "templeRoof",
    "wikidata": "Q63138385",
    "lon": 139.709296,
    "lat": 35.629319,
    "x": -5171.2,
    "z": 5774.6,
    "distance": 690,
    "station": 21,
    "stationName": "Meguro",
    "fromStation": 790,
    "picked": false
   },
   "geometry": {
    "type": "Point",
    "coordinates": [
     139.709296,
     35.629319
    ]
   }
  },
  {
   "type": "Feature",
   "properties": {
    "id": "osm-way-691473332",
    "osmType": "way",
    "osmId": 691473332,
    "name": "五百羅漢寺",
    "nameEn": "Gohyaku Rakanji",
    "family": "worship",
    "kind": "templeRoof",
    "wikidata": "Q11372569",
    "lon": 139.709432,
    "lat": 35.629016,
    "x": -5158.9,
    "z": 5808.1,
    "distance": 691,
    "station": 21,
    "stationName": "Meguro",
    "fromStation": 804,
    "picked": false
   },
   "geometry": {
    "type": "Point",
    "coordinates": [
     139.709432,
     35.629016
    ]
   }
  },
  {
   "type": "Feature",
   "properties": {
    "id": "osm-way-691546714",
    "osmType": "way",
    "osmId": 691546714,
    "name": "教育の森公園",
    "nameEn": "Kyouiku no Mori Park",
    "family": "park",
    "kind": "forestMass",
    "wikidata": "Q11499369",
    "lon": 139.736072,
    "lat": 35.719863,
    "x": -2770.1,
    "z": -4276.1,
    "distance": 1258,
    "station": 11,
    "stationName": "Otsuka",
    "fromStation": 1471,
    "picked": false
   },
   "geometry": {
    "type": "Point",
    "coordinates": [
     139.736072,
     35.719863
    ]
   }
  },
  {
   "type": "Feature",
   "properties": {
    "id": "osm-way-692432465",
    "osmType": "way",
    "osmId": 692432465,
    "name": "長泉院附属現代彫刻美術館",
    "nameEn": "Museum of Contemporary Sculpture",
    "family": "museum",
    "kind": "museumFacade",
    "wikidata": null,
    "lon": 139.703086,
    "lat": 35.635951,
    "x": -5735.2,
    "z": 5040,
    "distance": 1056,
    "station": 21,
    "stationName": "Meguro",
    "fromStation": 1170,
    "picked": false
   },
   "geometry": {
    "type": "Point",
    "coordinates": [
     139.703086,
     35.635951
    ]
   }
  },
  {
   "type": "Feature",
   "properties": {
    "id": "osm-way-692591780",
    "osmType": "way",
    "osmId": 692591780,
    "name": "竹早公園",
    "nameEn": "Takehaya Park",
    "family": "park",
    "kind": "forestMass",
    "wikidata": "Q42311681",
    "lon": 139.739626,
    "lat": 35.71714,
    "x": -2447.9,
    "z": -3974.8,
    "distance": 1632,
    "station": 10,
    "stationName": "Sugamo",
    "fromStation": 1799,
    "picked": false
   },
   "geometry": {
    "type": "Point",
    "coordinates": [
     139.739626,
     35.71714
    ]
   }
  },
  {
   "type": "Feature",
   "properties": {
    "id": "osm-way-694228827",
    "osmType": "way",
    "osmId": 694228827,
    "name": "成就院",
    "nameEn": "Jojuin",
    "family": "worship",
    "kind": "templeRoof",
    "wikidata": "Q97182151",
    "lon": 139.710289,
    "lat": 35.627489,
    "x": -5080.9,
    "z": 5977.4,
    "distance": 696,
    "station": 21,
    "stationName": "Meguro",
    "fromStation": 884,
    "picked": false
   },
   "geometry": {
    "type": "Point",
    "coordinates": [
     139.710289,
     35.627489
    ]
   }
  },
  {
   "type": "Feature",
   "properties": {
    "id": "osm-way-695900649",
    "osmType": "way",
    "osmId": 695900649,
    "name": "大圓寺",
    "nameEn": "Daienji",
    "family": "worship",
    "kind": "templeRoof",
    "wikidata": "Q11432581",
    "lon": 139.713741,
    "lat": 35.632796,
    "x": -4769.5,
    "z": 5387.9,
    "distance": 211,
    "station": 21,
    "stationName": "Meguro",
    "fromStation": 234,
    "picked": true
   },
   "geometry": {
    "type": "Point",
    "coordinates": [
     139.713741,
     35.632796
    ]
   }
  },
  {
   "type": "Feature",
   "properties": {
    "id": "osm-way-697201703",
    "osmType": "way",
    "osmId": 697201703,
    "name": "赤坂氷川神社",
    "nameEn": "Akasaka Hikawa Shrine",
    "family": "worship",
    "kind": "templeRoof",
    "wikidata": "Q3135503",
    "lon": 139.735932,
    "lat": 35.668123,
    "x": -2769.1,
    "z": 1464.1,
    "distance": 1997,
    "station": 28,
    "stationName": "Shimbashi",
    "fromStation": 2018,
    "picked": false
   },
   "geometry": {
    "type": "Point",
    "coordinates": [
     139.735932,
     35.668123
    ]
   }
  },
  {
   "type": "Feature",
   "properties": {
    "id": "osm-way-698623646",
    "osmType": "way",
    "osmId": 698623646,
    "name": "諏訪神社",
    "nameEn": null,
    "family": "worship",
    "kind": "templeRoof",
    "wikidata": "Q97216185",
    "lon": 139.767229,
    "lat": 35.730582,
    "x": 45.5,
    "z": -5472.5,
    "distance": 49,
    "station": 7,
    "stationName": "Nishi-Nippori",
    "fromStation": 186,
    "picked": false
   },
   "geometry": {
    "type": "Point",
    "coordinates": [
     139.767229,
     35.730582
    ]
   }
  },
  {
   "type": "Feature",
   "properties": {
    "id": "osm-way-713419270",
    "osmType": "way",
    "osmId": 713419270,
    "name": "日本東京神殿",
    "nameEn": "Tokyo Japan Temple",
    "family": "worship",
    "kind": "templeRoof",
    "wikidata": "Q2036364",
    "lon": 139.724511,
    "lat": 35.652822,
    "x": -3799.1,
    "z": 3164,
    "distance": 1470,
    "station": 20,
    "stationName": "Ebisu",
    "fromStation": 1478,
    "picked": false
   },
   "geometry": {
    "type": "Point",
    "coordinates": [
     139.724511,
     35.652822
    ]
   }
  },
  {
   "type": "Feature",
   "properties": {
    "id": "osm-way-715062821",
    "osmType": "way",
    "osmId": 715062821,
    "name": "氷川神社",
    "nameEn": "Hikawa Shrine",
    "family": "worship",
    "kind": "templeRoof",
    "wikidata": "Q11549612",
    "lon": 139.731057,
    "lat": 35.652902,
    "x": -3206.4,
    "z": 3153.8,
    "distance": 1565,
    "station": 26,
    "stationName": "Tamachi",
    "fromStation": 1701,
    "picked": false
   },
   "geometry": {
    "type": "Point",
    "coordinates": [
     139.731057,
     35.652902
    ]
   }
  },
  {
   "type": "Feature",
   "properties": {
    "id": "osm-way-739472724",
    "osmType": "way",
    "osmId": 739472724,
    "name": "等覚寺",
    "nameEn": null,
    "family": "worship",
    "kind": "templeRoof",
    "wikidata": "Q111974519",
    "lon": 139.784725,
    "lat": 35.71069,
    "x": 1634.6,
    "z": -3270.1,
    "distance": 835,
    "station": 4,
    "stationName": "Ueno",
    "fromStation": 846,
    "picked": false
   },
   "geometry": {
    "type": "Point",
    "coordinates": [
     139.784725,
     35.71069
    ]
   }
  },
  {
   "type": "Feature",
   "properties": {
    "id": "osm-way-740408969",
    "osmType": "way",
    "osmId": 740408969,
    "name": "妙音寺",
    "nameEn": null,
    "family": "worship",
    "kind": "templeRoof",
    "wikidata": "Q22120561",
    "lon": 139.785513,
    "lat": 35.712264,
    "x": 1705.3,
    "z": -3444.9,
    "distance": 794,
    "station": 4,
    "stationName": "Ueno",
    "fromStation": 866,
    "picked": false
   },
   "geometry": {
    "type": "Point",
    "coordinates": [
     139.785513,
     35.712264
    ]
   }
  },
  {
   "type": "Feature",
   "properties": {
    "id": "osm-way-740596699",
    "osmType": "way",
    "osmId": 740596699,
    "name": "坂東報恩寺",
    "nameEn": null,
    "family": "worship",
    "kind": "templeRoof",
    "wikidata": "Q21019507",
    "lon": 139.78482,
    "lat": 35.712952,
    "x": 1642.4,
    "z": -3521.1,
    "distance": 698,
    "station": 4,
    "stationName": "Ueno",
    "fromStation": 794,
    "picked": false
   },
   "geometry": {
    "type": "Point",
    "coordinates": [
     139.78482,
     35.712952
    ]
   }
  },
  {
   "type": "Feature",
   "properties": {
    "id": "osm-way-740941451",
    "osmType": "way",
    "osmId": 740941451,
    "name": "秋葉神社",
    "nameEn": null,
    "family": "worship",
    "kind": "templeRoof",
    "wikidata": "Q11595842",
    "lon": 139.78591,
    "lat": 35.716502,
    "x": 1740,
    "z": -3915.2,
    "distance": 599,
    "station": 5,
    "stationName": "Uguisudani",
    "fromStation": 926,
    "picked": false
   },
   "geometry": {
    "type": "Point",
    "coordinates": [
     139.78591,
     35.716502
    ]
   }
  },
  {
   "type": "Feature",
   "properties": {
    "id": "osm-way-740993331",
    "osmType": "way",
    "osmId": 740993331,
    "name": "美竹公園",
    "nameEn": "Mitake Park",
    "family": "park",
    "kind": "forestMass",
    "wikidata": "Q42312074",
    "lon": 139.703141,
    "lat": 35.66186,
    "x": -5736.2,
    "z": 2165.5,
    "distance": 158,
    "station": 19,
    "stationName": "Shibuya",
    "fromStation": 438,
    "picked": false
   },
   "geometry": {
    "type": "Point",
    "coordinates": [
     139.703141,
     35.66186
    ]
   }
  },
  {
   "type": "Feature",
   "properties": {
    "id": "osm-way-744348814",
    "osmType": "way",
    "osmId": 744348814,
    "name": "増上寺",
    "nameEn": "Zōjōji",
    "family": "worship",
    "kind": "templeRoof",
    "wikidata": "Q249139",
    "lon": 139.748212,
    "lat": 35.657191,
    "x": -1654.2,
    "z": 2674.2,
    "distance": 830,
    "station": 27,
    "stationName": "Hamamatsucho",
    "fromStation": 831,
    "picked": false
   },
   "geometry": {
    "type": "Point",
    "coordinates": [
     139.748212,
     35.657191
    ]
   }
  },
  {
   "type": "Feature",
   "properties": {
    "id": "osm-way-744424319",
    "osmType": "way",
    "osmId": 744424319,
    "name": "宋雲院",
    "nameEn": null,
    "family": "worship",
    "kind": "templeRoof",
    "wikidata": "Q106222898",
    "lon": 139.780309,
    "lat": 35.712198,
    "x": 1234.5,
    "z": -3436.2,
    "distance": 408,
    "station": 4,
    "stationName": "Ueno",
    "fromStation": 413,
    "picked": false
   },
   "geometry": {
    "type": "Point",
    "coordinates": [
     139.780309,
     35.712198
    ]
   }
  },
  {
   "type": "Feature",
   "properties": {
    "id": "osm-way-755423586",
    "osmType": "way",
    "osmId": 755423586,
    "name": "佐伯祐三アトリエ記念館",
    "nameEn": "Saeki Yuzo Atelier Memorial Museum",
    "family": "museum",
    "kind": "museumFacade",
    "wikidata": "Q11382880",
    "lon": 139.693617,
    "lat": 35.720884,
    "x": -6611.4,
    "z": -4381,
    "distance": 1114,
    "station": 13,
    "stationName": "Mejiro",
    "fromStation": 1167,
    "picked": false
   },
   "geometry": {
    "type": "Point",
    "coordinates": [
     139.693617,
     35.720884
    ]
   }
  },
  {
   "type": "Feature",
   "properties": {
    "id": "osm-way-756134057",
    "osmType": "way",
    "osmId": 756134057,
    "name": "臨済宗 霊梅寺",
    "nameEn": null,
    "family": "worship",
    "kind": "templeRoof",
    "wikidata": "Q111695876",
    "lon": 139.787573,
    "lat": 35.714978,
    "x": 1890.9,
    "z": -3746.6,
    "distance": 797,
    "station": 4,
    "stationName": "Ueno",
    "fromStation": 1051,
    "picked": false
   },
   "geometry": {
    "type": "Point",
    "coordinates": [
     139.787573,
     35.714978
    ]
   }
  },
  {
   "type": "Feature",
   "properties": {
    "id": "osm-way-760092562",
    "osmType": "way",
    "osmId": 760092562,
    "name": "法福寺",
    "nameEn": null,
    "family": "worship",
    "kind": "templeRoof",
    "wikidata": "Q106836815",
    "lon": 139.734012,
    "lat": 35.740151,
    "x": -2961.9,
    "z": -6526.5,
    "distance": 894,
    "station": 10,
    "stationName": "Sugamo",
    "fromStation": 900,
    "picked": false
   },
   "geometry": {
    "type": "Point",
    "coordinates": [
     139.734012,
     35.740151
    ]
   }
  },
  {
   "type": "Feature",
   "properties": {
    "id": "osm-way-769043842",
    "osmType": "way",
    "osmId": 769043842,
    "name": "築土神社",
    "nameEn": "Tsukudo Jinja",
    "family": "worship",
    "kind": "templeRoof",
    "wikidata": "Q11603463",
    "lon": 139.749977,
    "lat": 35.696061,
    "x": -1505.4,
    "z": -1638.5,
    "distance": 1952,
    "station": 1,
    "stationName": "Kanda",
    "fromStation": 1958,
    "picked": false
   },
   "geometry": {
    "type": "Point",
    "coordinates": [
     139.749977,
     35.696061
    ]
   }
  },
  {
   "type": "Feature",
   "properties": {
    "id": "osm-way-769199765",
    "osmType": "way",
    "osmId": 769199765,
    "name": "地蔵院",
    "nameEn": null,
    "family": "worship",
    "kind": "templeRoof",
    "wikidata": "Q111968184",
    "lon": 139.784086,
    "lat": 35.70899,
    "x": 1577.3,
    "z": -3081.3,
    "distance": 833,
    "station": 4,
    "stationName": "Ueno",
    "fromStation": 886,
    "picked": false
   },
   "geometry": {
    "type": "Point",
    "coordinates": [
     139.784086,
     35.70899
    ]
   }
  },
  {
   "type": "Feature",
   "properties": {
    "id": "osm-way-769201182",
    "osmType": "way",
    "osmId": 769201182,
    "name": "長遠寺",
    "nameEn": "Chōon-ji Temple",
    "family": "worship",
    "kind": "templeRoof",
    "wikidata": "Q29408082",
    "lon": 139.784132,
    "lat": 35.709531,
    "x": 1581.3,
    "z": -3141.4,
    "distance": 839,
    "station": 4,
    "stationName": "Ueno",
    "fromStation": 857,
    "picked": false
   },
   "geometry": {
    "type": "Point",
    "coordinates": [
     139.784132,
     35.709531
    ]
   }
  },
  {
   "type": "Feature",
   "properties": {
    "id": "osm-way-775075067",
    "osmType": "way",
    "osmId": 775075067,
    "name": "本妙寺",
    "nameEn": "Honmyōji Temple",
    "family": "worship",
    "kind": "templeRoof",
    "wikidata": "Q11520109",
    "lon": 139.735193,
    "lat": 35.739492,
    "x": -2854.9,
    "z": -6453.6,
    "distance": 781,
    "station": 10,
    "stationName": "Sugamo",
    "fromStation": 782,
    "picked": false
   },
   "geometry": {
    "type": "Point",
    "coordinates": [
     139.735193,
     35.739492
    ]
   }
  },
  {
   "type": "Feature",
   "properties": {
    "id": "osm-way-776489693",
    "osmType": "way",
    "osmId": 776489693,
    "name": "としまみどりの防災公園",
    "nameEn": "Toshima Midori Disaster Prevention Park",
    "family": "park",
    "kind": "forestMass",
    "wikidata": "Q106707534",
    "lon": 139.722286,
    "lat": 35.727528,
    "x": -4019.4,
    "z": -5123.6,
    "distance": 609,
    "station": 11,
    "stationName": "Otsuka",
    "fromStation": 730,
    "picked": true
   },
   "geometry": {
    "type": "Point",
    "coordinates": [
     139.722286,
     35.727528
    ]
   }
  },
  {
   "type": "Feature",
   "properties": {
    "id": "osm-way-785344219",
    "osmType": "way",
    "osmId": 785344219,
    "name": "経王寺",
    "nameEn": null,
    "family": "worship",
    "kind": "templeRoof",
    "wikidata": "Q111974209",
    "lon": 139.78414,
    "lat": 35.710358,
    "x": 1581.8,
    "z": -3233.1,
    "distance": 810,
    "station": 4,
    "stationName": "Ueno",
    "fromStation": 813,
    "picked": false
   },
   "geometry": {
    "type": "Point",
    "coordinates": [
     139.78414,
     35.710358
    ]
   }
  },
  {
   "type": "Feature",
   "properties": {
    "id": "osm-way-792111564",
    "osmType": "way",
    "osmId": 792111564,
    "name": "法蔵院",
    "nameEn": "Hohzoh-in",
    "family": "worship",
    "kind": "templeRoof",
    "wikidata": "Q111737889",
    "lon": 139.768702,
    "lat": 35.721615,
    "x": 181.5,
    "z": -4478,
    "distance": 624,
    "station": 6,
    "stationName": "Nippori",
    "fromStation": 722,
    "picked": false
   },
   "geometry": {
    "type": "Point",
    "coordinates": [
     139.768702,
     35.721615
    ]
   }
  },
  {
   "type": "Feature",
   "properties": {
    "id": "osm-way-792111567",
    "osmType": "way",
    "osmId": 792111567,
    "name": "佛心寺",
    "nameEn": "Busshin-ji",
    "family": "worship",
    "kind": "templeRoof",
    "wikidata": "Q30929088",
    "lon": 139.76818,
    "lat": 35.720475,
    "x": 134.5,
    "z": -4351.5,
    "distance": 744,
    "station": 6,
    "stationName": "Nippori",
    "fromStation": 856,
    "picked": false
   },
   "geometry": {
    "type": "Point",
    "coordinates": [
     139.76818,
     35.720475
    ]
   }
  },
  {
   "type": "Feature",
   "properties": {
    "id": "osm-way-792111568",
    "osmType": "way",
    "osmId": 792111568,
    "name": "妙泉寺",
    "nameEn": "Myohsen-ji",
    "family": "worship",
    "kind": "templeRoof",
    "wikidata": "Q111772013",
    "lon": 139.768341,
    "lat": 35.720745,
    "x": 149.1,
    "z": -4381.4,
    "distance": 714,
    "station": 6,
    "stationName": "Nippori",
    "fromStation": 823,
    "picked": false
   },
   "geometry": {
    "type": "Point",
    "coordinates": [
     139.768341,
     35.720745
    ]
   }
  },
  {
   "type": "Feature",
   "properties": {
    "id": "osm-way-792111569",
    "osmType": "way",
    "osmId": 792111569,
    "name": "本光寺",
    "nameEn": "Honkoh-ji",
    "family": "worship",
    "kind": "templeRoof",
    "wikidata": "Q30932484",
    "lon": 139.768652,
    "lat": 35.720488,
    "x": 177.3,
    "z": -4353,
    "distance": 711,
    "station": 6,
    "stationName": "Nippori",
    "fromStation": 845,
    "picked": false
   },
   "geometry": {
    "type": "Point",
    "coordinates": [
     139.768652,
     35.720488
    ]
   }
  },
  {
   "type": "Feature",
   "properties": {
    "id": "osm-way-792111570",
    "osmType": "way",
    "osmId": 792111570,
    "name": "上聖寺",
    "nameEn": "Johsho-ji",
    "family": "worship",
    "kind": "templeRoof",
    "wikidata": "Q30929080",
    "lon": 139.768406,
    "lat": 35.72031,
    "x": 155,
    "z": -4333.2,
    "distance": 741,
    "station": 6,
    "stationName": "Nippori",
    "fromStation": 869,
    "picked": false
   },
   "geometry": {
    "type": "Point",
    "coordinates": [
     139.768406,
     35.72031
    ]
   }
  },
  {
   "type": "Feature",
   "properties": {
    "id": "osm-way-792111574",
    "osmType": "way",
    "osmId": 792111574,
    "name": "妙情寺",
    "nameEn": "Myohjoh-ji",
    "family": "worship",
    "kind": "templeRoof",
    "wikidata": "Q30932042",
    "lon": 139.76814,
    "lat": 35.720111,
    "x": 131,
    "z": -4311.1,
    "distance": 774,
    "station": 6,
    "stationName": "Nippori",
    "fromStation": 896,
    "picked": false
   },
   "geometry": {
    "type": "Point",
    "coordinates": [
     139.76814,
     35.720111
    ]
   }
  },
  {
   "type": "Feature",
   "properties": {
    "id": "osm-way-792111575",
    "osmType": "way",
    "osmId": 792111575,
    "name": "信行寺",
    "nameEn": "Shingyoh-ji",
    "family": "worship",
    "kind": "templeRoof",
    "wikidata": "Q111771560",
    "lon": 139.767876,
    "lat": 35.719929,
    "x": 107.3,
    "z": -4290.8,
    "distance": 805,
    "station": 6,
    "stationName": "Nippori",
    "fromStation": 921,
    "picked": false
   },
   "geometry": {
    "type": "Point",
    "coordinates": [
     139.767876,
     35.719929
    ]
   }
  },
  {
   "type": "Feature",
   "properties": {
    "id": "osm-way-792111585",
    "osmType": "way",
    "osmId": 792111585,
    "name": "一乗寺",
    "nameEn": "Ichijoji",
    "family": "worship",
    "kind": "templeRoof",
    "wikidata": "Q30932455",
    "lon": 139.769026,
    "lat": 35.720946,
    "x": 211,
    "z": -4403.9,
    "distance": 652,
    "station": 6,
    "stationName": "Nippori",
    "fromStation": 789,
    "picked": false
   },
   "geometry": {
    "type": "Point",
    "coordinates": [
     139.769026,
     35.720946
    ]
   }
  },
  {
   "type": "Feature",
   "properties": {
    "id": "osm-way-818102912",
    "osmType": "way",
    "osmId": 818102912,
    "name": "圓乘寺",
    "nameEn": "Enjōji",
    "family": "worship",
    "kind": "templeRoof",
    "wikidata": "Q11394729",
    "lon": 139.752508,
    "lat": 35.720634,
    "x": -1283.3,
    "z": -4365.3,
    "distance": 1773,
    "station": 7,
    "stationName": "Nishi-Nippori",
    "fromStation": 1811,
    "picked": false
   },
   "geometry": {
    "type": "Point",
    "coordinates": [
     139.752508,
     35.720634
    ]
   }
  },
  {
   "type": "Feature",
   "properties": {
    "id": "osm-way-819161140",
    "osmType": "way",
    "osmId": 819161140,
    "name": "兜町・茅場町まちかど展示館",
    "nameEn": "Kabutocho Kayabacho Machikado Museum",
    "family": "museum",
    "kind": "museumFacade",
    "wikidata": null,
    "lon": 139.777219,
    "lat": 35.679595,
    "x": 965.1,
    "z": 181.6,
    "distance": 972,
    "station": 0,
    "stationName": "Tokyo",
    "fromStation": 982,
    "picked": false
   },
   "geometry": {
    "type": "Point",
    "coordinates": [
     139.777219,
     35.679595
    ]
   }
  },
  {
   "type": "Feature",
   "properties": {
    "id": "osm-way-819543472",
    "osmType": "way",
    "osmId": 819543472,
    "name": "末廣神社",
    "nameEn": "Suehiro Shrine",
    "family": "worship",
    "kind": "templeRoof",
    "wikidata": "Q111838589",
    "lon": 139.784052,
    "lat": 35.686856,
    "x": 1581.4,
    "z": -625.7,
    "distance": 1297,
    "station": 1,
    "stationName": "Kanda",
    "fromStation": 1304,
    "picked": false
   },
   "geometry": {
    "type": "Point",
    "coordinates": [
     139.784052,
     35.686856
    ]
   }
  },
  {
   "type": "Feature",
   "properties": {
    "id": "osm-way-821568880",
    "osmType": "way",
    "osmId": 821568880,
    "name": "神田感応寺",
    "nameEn": "Kanda Kannōji",
    "family": "worship",
    "kind": "templeRoof",
    "wikidata": "Q43593694",
    "lon": 139.770031,
    "lat": 35.72206,
    "x": 301.6,
    "z": -4527.8,
    "distance": 502,
    "station": 6,
    "stationName": "Nippori",
    "fromStation": 657,
    "picked": false
   },
   "geometry": {
    "type": "Point",
    "coordinates": [
     139.770031,
     35.72206
    ]
   }
  },
  {
   "type": "Feature",
   "properties": {
    "id": "osm-way-830286353",
    "osmType": "way",
    "osmId": 830286353,
    "name": "吉原弁財天",
    "nameEn": "Yoshiwara Benzaiten",
    "family": "worship",
    "kind": "templeRoof",
    "wikidata": "Q109063741",
    "lon": 139.793192,
    "lat": 35.721771,
    "x": 2397,
    "z": -4501.7,
    "distance": 1252,
    "station": 5,
    "stationName": "Uguisudani",
    "fromStation": 1383,
    "picked": false
   },
   "geometry": {
    "type": "Point",
    "coordinates": [
     139.793192,
     35.721771
    ]
   }
  },
  {
   "type": "Feature",
   "properties": {
    "id": "osm-way-831174910",
    "osmType": "way",
    "osmId": 831174910,
    "name": "西徳寺",
    "nameEn": "Saitokuji",
    "family": "worship",
    "kind": "templeRoof",
    "wikidata": "Q17224101",
    "lon": 139.790429,
    "lat": 35.723418,
    "x": 2146.5,
    "z": -4683.7,
    "distance": 1063,
    "station": 5,
    "stationName": "Uguisudani",
    "fromStation": 1149,
    "picked": false
   },
   "geometry": {
    "type": "Point",
    "coordinates": [
     139.790429,
     35.723418
    ]
   }
  },
  {
   "type": "Feature",
   "properties": {
    "id": "osm-way-831174925",
    "osmType": "way",
    "osmId": 831174925,
    "name": "吉原神社",
    "nameEn": "Yoshiwara Jinja",
    "family": "worship",
    "kind": "templeRoof",
    "wikidata": "Q106852454",
    "lon": 139.793355,
    "lat": 35.722845,
    "x": 2411.4,
    "z": -4620.9,
    "distance": 1295,
    "station": 5,
    "stationName": "Uguisudani",
    "fromStation": 1404,
    "picked": false
   },
   "geometry": {
    "type": "Point",
    "coordinates": [
     139.793355,
     35.722845
    ]
   }
  },
  {
   "type": "Feature",
   "properties": {
    "id": "osm-way-831174934",
    "osmType": "way",
    "osmId": 831174934,
    "name": "鷲神社",
    "nameEn": "Otori Shrine",
    "family": "worship",
    "kind": "templeRoof",
    "wikidata": "Q11676284",
    "lon": 139.791694,
    "lat": 35.722531,
    "x": 2261.2,
    "z": -4585.6,
    "distance": 1141,
    "station": 5,
    "stationName": "Uguisudani",
    "fromStation": 1251,
    "picked": false
   },
   "geometry": {
    "type": "Point",
    "coordinates": [
     139.791694,
     35.722531
    ]
   }
  },
  {
   "type": "Feature",
   "properties": {
    "id": "osm-way-839633678",
    "osmType": "way",
    "osmId": 839633678,
    "name": "永見寺",
    "nameEn": null,
    "family": "worship",
    "kind": "templeRoof",
    "wikidata": "Q111991830",
    "lon": 139.788638,
    "lat": 35.709553,
    "x": 1989,
    "z": -3144.9,
    "distance": 1199,
    "station": 4,
    "stationName": "Ueno",
    "fromStation": 1221,
    "picked": false
   },
   "geometry": {
    "type": "Point",
    "coordinates": [
     139.788638,
     35.709553
    ]
   }
  },
  {
   "type": "Feature",
   "properties": {
    "id": "osm-way-844286231",
    "osmType": "way",
    "osmId": 844286231,
    "name": "成願寺",
    "nameEn": "Joganji",
    "family": "worship",
    "kind": "templeRoof",
    "wikidata": "Q11495806",
    "lon": 139.681788,
    "lat": 35.694052,
    "x": -7676.1,
    "z": -1402.1,
    "distance": 1598,
    "station": 16,
    "stationName": "Shinjuku",
    "fromStation": 1770,
    "picked": false
   },
   "geometry": {
    "type": "Point",
    "coordinates": [
     139.681788,
     35.694052
    ]
   }
  },
  {
   "type": "Feature",
   "properties": {
    "id": "osm-way-852028816",
    "osmType": "way",
    "osmId": 852028816,
    "name": "善慶寺",
    "nameEn": null,
    "family": "worship",
    "kind": "templeRoof",
    "wikidata": "Q120973909",
    "lon": 139.718093,
    "lat": 35.691741,
    "x": -4389.8,
    "z": -1152.4,
    "distance": 1633,
    "station": 16,
    "stationName": "Shinjuku",
    "fromStation": 1637,
    "picked": false
   },
   "geometry": {
    "type": "Point",
    "coordinates": [
     139.718093,
     35.691741
    ]
   }
  },
  {
   "type": "Feature",
   "properties": {
    "id": "osm-way-856209833",
    "osmType": "way",
    "osmId": 856209833,
    "name": "泉岳寺",
    "nameEn": "Sengakuji Temple",
    "family": "worship",
    "kind": "templeRoof",
    "wikidata": "Q3176144",
    "lon": 139.736074,
    "lat": 35.6374,
    "x": -2748,
    "z": 4872.5,
    "distance": 452,
    "station": 25,
    "stationName": "Takanawa Gateway",
    "fromStation": 458,
    "picked": false
   },
   "geometry": {
    "type": "Point",
    "coordinates": [
     139.736074,
     35.6374
    ]
   }
  },
  {
   "type": "Feature",
   "properties": {
    "id": "osm-way-857527208",
    "osmType": "way",
    "osmId": 857527208,
    "name": "不老山寿松院",
    "nameEn": null,
    "family": "worship",
    "kind": "templeRoof",
    "wikidata": "Q107391065",
    "lon": 139.787015,
    "lat": 35.702477,
    "x": 1844.5,
    "z": -2359.5,
    "distance": 1179,
    "station": 3,
    "stationName": "Okachimachi",
    "fromStation": 1228,
    "picked": false
   },
   "geometry": {
    "type": "Point",
    "coordinates": [
     139.787015,
     35.702477
    ]
   }
  },
  {
   "type": "Feature",
   "properties": {
    "id": "osm-way-859751371",
    "osmType": "way",
    "osmId": 859751371,
    "name": "仲見世商店街",
    "nameEn": "Nakamise Shopping Street",
    "family": "historic",
    "kind": "museumFacade",
    "wikidata": "Q107583845",
    "lon": 139.796502,
    "lat": 35.712388,
    "x": 2699.6,
    "z": -3461.6,
    "distance": 1653,
    "station": 4,
    "stationName": "Ueno",
    "fromStation": 1852,
    "picked": false
   },
   "geometry": {
    "type": "Point",
    "coordinates": [
     139.796502,
     35.712388
    ]
   }
  },
  {
   "type": "Feature",
   "properties": {
    "id": "osm-way-860559019",
    "osmType": "way",
    "osmId": 860559019,
    "name": "合羽橋道具街",
    "nameEn": "Kappabashi Kitchenware Town",
    "family": "historic",
    "kind": "museumFacade",
    "wikidata": "Q2977163",
    "lon": 139.788794,
    "lat": 35.714262,
    "x": 2001.6,
    "z": -3667.5,
    "distance": 929,
    "station": 4,
    "stationName": "Ueno",
    "fromStation": 1152,
    "picked": false
   },
   "geometry": {
    "type": "Point",
    "coordinates": [
     139.788794,
     35.714262
    ]
   }
  },
  {
   "type": "Feature",
   "properties": {
    "id": "osm-way-865500039",
    "osmType": "way",
    "osmId": 865500039,
    "name": "鹽竈神社",
    "nameEn": null,
    "family": "worship",
    "kind": "templeRoof",
    "wikidata": "Q97376118",
    "lon": 139.754526,
    "lat": 35.663154,
    "x": -1084.3,
    "z": 2011.2,
    "distance": 362,
    "station": 28,
    "stationName": "Shimbashi",
    "fromStation": 464,
    "picked": false
   },
   "geometry": {
    "type": "Point",
    "coordinates": [
     139.754526,
     35.663154
    ]
   }
  },
  {
   "type": "Feature",
   "properties": {
    "id": "osm-way-880160311",
    "osmType": "way",
    "osmId": 880160311,
    "name": "妙経寺",
    "nameEn": null,
    "family": "worship",
    "kind": "templeRoof",
    "wikidata": "Q111918226",
    "lon": 139.783506,
    "lat": 35.710018,
    "x": 1524.5,
    "z": -3195.3,
    "distance": 780,
    "station": 4,
    "stationName": "Ueno",
    "fromStation": 780,
    "picked": false
   },
   "geometry": {
    "type": "Point",
    "coordinates": [
     139.783506,
     35.710018
    ]
   }
  },
  {
   "type": "Feature",
   "properties": {
    "id": "osm-way-886457720",
    "osmType": "way",
    "osmId": 886457720,
    "name": "華蔵院",
    "nameEn": null,
    "family": "worship",
    "kind": "templeRoof",
    "wikidata": "Q111944211",
    "lon": 139.783147,
    "lat": 35.708765,
    "x": 1492.4,
    "z": -3056.1,
    "distance": 748,
    "station": 3,
    "stationName": "Okachimachi",
    "fromStation": 798,
    "picked": false
   },
   "geometry": {
    "type": "Point",
    "coordinates": [
     139.783147,
     35.708765
    ]
   }
  },
  {
   "type": "Feature",
   "properties": {
    "id": "osm-way-898450740",
    "osmType": "way",
    "osmId": 898450740,
    "name": "代々木西原公園",
    "nameEn": null,
    "family": "park",
    "kind": "forestMass",
    "wikidata": "Q42311977",
    "lon": 139.684392,
    "lat": 35.673642,
    "x": -7436.2,
    "z": 861.7,
    "distance": 1678,
    "station": 18,
    "stationName": "Harajuku",
    "fromStation": 1680,
    "picked": false
   },
   "geometry": {
    "type": "Point",
    "coordinates": [
     139.684392,
     35.673642
    ]
   }
  },
  {
   "type": "Feature",
   "properties": {
    "id": "osm-way-914133670",
    "osmType": "way",
    "osmId": 914133670,
    "name": "下町風俗資料館付設展示場",
    "nameEn": "Shitamachi Museum Exhibition Hall",
    "family": "museum",
    "kind": "museumFacade",
    "wikidata": "Q59268117",
    "lon": 139.771005,
    "lat": 35.721305,
    "x": 389.9,
    "z": -4444.3,
    "distance": 491,
    "station": 5,
    "stationName": "Uguisudani",
    "fromStation": 626,
    "picked": false
   },
   "geometry": {
    "type": "Point",
    "coordinates": [
     139.771005,
     35.721305
    ]
   }
  },
  {
   "type": "Feature",
   "properties": {
    "id": "osm-way-919715236",
    "osmType": "way",
    "osmId": 919715236,
    "name": "吉祥院",
    "nameEn": null,
    "family": "worship",
    "kind": "templeRoof",
    "wikidata": "Q111983283",
    "lon": 139.784722,
    "lat": 35.709902,
    "x": 1634.6,
    "z": -3182.7,
    "distance": 881,
    "station": 4,
    "stationName": "Ueno",
    "fromStation": 883,
    "picked": false
   },
   "geometry": {
    "type": "Point",
    "coordinates": [
     139.784722,
     35.709902
    ]
   }
  },
  {
   "type": "Feature",
   "properties": {
    "id": "osm-way-945764300",
    "osmType": "way",
    "osmId": 945764300,
    "name": "稱念寺",
    "nameEn": null,
    "family": "worship",
    "kind": "templeRoof",
    "wikidata": "Q106836988",
    "lon": 139.78591,
    "lat": 35.708461,
    "x": 1742.6,
    "z": -3023.1,
    "distance": 998,
    "station": 3,
    "stationName": "Okachimachi",
    "fromStation": 1036,
    "picked": false
   },
   "geometry": {
    "type": "Point",
    "coordinates": [
     139.78591,
     35.708461
    ]
   }
  },
  {
   "type": "Feature",
   "properties": {
    "id": "osm-way-945768356",
    "osmType": "way",
    "osmId": 945768356,
    "name": "観蔵院",
    "nameEn": null,
    "family": "worship",
    "kind": "templeRoof",
    "wikidata": "Q112137001",
    "lon": 139.785449,
    "lat": 35.708405,
    "x": 1700.8,
    "z": -3016.8,
    "distance": 957,
    "station": 3,
    "stationName": "Okachimachi",
    "fromStation": 994,
    "picked": false
   },
   "geometry": {
    "type": "Point",
    "coordinates": [
     139.785449,
     35.708405
    ]
   }
  },
  {
   "type": "Feature",
   "properties": {
    "id": "osm-way-953736098",
    "osmType": "way",
    "osmId": 953736098,
    "name": "龍隠山 松源禅寺",
    "nameEn": null,
    "family": "worship",
    "kind": "templeRoof",
    "wikidata": "Q111694746",
    "lon": 139.788194,
    "lat": 35.71349,
    "x": 1947.6,
    "z": -3581.6,
    "distance": 919,
    "station": 4,
    "stationName": "Ueno",
    "fromStation": 1096,
    "picked": false
   },
   "geometry": {
    "type": "Point",
    "coordinates": [
     139.788194,
     35.71349
    ]
   }
  },
  {
   "type": "Feature",
   "properties": {
    "id": "osm-way-953738420",
    "osmType": "way",
    "osmId": 953738420,
    "name": "矢先稲荷神社",
    "nameEn": "Yasaki Inari Shrine",
    "family": "worship",
    "kind": "templeRoof",
    "wikidata": "Q106852399",
    "lon": 139.787652,
    "lat": 35.713526,
    "x": 1898.5,
    "z": -3585.5,
    "distance": 874,
    "station": 4,
    "stationName": "Ueno",
    "fromStation": 1047,
    "picked": false
   },
   "geometry": {
    "type": "Point",
    "coordinates": [
     139.787652,
     35.713526
    ]
   }
  },
  {
   "type": "Feature",
   "properties": {
    "id": "osm-way-961269320",
    "osmType": "way",
    "osmId": 961269320,
    "name": "成覚寺",
    "nameEn": "Jokakuji",
    "family": "worship",
    "kind": "templeRoof",
    "wikidata": "Q11495784",
    "lon": 139.709294,
    "lat": 35.691175,
    "x": -5186,
    "z": -1087.8,
    "distance": 839,
    "station": 16,
    "stationName": "Shinjuku",
    "fromStation": 847,
    "picked": false
   },
   "geometry": {
    "type": "Point",
    "coordinates": [
     139.709294,
     35.691175
    ]
   }
  },
  {
   "type": "Feature",
   "properties": {
    "id": "osm-way-971499148",
    "osmType": "way",
    "osmId": 971499148,
    "name": "白山公園",
    "nameEn": "Hakusan Park",
    "family": "park",
    "kind": "forestMass",
    "wikidata": "Q42311706",
    "lon": 139.750382,
    "lat": 35.721677,
    "x": -1476,
    "z": -4480.6,
    "distance": 1602,
    "station": 10,
    "stationName": "Sugamo",
    "fromStation": 1630,
    "picked": false
   },
   "geometry": {
    "type": "Point",
    "coordinates": [
     139.750382,
     35.721677
    ]
   }
  },
  {
   "type": "Feature",
   "properties": {
    "id": "osm-way-984711639",
    "osmType": "way",
    "osmId": 984711639,
    "name": "荘嚴寺",
    "nameEn": null,
    "family": "worship",
    "kind": "templeRoof",
    "wikidata": "Q11618896",
    "lon": 139.684219,
    "lat": 35.685042,
    "x": -7454.1,
    "z": -402.9,
    "distance": 1518,
    "station": 16,
    "stationName": "Shinjuku",
    "fromStation": 1522,
    "picked": false
   },
   "geometry": {
    "type": "Point",
    "coordinates": [
     139.684219,
     35.685042
    ]
   }
  },
  {
   "type": "Feature",
   "properties": {
    "id": "osm-way-988795984",
    "osmType": "way",
    "osmId": 988795984,
    "name": "正定寺",
    "nameEn": null,
    "family": "worship",
    "kind": "templeRoof",
    "wikidata": "Q111695253",
    "lon": 139.78809,
    "lat": 35.712593,
    "x": 1938.4,
    "z": -3482.1,
    "distance": 962,
    "station": 4,
    "stationName": "Ueno",
    "fromStation": 1092,
    "picked": false
   },
   "geometry": {
    "type": "Point",
    "coordinates": [
     139.78809,
     35.712593
    ]
   }
  },
  {
   "type": "Feature",
   "properties": {
    "id": "osm-way-988797667",
    "osmType": "way",
    "osmId": 988797667,
    "name": "聖徳寺",
    "nameEn": null,
    "family": "worship",
    "kind": "templeRoof",
    "wikidata": "Q111694098",
    "lon": 139.786576,
    "lat": 35.71275,
    "x": 1801.4,
    "z": -3499.1,
    "distance": 840,
    "station": 4,
    "stationName": "Ueno",
    "fromStation": 954,
    "picked": false
   },
   "geometry": {
    "type": "Point",
    "coordinates": [
     139.786576,
     35.71275
    ]
   }
  },
  {
   "type": "Feature",
   "properties": {
    "id": "osm-way-1005286851",
    "osmType": "way",
    "osmId": 1005286851,
    "name": "宝池山 眞龍寺",
    "nameEn": null,
    "family": "worship",
    "kind": "templeRoof",
    "wikidata": "Q111695224",
    "lon": 139.788039,
    "lat": 35.71308,
    "x": 1933.7,
    "z": -3536.1,
    "distance": 929,
    "station": 4,
    "stationName": "Ueno",
    "fromStation": 1083,
    "picked": false
   },
   "geometry": {
    "type": "Point",
    "coordinates": [
     139.788039,
     35.71308
    ]
   }
  },
  {
   "type": "Feature",
   "properties": {
    "id": "osm-way-1006745541",
    "osmType": "way",
    "osmId": 1006745541,
    "name": "廣大寺",
    "nameEn": null,
    "family": "worship",
    "kind": "templeRoof",
    "wikidata": "Q111693924",
    "lon": 139.785628,
    "lat": 35.711149,
    "x": 1716.1,
    "z": -3321.3,
    "distance": 874,
    "station": 4,
    "stationName": "Ueno",
    "fromStation": 905,
    "picked": false
   },
   "geometry": {
    "type": "Point",
    "coordinates": [
     139.785628,
     35.711149
    ]
   }
  },
  {
   "type": "Feature",
   "properties": {
    "id": "osm-way-1025663746",
    "osmType": "way",
    "osmId": 1025663746,
    "name": "宗慶寺",
    "nameEn": null,
    "family": "worship",
    "kind": "templeRoof",
    "wikidata": "Q111829532",
    "lon": 139.78416,
    "lat": 35.721925,
    "x": 1579.8,
    "z": -4516.4,
    "distance": 477,
    "station": 5,
    "stationName": "Uguisudani",
    "fromStation": 567,
    "picked": false
   },
   "geometry": {
    "type": "Point",
    "coordinates": [
     139.78416,
     35.721925
    ]
   }
  },
  {
   "type": "Feature",
   "properties": {
    "id": "osm-way-1041883604",
    "osmType": "way",
    "osmId": 1041883604,
    "name": "御行の松 不動尊",
    "nameEn": null,
    "family": "worship",
    "kind": "templeRoof",
    "wikidata": "Q111837018",
    "lon": 139.782106,
    "lat": 35.725407,
    "x": 1393,
    "z": -4902.1,
    "distance": 559,
    "station": 5,
    "stationName": "Uguisudani",
    "fromStation": 560,
    "picked": false
   },
   "geometry": {
    "type": "Point",
    "coordinates": [
     139.782106,
     35.725407
    ]
   }
  },
  {
   "type": "Feature",
   "properties": {
    "id": "osm-way-1047437520",
    "osmType": "way",
    "osmId": 1047437520,
    "name": "天嶽院",
    "nameEn": null,
    "family": "worship",
    "kind": "templeRoof",
    "wikidata": "Q106646214",
    "lon": 139.791,
    "lat": 35.714908,
    "x": 2201,
    "z": -3739.7,
    "distance": 1091,
    "station": 4,
    "stationName": "Ueno",
    "fromStation": 1357,
    "picked": false
   },
   "geometry": {
    "type": "Point",
    "coordinates": [
     139.791,
     35.714908
    ]
   }
  },
  {
   "type": "Feature",
   "properties": {
    "id": "osm-way-1135849071",
    "osmType": "way",
    "osmId": 1135849071,
    "name": "明治神宮ミュージアム",
    "nameEn": "Meiji Shrine Museum",
    "family": "museum",
    "kind": "museumFacade",
    "wikidata": "Q127692420",
    "lon": 139.702148,
    "lat": 35.672314,
    "x": -5828.5,
    "z": 1005.9,
    "distance": 72,
    "station": 18,
    "stationName": "Harajuku",
    "fromStation": 235,
    "picked": true
   },
   "geometry": {
    "type": "Point",
    "coordinates": [
     139.702148,
     35.672314
    ]
   }
  },
  {
   "type": "Feature",
   "properties": {
    "id": "osm-way-1158739446",
    "osmType": "way",
    "osmId": 1158739446,
    "name": "大養寺",
    "nameEn": null,
    "family": "worship",
    "kind": "templeRoof",
    "wikidata": "Q65258896",
    "lon": 139.742388,
    "lat": 35.662559,
    "x": -2183,
    "z": 2079.9,
    "distance": 1462,
    "station": 28,
    "stationName": "Shimbashi",
    "fromStation": 1476,
    "picked": false
   },
   "geometry": {
    "type": "Point",
    "coordinates": [
     139.742388,
     35.662559
    ]
   }
  },
  {
   "type": "Feature",
   "properties": {
    "id": "osm-way-1178554981",
    "osmType": "way",
    "osmId": 1178554981,
    "name": "花房稲荷神社",
    "nameEn": "Hanabusa Inari Shrine",
    "family": "worship",
    "kind": "templeRoof",
    "wikidata": "Q28690062",
    "lon": 139.77204,
    "lat": 35.701331,
    "x": 489.7,
    "z": -2228.6,
    "distance": 123,
    "station": 2,
    "stationName": "Akihabara",
    "fromStation": 341,
    "picked": false
   },
   "geometry": {
    "type": "Point",
    "coordinates": [
     139.77204,
     35.701331
    ]
   }
  },
  {
   "type": "Feature",
   "properties": {
    "id": "osm-way-1210044950",
    "osmType": "way",
    "osmId": 1210044950,
    "name": "證誠寺",
    "nameEn": null,
    "family": "worship",
    "kind": "templeRoof",
    "wikidata": "Q59208902",
    "lon": 139.735535,
    "lat": 35.638551,
    "x": -2797.1,
    "z": 4744.9,
    "distance": 543,
    "station": 25,
    "stationName": "Takanawa Gateway",
    "fromStation": 569,
    "picked": false
   },
   "geometry": {
    "type": "Point",
    "coordinates": [
     139.735535,
     35.638551
    ]
   }
  },
  {
   "type": "Feature",
   "properties": {
    "id": "osm-way-1210200186",
    "osmType": "way",
    "osmId": 1210200186,
    "name": "廣岳院",
    "nameEn": null,
    "family": "worship",
    "kind": "templeRoof",
    "wikidata": "Q11484400",
    "lon": 139.733266,
    "lat": 35.638221,
    "x": -3002.5,
    "z": 4782.1,
    "distance": 723,
    "station": 25,
    "stationName": "Takanawa Gateway",
    "fromStation": 726,
    "picked": false
   },
   "geometry": {
    "type": "Point",
    "coordinates": [
     139.733266,
     35.638221
    ]
   }
  },
  {
   "type": "Feature",
   "properties": {
    "id": "osm-way-1214278316",
    "osmType": "way",
    "osmId": 1214278316,
    "name": "蔵稲荷大明神",
    "nameEn": "Kurainaridaimyojin Shrine",
    "family": "worship",
    "kind": "templeRoof",
    "wikidata": "Q122983252",
    "lon": 139.746567,
    "lat": 35.652813,
    "x": -1801.9,
    "z": 3160.2,
    "distance": 725,
    "station": 26,
    "stationName": "Tamachi",
    "fromStation": 790,
    "picked": false
   },
   "geometry": {
    "type": "Point",
    "coordinates": [
     139.746567,
     35.652813
    ]
   }
  },
  {
   "type": "Feature",
   "properties": {
    "id": "osm-way-1214278319",
    "osmType": "way",
    "osmId": 1214278319,
    "name": "柳神社",
    "nameEn": "Yanagi Shrine",
    "family": "worship",
    "kind": "templeRoof",
    "wikidata": "Q113385781",
    "lon": 139.746011,
    "lat": 35.652803,
    "x": -1852.3,
    "z": 3161.5,
    "distance": 749,
    "station": 26,
    "stationName": "Tamachi",
    "fromStation": 796,
    "picked": false
   },
   "geometry": {
    "type": "Point",
    "coordinates": [
     139.746011,
     35.652803
    ]
   }
  },
  {
   "type": "Feature",
   "properties": {
    "id": "osm-way-1282822210",
    "osmType": "way",
    "osmId": 1282822210,
    "name": "一の橋公園",
    "nameEn": null,
    "family": "park",
    "kind": "forestMass",
    "wikidata": "Q11352269",
    "lon": 139.737931,
    "lat": 35.655701,
    "x": -2584.7,
    "z": 2841.8,
    "distance": 1400,
    "station": 26,
    "stationName": "Tamachi",
    "fromStation": 1413,
    "picked": false
   },
   "geometry": {
    "type": "Point",
    "coordinates": [
     139.737931,
     35.655701
    ]
   }
  },
  {
   "type": "Feature",
   "properties": {
    "id": "osm-way-1307864371",
    "osmType": "way",
    "osmId": 1307864371,
    "name": "宝塔寺",
    "nameEn": null,
    "family": "worship",
    "kind": "templeRoof",
    "wikidata": "Q97164942",
    "lon": 139.727043,
    "lat": 35.628495,
    "x": -3563.6,
    "z": 5862.4,
    "distance": 387,
    "station": 22,
    "stationName": "Gotanda",
    "fromStation": 390,
    "picked": false
   },
   "geometry": {
    "type": "Point",
    "coordinates": [
     139.727043,
     35.628495
    ]
   }
  },
  {
   "type": "Feature",
   "properties": {
    "id": "osm-way-1307988722",
    "osmType": "way",
    "osmId": 1307988722,
    "name": "来福寺",
    "nameEn": null,
    "family": "worship",
    "kind": "templeRoof",
    "wikidata": "Q97341883",
    "lon": 139.737865,
    "lat": 35.601538,
    "x": -2576.2,
    "z": 8850.8,
    "distance": 1749,
    "station": 23,
    "stationName": "Osaki",
    "fromStation": 2159,
    "picked": false
   },
   "geometry": {
    "type": "Point",
    "coordinates": [
     139.737865,
     35.601538
    ]
   }
  },
  {
   "type": "Feature",
   "properties": {
    "id": "osm-way-1322002409",
    "osmType": "way",
    "osmId": 1322002409,
    "name": "新宿御苑ミュージアム",
    "nameEn": "Shinjuku Gyoen Museum",
    "family": "museum",
    "kind": "museumFacade",
    "wikidata": null,
    "lon": 139.712785,
    "lat": 35.686064,
    "x": -4868.9,
    "z": -521.5,
    "distance": 1000,
    "station": 17,
    "stationName": "Yoyogi",
    "fromStation": 1001,
    "picked": false
   },
   "geometry": {
    "type": "Point",
    "coordinates": [
     139.712785,
     35.686064
    ]
   }
  },
  {
   "type": "Feature",
   "properties": {
    "id": "osm-way-1337713345",
    "osmType": "way",
    "osmId": 1337713345,
    "name": "高山稲荷神社",
    "nameEn": null,
    "family": "worship",
    "kind": "templeRoof",
    "wikidata": "Q107410076",
    "lon": 139.733113,
    "lat": 35.627283,
    "x": -3013.5,
    "z": 5995.5,
    "distance": 482,
    "station": 24,
    "stationName": "Shinagawa",
    "fromStation": 498,
    "picked": true
   },
   "geometry": {
    "type": "Point",
    "coordinates": [
     139.733113,
     35.627283
    ]
   }
  },
  {
   "type": "Feature",
   "properties": {
    "id": "osm-way-1347108107",
    "osmType": "way",
    "osmId": 1347108107,
    "name": "西福寺",
    "nameEn": "Saifukuji Temple",
    "family": "worship",
    "kind": "templeRoof",
    "wikidata": "Q97478998",
    "lon": 139.742534,
    "lat": 35.738713,
    "x": -2190.7,
    "z": -6368.8,
    "distance": 406,
    "station": 9,
    "stationName": "Komagome",
    "fromStation": 490,
    "picked": false
   },
   "geometry": {
    "type": "Point",
    "coordinates": [
     139.742534,
     35.738713
    ]
   }
  },
  {
   "type": "Feature",
   "properties": {
    "id": "osm-way-1347108119",
    "osmType": "way",
    "osmId": 1347108119,
    "name": "大國神社",
    "nameEn": "Daikoku Shrine",
    "family": "worship",
    "kind": "templeRoof",
    "wikidata": "Q97478942",
    "lon": 139.74635,
    "lat": 35.736454,
    "x": -1844.9,
    "z": -6119,
    "distance": 27,
    "station": 9,
    "stationName": "Komagome",
    "fromStation": 83,
    "picked": true
   },
   "geometry": {
    "type": "Point",
    "coordinates": [
     139.74635,
     35.736454
    ]
   }
  },
  {
   "type": "Feature",
   "properties": {
    "id": "osm-way-1347122872",
    "osmType": "way",
    "osmId": 1347122872,
    "name": "東洋文庫ミュージアム",
    "nameEn": "Toyo Bunko Museum",
    "family": "museum",
    "kind": "museumFacade",
    "wikidata": null,
    "lon": 139.748711,
    "lat": 35.731246,
    "x": -1629.9,
    "z": -5541.7,
    "distance": 586,
    "station": 9,
    "stationName": "Komagome",
    "fromStation": 604,
    "picked": false
   },
   "geometry": {
    "type": "Point",
    "coordinates": [
     139.748711,
     35.731246
    ]
   }
  },
  {
   "type": "Feature",
   "properties": {
    "id": "osm-way-1347122876",
    "osmType": "way",
    "osmId": 1347122876,
    "name": "江岸寺",
    "nameEn": "Kohgan-ji Temple",
    "family": "worship",
    "kind": "templeRoof",
    "wikidata": "Q106836749",
    "lon": 139.750183,
    "lat": 35.729932,
    "x": -1496.3,
    "z": -5396.3,
    "distance": 776,
    "station": 9,
    "stationName": "Komagome",
    "fromStation": 781,
    "picked": false
   },
   "geometry": {
    "type": "Point",
    "coordinates": [
     139.750183,
     35.729932
    ]
   }
  },
  {
   "type": "Feature",
   "properties": {
    "id": "osm-way-1347122877",
    "osmType": "way",
    "osmId": 1347122877,
    "name": "天然寺",
    "nameEn": "Tennen-ji Temple",
    "family": "worship",
    "kind": "templeRoof",
    "wikidata": "Q106836750",
    "lon": 139.750744,
    "lat": 35.729724,
    "x": -1445.5,
    "z": -5373.4,
    "distance": 819,
    "station": 9,
    "stationName": "Komagome",
    "fromStation": 821,
    "picked": false
   },
   "geometry": {
    "type": "Point",
    "coordinates": [
     139.750744,
     35.729724
    ]
   }
  },
  {
   "type": "Feature",
   "properties": {
    "id": "osm-way-1347122878",
    "osmType": "way",
    "osmId": 1347122878,
    "name": "圓通寺",
    "nameEn": "Entsuu-ji Temple",
    "family": "worship",
    "kind": "templeRoof",
    "wikidata": "Q112328191",
    "lon": 139.750869,
    "lat": 35.728812,
    "x": -1434,
    "z": -5272.2,
    "distance": 914,
    "station": 9,
    "stationName": "Komagome",
    "fromStation": 919,
    "picked": false
   },
   "geometry": {
    "type": "Point",
    "coordinates": [
     139.750869,
     35.728812
    ]
   }
  },
  {
   "type": "Feature",
   "properties": {
    "id": "osm-way-1347122879",
    "osmType": "way",
    "osmId": 1347122879,
    "name": "長源寺",
    "nameEn": "Chohgen-ji Temple",
    "family": "worship",
    "kind": "templeRoof",
    "wikidata": "Q106836751",
    "lon": 139.750834,
    "lat": 35.729298,
    "x": -1437.2,
    "z": -5326.2,
    "distance": 865,
    "station": 9,
    "stationName": "Komagome",
    "fromStation": 868,
    "picked": false
   },
   "geometry": {
    "type": "Point",
    "coordinates": [
     139.750834,
     35.729298
    ]
   }
  },
  {
   "type": "Feature",
   "properties": {
    "id": "osm-way-1347122880",
    "osmType": "way",
    "osmId": 1347122880,
    "name": "教元寺",
    "nameEn": "Kyohgen-ji",
    "family": "worship",
    "kind": "templeRoof",
    "wikidata": "Q112327984",
    "lon": 139.751314,
    "lat": 35.729214,
    "x": -1393.8,
    "z": -5316.9,
    "distance": 893,
    "station": 9,
    "stationName": "Komagome",
    "fromStation": 894,
    "picked": false
   },
   "geometry": {
    "type": "Point",
    "coordinates": [
     139.751314,
     35.729214
    ]
   }
  },
  {
   "type": "Feature",
   "properties": {
    "id": "osm-way-1347122881",
    "osmType": "way",
    "osmId": 1347122881,
    "name": "大運寺",
    "nameEn": "Daiun-ji",
    "family": "worship",
    "kind": "templeRoof",
    "wikidata": "Q106836753",
    "lon": 139.751362,
    "lat": 35.72861,
    "x": -1389.3,
    "z": -5249.9,
    "distance": 955,
    "station": 9,
    "stationName": "Komagome",
    "fromStation": 957,
    "picked": false
   },
   "geometry": {
    "type": "Point",
    "coordinates": [
     139.751362,
     35.72861
    ]
   }
  },
  {
   "type": "Feature",
   "properties": {
    "id": "osm-way-1347264653",
    "osmType": "way",
    "osmId": 1347264653,
    "name": "勝林寺",
    "nameEn": null,
    "family": "worship",
    "kind": "templeRoof",
    "wikidata": "Q97478936",
    "lon": 139.738028,
    "lat": 35.740499,
    "x": -2598.7,
    "z": -6566,
    "distance": 766,
    "station": 10,
    "stationName": "Sugamo",
    "fromStation": 803,
    "picked": false
   },
   "geometry": {
    "type": "Point",
    "coordinates": [
     139.738028,
     35.740499
    ]
   }
  },
  {
   "type": "Feature",
   "properties": {
    "id": "osm-way-1347559499",
    "osmType": "way",
    "osmId": 1347559499,
    "name": "港区立郷土歴史館",
    "nameEn": "Minato City Local History Museum",
    "family": "museum",
    "kind": "museumFacade",
    "wikidata": "Q115212362",
    "lon": 139.726499,
    "lat": 35.639067,
    "x": -3615.6,
    "z": 4689.6,
    "distance": 1062,
    "station": 21,
    "stationName": "Meguro",
    "fromStation": 1117,
    "picked": false
   },
   "geometry": {
    "type": "Point",
    "coordinates": [
     139.726499,
     35.639067
    ]
   }
  },
  {
   "type": "Feature",
   "properties": {
    "id": "osm-way-1350866560",
    "osmType": "way",
    "osmId": 1350866560,
    "name": "蓮華寺",
    "nameEn": null,
    "family": "worship",
    "kind": "templeRoof",
    "wikidata": "Q97478994",
    "lon": 139.738262,
    "lat": 35.740059,
    "x": -2577.4,
    "z": -6517.2,
    "distance": 713,
    "station": 10,
    "stationName": "Sugamo",
    "fromStation": 751,
    "picked": false
   },
   "geometry": {
    "type": "Point",
    "coordinates": [
     139.738262,
     35.740059
    ]
   }
  },
  {
   "type": "Feature",
   "properties": {
    "id": "osm-way-1350866562",
    "osmType": "way",
    "osmId": 1350866562,
    "name": "専修院",
    "nameEn": null,
    "family": "worship",
    "kind": "templeRoof",
    "wikidata": "Q106836813",
    "lon": 139.738512,
    "lat": 35.739708,
    "x": -2554.8,
    "z": -6478.3,
    "distance": 668,
    "station": 10,
    "stationName": "Sugamo",
    "fromStation": 710,
    "picked": false
   },
   "geometry": {
    "type": "Point",
    "coordinates": [
     139.738512,
     35.739708
    ]
   }
  },
  {
   "type": "Feature",
   "properties": {
    "id": "osm-way-1351546007",
    "osmType": "way",
    "osmId": 1351546007,
    "name": "護国院",
    "nameEn": "Gokokuin",
    "family": "worship",
    "kind": "templeRoof",
    "wikidata": "Q11632506",
    "lon": 139.769984,
    "lat": 35.719317,
    "x": 298.1,
    "z": -4223.4,
    "distance": 706,
    "station": 5,
    "stationName": "Uguisudani",
    "fromStation": 764,
    "picked": false
   },
   "geometry": {
    "type": "Point",
    "coordinates": [
     139.769984,
     35.719317
    ]
   }
  },
  {
   "type": "Feature",
   "properties": {
    "id": "osm-way-1352871353",
    "osmType": "way",
    "osmId": 1352871353,
    "name": "日枝神社",
    "nameEn": null,
    "family": "worship",
    "kind": "templeRoof",
    "wikidata": "Q97478963",
    "lon": 139.748891,
    "lat": 35.736562,
    "x": -1615.1,
    "z": -6131.6,
    "distance": 66,
    "station": 9,
    "stationName": "Komagome",
    "fromStation": 148,
    "picked": false
   },
   "geometry": {
    "type": "Point",
    "coordinates": [
     139.748891,
     35.736562
    ]
   }
  },
  {
   "type": "Feature",
   "properties": {
    "id": "osm-way-1363044186",
    "osmType": "way",
    "osmId": 1363044186,
    "name": "南谷寺",
    "nameEn": "Nankoku-ji",
    "family": "worship",
    "kind": "templeRoof",
    "wikidata": "Q11408449",
    "lon": 139.753013,
    "lat": 35.726225,
    "x": -1239.3,
    "z": -4985.7,
    "distance": 1258,
    "station": 9,
    "stationName": "Komagome",
    "fromStation": 1259,
    "picked": false
   },
   "geometry": {
    "type": "Point",
    "coordinates": [
     139.753013,
     35.726225
    ]
   }
  },
  {
   "type": "Feature",
   "properties": {
    "id": "osm-way-1367250759",
    "osmType": "way",
    "osmId": 1367250759,
    "name": "天王寺",
    "nameEn": "Tennoji",
    "family": "worship",
    "kind": "templeRoof",
    "wikidata": "Q17218754",
    "lon": 139.771423,
    "lat": 35.726616,
    "x": 426.1,
    "z": -5033.6,
    "distance": 38,
    "station": 6,
    "stationName": "Nippori",
    "fromStation": 176,
    "picked": false
   },
   "geometry": {
    "type": "Point",
    "coordinates": [
     139.771423,
     35.726616
    ]
   }
  },
  {
   "type": "Feature",
   "properties": {
    "id": "osm-way-1370328619",
    "osmType": "way",
    "osmId": 1370328619,
    "name": "大行寺",
    "nameEn": "Daigyoji",
    "family": "worship",
    "kind": "templeRoof",
    "wikidata": "Q30932597",
    "lon": 139.769478,
    "lat": 35.721218,
    "x": 251.8,
    "z": -4434.3,
    "distance": 602,
    "station": 6,
    "stationName": "Nippori",
    "fromStation": 754,
    "picked": false
   },
   "geometry": {
    "type": "Point",
    "coordinates": [
     139.769478,
     35.721218
    ]
   }
  },
  {
   "type": "Feature",
   "properties": {
    "id": "osm-way-1375876141",
    "osmType": "way",
    "osmId": 1375876141,
    "name": "八芳園",
    "nameEn": "Happo Gardens",
    "family": "park",
    "kind": "forestMass",
    "wikidata": "Q11391730",
    "lon": 139.729602,
    "lat": 35.638621,
    "x": -3334.4,
    "z": 4738.4,
    "distance": 1051,
    "station": 25,
    "stationName": "Takanawa Gateway",
    "fromStation": 1051,
    "picked": false
   },
   "geometry": {
    "type": "Point",
    "coordinates": [
     139.729602,
     35.638621
    ]
   }
  },
  {
   "type": "Feature",
   "properties": {
    "id": "osm-way-1427012612",
    "osmType": "way",
    "osmId": 1427012612,
    "name": "高野山東京別院",
    "nameEn": "Koyasan Tokyo Betsuin",
    "family": "worship",
    "kind": "templeRoof",
    "wikidata": "Q6435146",
    "lon": 139.733694,
    "lat": 35.634847,
    "x": -2962.9,
    "z": 5156.3,
    "distance": 573,
    "station": 25,
    "stationName": "Takanawa Gateway",
    "fromStation": 622,
    "picked": false
   },
   "geometry": {
    "type": "Point",
    "coordinates": [
     139.733694,
     35.634847
    ]
   }
  },
  {
   "type": "Feature",
   "properties": {
    "id": "osm-way-1428873017",
    "osmType": "way",
    "osmId": 1428873017,
    "name": "加藤真咲の屋外レトロコレクション博物館",
    "nameEn": "Masae Kato's Retro Collection Outdoor Museum",
    "family": "museum",
    "kind": "museumFacade",
    "wikidata": null,
    "lon": 139.706706,
    "lat": 35.741593,
    "x": -5432.1,
    "z": -6680.9,
    "distance": 1064,
    "station": 12,
    "stationName": "Ikebukuro",
    "fromStation": 1317,
    "picked": false
   },
   "geometry": {
    "type": "Point",
    "coordinates": [
     139.706706,
     35.741593
    ]
   }
  },
  {
   "type": "Feature",
   "properties": {
    "id": "osm-way-1434671683",
    "osmType": "way",
    "osmId": 1434671683,
    "name": "C11 292",
    "nameEn": null,
    "family": "historic",
    "kind": "museumFacade",
    "wikidata": null,
    "lon": 139.757392,
    "lat": 35.667102,
    "x": -825.9,
    "z": 1572.5,
    "distance": 53,
    "station": 28,
    "stationName": "Shimbashi",
    "fromStation": 122,
    "picked": false
   },
   "geometry": {
    "type": "Point",
    "coordinates": [
     139.757392,
     35.667102
    ]
   }
  },
  {
   "type": "Feature",
   "properties": {
    "id": "osm-way-1482037983",
    "osmType": "way",
    "osmId": 1482037983,
    "name": "厳有院霊廟水盤舎",
    "nameEn": "Water Basin Pavilion of the Gen’yū‑in Mausoleum",
    "family": "historic",
    "kind": "museumFacade",
    "wikidata": "Q11410144",
    "lon": 139.777786,
    "lat": 35.720575,
    "x": 1003.6,
    "z": -4365,
    "distance": 86,
    "station": 5,
    "stationName": "Uguisudani",
    "fromStation": 125,
    "picked": true
   },
   "geometry": {
    "type": "Point",
    "coordinates": [
     139.777786,
     35.720575
    ]
   }
  },
  {
   "type": "Feature",
   "properties": {
    "id": "osm-way-1484195152",
    "osmType": "way",
    "osmId": 1484195152,
    "name": "萬隆寺",
    "nameEn": null,
    "family": "worship",
    "kind": "templeRoof",
    "wikidata": "Q112628269",
    "lon": 139.791995,
    "lat": 35.716622,
    "x": 2290.4,
    "z": -3930.2,
    "distance": 1132,
    "station": 5,
    "stationName": "Uguisudani",
    "fromStation": 1394,
    "picked": false
   },
   "geometry": {
    "type": "Point",
    "coordinates": [
     139.791995,
     35.716622
    ]
   }
  },
  {
   "type": "Feature",
   "properties": {
    "id": "osm-way-1486519713",
    "osmType": "way",
    "osmId": 1486519713,
    "name": "御成門",
    "nameEn": "Onarimon Gate",
    "family": "historic",
    "kind": "museumFacade",
    "wikidata": "Q10856360",
    "lon": 139.749897,
    "lat": 35.659528,
    "x": -1502.3,
    "z": 2414.5,
    "distance": 734,
    "station": 27,
    "stationName": "Hamamatsucho",
    "fromStation": 811,
    "picked": false
   },
   "geometry": {
    "type": "Point",
    "coordinates": [
     139.749897,
     35.659528
    ]
   }
  },
  {
   "type": "Feature",
   "properties": {
    "id": "osm-way-1497864736",
    "osmType": "way",
    "osmId": 1497864736,
    "name": "萬徳寺",
    "nameEn": null,
    "family": "worship",
    "kind": "templeRoof",
    "wikidata": "Q106690184",
    "lon": 139.786329,
    "lat": 35.725603,
    "x": 1774.9,
    "z": -4925,
    "distance": 867,
    "station": 5,
    "stationName": "Uguisudani",
    "fromStation": 877,
    "picked": false
   },
   "geometry": {
    "type": "Point",
    "coordinates": [
     139.786329,
     35.725603
    ]
   }
  },
  {
   "type": "Feature",
   "properties": {
    "id": "osm-way-1517367127",
    "osmType": "way",
    "osmId": 1517367127,
    "name": "萬栄寺",
    "nameEn": null,
    "family": "worship",
    "kind": "templeRoof",
    "wikidata": "Q106665687",
    "lon": 139.757742,
    "lat": 35.738369,
    "x": -815,
    "z": -6334.2,
    "distance": 177,
    "station": 8,
    "stationName": "Tabata",
    "fromStation": 374,
    "picked": false
   },
   "geometry": {
    "type": "Point",
    "coordinates": [
     139.757742,
     35.738369
    ]
   }
  },
  {
   "type": "Feature",
   "properties": {
    "id": "osm-way-1537640345",
    "osmType": "way",
    "osmId": 1537640345,
    "name": "我善坊横川省三記念公園",
    "nameEn": "Gazenbo Yokogawa Shozo Memorial Park",
    "family": "park",
    "kind": "forestMass",
    "wikidata": "Q140692549",
    "lon": 139.739678,
    "lat": 35.662183,
    "x": -2428.3,
    "z": 2122.2,
    "distance": 1699,
    "station": 28,
    "stationName": "Shimbashi",
    "fromStation": 1724,
    "picked": false
   },
   "geometry": {
    "type": "Point",
    "coordinates": [
     139.739678,
     35.662183
    ]
   }
  },
  {
   "type": "Feature",
   "properties": {
    "id": "osm-relation-2034771",
    "osmType": "relation",
    "osmId": 2034771,
    "name": "御所",
    "nameEn": "Gosho",
    "family": "historic",
    "kind": "museumFacade",
    "wikidata": "Q11489051",
    "lon": 139.748276,
    "lat": 35.684348,
    "x": -1656.1,
    "z": -338.7,
    "distance": 1675,
    "station": 0,
    "stationName": "Tokyo",
    "fromStation": 1690,
    "picked": false
   },
   "geometry": {
    "type": "Point",
    "coordinates": [
     139.748276,
     35.684348
    ]
   }
  },
  {
   "type": "Feature",
   "properties": {
    "id": "osm-relation-2737745",
    "osmType": "relation",
    "osmId": 2737745,
    "name": "本館",
    "nameEn": "Honkan (Japanese Gallery)",
    "family": "museum",
    "kind": "museumFacade",
    "wikidata": null,
    "lon": 139.776494,
    "lat": 35.718913,
    "x": 887.3,
    "z": -4180.3,
    "distance": 291,
    "station": 5,
    "stationName": "Uguisudani",
    "fromStation": 334,
    "picked": false
   },
   "geometry": {
    "type": "Point",
    "coordinates": [
     139.776494,
     35.718913
    ]
   }
  },
  {
   "type": "Feature",
   "properties": {
    "id": "osm-relation-3551852",
    "osmType": "relation",
    "osmId": 3551852,
    "name": "皇居外苑",
    "nameEn": "Kokyo Gaien National Garden",
    "family": "park",
    "kind": "forestMass",
    "wikidata": "Q844963",
    "lon": 139.75795,
    "lat": 35.67996,
    "x": -779.1,
    "z": 145.8,
    "distance": 718,
    "station": 29,
    "stationName": "Yurakucho",
    "fromStation": 720,
    "picked": false
   },
   "geometry": {
    "type": "Point",
    "coordinates": [
     139.75795,
     35.67996
    ]
   }
  },
  {
   "type": "Feature",
   "properties": {
    "id": "osm-relation-4080936",
    "osmType": "relation",
    "osmId": 4080936,
    "name": "ニコライ堂",
    "nameEn": "Holy Resurrection Cathedral (Nikolai-do)",
    "family": "worship",
    "kind": "templeRoof",
    "wikidata": "Q2660430",
    "lon": 139.765487,
    "lat": 35.698016,
    "x": -102.4,
    "z": -1859.1,
    "distance": 673,
    "station": 2,
    "stationName": "Akihabara",
    "fromStation": 682,
    "picked": false
   },
   "geometry": {
    "type": "Point",
    "coordinates": [
     139.765487,
     35.698016
    ]
   }
  },
  {
   "type": "Feature",
   "properties": {
    "id": "osm-relation-4671380",
    "osmType": "relation",
    "osmId": 4671380,
    "name": "おとめ山公園",
    "nameEn": "Otomeyama Park",
    "family": "park",
    "kind": "forestMass",
    "wikidata": "Q11261964",
    "lon": 139.701967,
    "lat": 35.718184,
    "x": -5855.3,
    "z": -4082.9,
    "distance": 309,
    "station": 13,
    "stationName": "Mejiro",
    "fromStation": 529,
    "picked": true
   },
   "geometry": {
    "type": "Point",
    "coordinates": [
     139.701967,
     35.718184
    ]
   }
  },
  {
   "type": "Feature",
   "properties": {
    "id": "osm-relation-5413419",
    "osmType": "relation",
    "osmId": 5413419,
    "name": "上野公園",
    "nameEn": "Ueno Zoological Gardens",
    "family": "park",
    "kind": "forestMass",
    "wikidata": "Q746216",
    "lon": 139.773267,
    "lat": 35.715309,
    "x": 596.4,
    "z": -3779.6,
    "distance": 316,
    "station": 4,
    "stationName": "Ueno",
    "fromStation": 318,
    "picked": true
   },
   "geometry": {
    "type": "Point",
    "coordinates": [
     139.773267,
     35.715309
    ]
   }
  },
  {
   "type": "Feature",
   "properties": {
    "id": "osm-relation-5415394",
    "osmType": "relation",
    "osmId": 5415394,
    "name": "皇居東御苑",
    "nameEn": "Imperial Palace East Gardens",
    "family": "park",
    "kind": "forestMass",
    "wikidata": "Q6631907",
    "lon": 139.757188,
    "lat": 35.686472,
    "x": -850,
    "z": -576.4,
    "distance": 994,
    "station": 0,
    "stationName": "Tokyo",
    "fromStation": 1027,
    "picked": false
   },
   "geometry": {
    "type": "Point",
    "coordinates": [
     139.757188,
     35.686472
    ]
   }
  },
  {
   "type": "Feature",
   "properties": {
    "id": "osm-relation-7676266",
    "osmType": "relation",
    "osmId": 7676266,
    "name": "皇居",
    "nameEn": "Tokyo Imperial Palace",
    "family": "historic",
    "kind": "museumFacade",
    "wikidata": "Q500681",
    "lon": 139.750832,
    "lat": 35.683856,
    "x": -1424.5,
    "z": -284.7,
    "distance": 1446,
    "station": 0,
    "stationName": "Tokyo",
    "fromStation": 1453,
    "picked": false
   },
   "geometry": {
    "type": "Point",
    "coordinates": [
     139.750832,
     35.683856
    ]
   }
  },
  {
   "type": "Feature",
   "properties": {
    "id": "osm-relation-7733405",
    "osmType": "relation",
    "osmId": 7733405,
    "name": "築地川公園",
    "nameEn": "Tsukijigawa park",
    "family": "park",
    "kind": "forestMass",
    "wikidata": "Q42311533",
    "lon": 139.774276,
    "lat": 35.667451,
    "x": 702.5,
    "z": 1529.7,
    "distance": 1306,
    "station": 29,
    "stationName": "Yurakucho",
    "fromStation": 1316,
    "picked": false
   },
   "geometry": {
    "type": "Point",
    "coordinates": [
     139.774276,
     35.667451
    ]
   }
  },
  {
   "type": "Feature",
   "properties": {
    "id": "osm-relation-7826097",
    "osmType": "relation",
    "osmId": 7826097,
    "name": "旧新橋停車場",
    "nameEn": "Old Shimbashi Station",
    "family": "historic",
    "kind": "museumFacade",
    "wikidata": "Q7497865",
    "lon": 139.761469,
    "lat": 35.665913,
    "x": -456.4,
    "z": 1703.5,
    "distance": 298,
    "station": 28,
    "stationName": "Shimbashi",
    "fromStation": 307,
    "picked": true
   },
   "geometry": {
    "type": "Point",
    "coordinates": [
     139.761469,
     35.665913
    ]
   }
  },
  {
   "type": "Feature",
   "properties": {
    "id": "osm-relation-7985865",
    "osmType": "relation",
    "osmId": 7985865,
    "name": "自性院",
    "nameEn": "Jishoin Temple",
    "family": "worship",
    "kind": "templeRoof",
    "wikidata": "Q106836952",
    "lon": 139.769218,
    "lat": 35.72184,
    "x": 228.1,
    "z": -4503.2,
    "distance": 573,
    "station": 6,
    "stationName": "Nippori",
    "fromStation": 688,
    "picked": false
   },
   "geometry": {
    "type": "Point",
    "coordinates": [
     139.769218,
     35.72184
    ]
   }
  },
  {
   "type": "Feature",
   "properties": {
    "id": "osm-relation-7985870",
    "osmType": "relation",
    "osmId": 7985870,
    "name": "総持院",
    "nameEn": "Sojiin Temple",
    "family": "worship",
    "kind": "templeRoof",
    "wikidata": "Q106836953",
    "lon": 139.769755,
    "lat": 35.722905,
    "x": 276.3,
    "z": -4621.5,
    "distance": 453,
    "station": 6,
    "stationName": "Nippori",
    "fromStation": 565,
    "picked": false
   },
   "geometry": {
    "type": "Point",
    "coordinates": [
     139.769755,
     35.722905
    ]
   }
  },
  {
   "type": "Feature",
   "properties": {
    "id": "osm-relation-7985876",
    "osmType": "relation",
    "osmId": 7985876,
    "name": "大泉寺",
    "nameEn": "Daisenji Temple",
    "family": "worship",
    "kind": "templeRoof",
    "wikidata": "Q111746064",
    "lon": 139.769149,
    "lat": 35.722089,
    "x": 221.8,
    "z": -4530.8,
    "distance": 558,
    "station": 6,
    "stationName": "Nippori",
    "fromStation": 662,
    "picked": false
   },
   "geometry": {
    "type": "Point",
    "coordinates": [
     139.769149,
     35.722089
    ]
   }
  },
  {
   "type": "Feature",
   "properties": {
    "id": "osm-relation-7985877",
    "osmType": "relation",
    "osmId": 7985877,
    "name": "長久院",
    "nameEn": "Chokyuin Temple",
    "family": "worship",
    "kind": "templeRoof",
    "wikidata": "Q106674717",
    "lon": 139.769153,
    "lat": 35.722439,
    "x": 222,
    "z": -4569.6,
    "distance": 527,
    "station": 6,
    "stationName": "Nippori",
    "fromStation": 624,
    "picked": false
   },
   "geometry": {
    "type": "Point",
    "coordinates": [
     139.769153,
     35.722439
    ]
   }
  },
  {
   "type": "Feature",
   "properties": {
    "id": "osm-relation-7985879",
    "osmType": "relation",
    "osmId": 7985879,
    "name": "妙雲寺",
    "nameEn": "Myounji Temple",
    "family": "worship",
    "kind": "templeRoof",
    "wikidata": "Q30932652",
    "lon": 139.769966,
    "lat": 35.722333,
    "x": 295.6,
    "z": -4558.1,
    "distance": 486,
    "station": 6,
    "stationName": "Nippori",
    "fromStation": 627,
    "picked": false
   },
   "geometry": {
    "type": "Point",
    "coordinates": [
     139.769966,
     35.722333
    ]
   }
  },
  {
   "type": "Feature",
   "properties": {
    "id": "osm-relation-7985880",
    "osmType": "relation",
    "osmId": 7985880,
    "name": "多宝院",
    "nameEn": "Tahoin Temple",
    "family": "worship",
    "kind": "templeRoof",
    "wikidata": "Q106427747",
    "lon": 139.769667,
    "lat": 35.722661,
    "x": 268.5,
    "z": -4594.4,
    "distance": 479,
    "station": 6,
    "stationName": "Nippori",
    "fromStation": 593,
    "picked": false
   },
   "geometry": {
    "type": "Point",
    "coordinates": [
     139.769667,
     35.722661
    ]
   }
  },
  {
   "type": "Feature",
   "properties": {
    "id": "osm-relation-8048114",
    "osmType": "relation",
    "osmId": 8048114,
    "name": "明治生命館",
    "nameEn": "Meiji Mutual Life Insurance Building",
    "family": "historic",
    "kind": "museumFacade",
    "wikidata": "Q3023897",
    "lon": 139.761622,
    "lat": 35.678989,
    "x": -446.5,
    "z": 252.7,
    "distance": 369,
    "station": 29,
    "stationName": "Yurakucho",
    "fromStation": 463,
    "picked": true
   },
   "geometry": {
    "type": "Point",
    "coordinates": [
     139.761622,
     35.678989
    ]
   }
  },
  {
   "type": "Feature",
   "properties": {
    "id": "osm-relation-9691941",
    "osmType": "relation",
    "osmId": 9691941,
    "name": "目黒天空庭園",
    "nameEn": "Meguro Sky Garden",
    "family": "park",
    "kind": "forestMass",
    "wikidata": "Q11581649",
    "lon": 139.687588,
    "lat": 35.650995,
    "x": -7142.1,
    "z": 3373.8,
    "distance": 1496,
    "station": 19,
    "stationName": "Shibuya",
    "fromStation": 1504,
    "picked": false
   },
   "geometry": {
    "type": "Point",
    "coordinates": [
     139.687588,
     35.650995
    ]
   }
  },
  {
   "type": "Feature",
   "properties": {
    "id": "osm-relation-13272644",
    "osmType": "relation",
    "osmId": 13272644,
    "name": "新宿中央公園",
    "nameEn": "Shinjuku Central Park",
    "family": "park",
    "kind": "forestMass",
    "wikidata": "Q5364883",
    "lon": 139.689386,
    "lat": 35.689127,
    "x": -6987.4,
    "z": -857,
    "distance": 976,
    "station": 16,
    "stationName": "Shinjuku",
    "fromStation": 991,
    "picked": true
   },
   "geometry": {
    "type": "Point",
    "coordinates": [
     139.689386,
     35.689127
    ]
   }
  },
  {
   "type": "Feature",
   "properties": {
    "id": "osm-relation-14100096",
    "osmType": "relation",
    "osmId": 14100096,
    "name": "亀塚公園",
    "nameEn": "Kamezuka Park",
    "family": "park",
    "kind": "forestMass",
    "wikidata": "Q458122",
    "lon": 139.740768,
    "lat": 35.643213,
    "x": -2324.4,
    "z": 4226.6,
    "distance": 243,
    "station": 26,
    "stationName": "Tamachi",
    "fromStation": 686,
    "picked": false
   },
   "geometry": {
    "type": "Point",
    "coordinates": [
     139.740768,
     35.643213
    ]
   }
  },
  {
   "type": "Feature",
   "properties": {
    "id": "osm-relation-18515981",
    "osmType": "relation",
    "osmId": 18515981,
    "name": "西光院無量寺",
    "nameEn": "Muryoji Temple",
    "family": "worship",
    "kind": "templeRoof",
    "wikidata": "Q21019705",
    "lon": 139.744557,
    "lat": 35.742874,
    "x": -2008.8,
    "z": -6830.9,
    "distance": 736,
    "station": 9,
    "stationName": "Komagome",
    "fromStation": 742,
    "picked": false
   },
   "geometry": {
    "type": "Point",
    "coordinates": [
     139.744557,
     35.742874
    ]
   }
  },
  {
   "type": "Feature",
   "properties": {
    "id": "osm-relation-18545344",
    "osmType": "relation",
    "osmId": 18545344,
    "name": "泰宗寺",
    "nameEn": null,
    "family": "worship",
    "kind": "templeRoof",
    "wikidata": "Q97478978",
    "lon": 139.738986,
    "lat": 35.73916,
    "x": -2511.7,
    "z": -6417.6,
    "distance": 594,
    "station": 10,
    "stationName": "Sugamo",
    "fromStation": 645,
    "picked": false
   },
   "geometry": {
    "type": "Point",
    "coordinates": [
     139.738986,
     35.73916
    ]
   }
  },
  {
   "type": "Feature",
   "properties": {
    "id": "osm-relation-19862716",
    "osmType": "relation",
    "osmId": 19862716,
    "name": "代々木公園",
    "nameEn": "Yoyogi Park",
    "family": "park",
    "kind": "forestMass",
    "wikidata": "Q1204253",
    "lon": 139.696308,
    "lat": 35.669975,
    "x": -6356.6,
    "z": 1266.6,
    "distance": 551,
    "station": 18,
    "stationName": "Harajuku",
    "fromStation": 558,
    "picked": true
   },
   "geometry": {
    "type": "Point",
    "coordinates": [
     139.696308,
     35.669975
    ]
   }
  }
 ]
}
